ARM GAS  C:\Users\Henry\AppData\Local\Temp\ccBvUH9e.s 			page 1


   1              		.syntax unified
   2              		.cpu cortex-m3
   3              		.fpu softvfp
   4              		.eabi_attribute 20, 1
   5              		.eabi_attribute 21, 1
   6              		.eabi_attribute 23, 3
   7              		.eabi_attribute 24, 1
   8              		.eabi_attribute 25, 1
   9              		.eabi_attribute 26, 1
  10              		.eabi_attribute 30, 1
  11              		.eabi_attribute 34, 1
  12              		.eabi_attribute 18, 4
  13              		.thumb
  14              		.syntax unified
  15              		.file	"Emisor.c"
  16              		.text
  17              	.Ltext0:
  18              		.cfi_sections	.debug_frame
  19              		.section	.text.Emisor_Init,"ax",%progbits
  20              		.align	2
  21              		.global	Emisor_Init
  22              		.thumb
  23              		.thumb_func
  24              		.type	Emisor_Init, %function
  25              	Emisor_Init:
  26              	.LFB1:
  27              		.file 1 "Generated_Source\\PSoC5\\Emisor.c"
   1:Generated_Source\PSoC5/Emisor.c **** /*******************************************************************************
   2:Generated_Source\PSoC5/Emisor.c **** * File Name: Emisor.c
   3:Generated_Source\PSoC5/Emisor.c **** * Version 2.50
   4:Generated_Source\PSoC5/Emisor.c **** *
   5:Generated_Source\PSoC5/Emisor.c **** * Description:
   6:Generated_Source\PSoC5/Emisor.c **** *  This file provides all API functionality of the UART component
   7:Generated_Source\PSoC5/Emisor.c **** *
   8:Generated_Source\PSoC5/Emisor.c **** * Note:
   9:Generated_Source\PSoC5/Emisor.c **** *
  10:Generated_Source\PSoC5/Emisor.c **** ********************************************************************************
  11:Generated_Source\PSoC5/Emisor.c **** * Copyright 2008-2015, Cypress Semiconductor Corporation.  All rights reserved.
  12:Generated_Source\PSoC5/Emisor.c **** * You may use this file only in accordance with the license, terms, conditions,
  13:Generated_Source\PSoC5/Emisor.c **** * disclaimers, and limitations in the end user license agreement accompanying
  14:Generated_Source\PSoC5/Emisor.c **** * the software package with which this file was provided.
  15:Generated_Source\PSoC5/Emisor.c **** *******************************************************************************/
  16:Generated_Source\PSoC5/Emisor.c **** 
  17:Generated_Source\PSoC5/Emisor.c **** #include "Emisor.h"
  18:Generated_Source\PSoC5/Emisor.c **** #if (Emisor_INTERNAL_CLOCK_USED)
  19:Generated_Source\PSoC5/Emisor.c ****     #include "Emisor_IntClock.h"
  20:Generated_Source\PSoC5/Emisor.c **** #endif /* End Emisor_INTERNAL_CLOCK_USED */
  21:Generated_Source\PSoC5/Emisor.c **** 
  22:Generated_Source\PSoC5/Emisor.c **** 
  23:Generated_Source\PSoC5/Emisor.c **** /***************************************
  24:Generated_Source\PSoC5/Emisor.c **** * Global data allocation
  25:Generated_Source\PSoC5/Emisor.c **** ***************************************/
  26:Generated_Source\PSoC5/Emisor.c **** 
  27:Generated_Source\PSoC5/Emisor.c **** uint8 Emisor_initVar = 0u;
  28:Generated_Source\PSoC5/Emisor.c **** 
  29:Generated_Source\PSoC5/Emisor.c **** #if (Emisor_TX_INTERRUPT_ENABLED && Emisor_TX_ENABLED)
  30:Generated_Source\PSoC5/Emisor.c ****     volatile uint8 Emisor_txBuffer[Emisor_TX_BUFFER_SIZE];
ARM GAS  C:\Users\Henry\AppData\Local\Temp\ccBvUH9e.s 			page 2


  31:Generated_Source\PSoC5/Emisor.c ****     volatile uint8 Emisor_txBufferRead = 0u;
  32:Generated_Source\PSoC5/Emisor.c ****     uint8 Emisor_txBufferWrite = 0u;
  33:Generated_Source\PSoC5/Emisor.c **** #endif /* (Emisor_TX_INTERRUPT_ENABLED && Emisor_TX_ENABLED) */
  34:Generated_Source\PSoC5/Emisor.c **** 
  35:Generated_Source\PSoC5/Emisor.c **** #if (Emisor_RX_INTERRUPT_ENABLED && (Emisor_RX_ENABLED || Emisor_HD_ENABLED))
  36:Generated_Source\PSoC5/Emisor.c ****     uint8 Emisor_errorStatus = 0u;
  37:Generated_Source\PSoC5/Emisor.c ****     volatile uint8 Emisor_rxBuffer[Emisor_RX_BUFFER_SIZE];
  38:Generated_Source\PSoC5/Emisor.c ****     volatile uint8 Emisor_rxBufferRead  = 0u;
  39:Generated_Source\PSoC5/Emisor.c ****     volatile uint8 Emisor_rxBufferWrite = 0u;
  40:Generated_Source\PSoC5/Emisor.c ****     volatile uint8 Emisor_rxBufferLoopDetect = 0u;
  41:Generated_Source\PSoC5/Emisor.c ****     volatile uint8 Emisor_rxBufferOverflow   = 0u;
  42:Generated_Source\PSoC5/Emisor.c ****     #if (Emisor_RXHW_ADDRESS_ENABLED)
  43:Generated_Source\PSoC5/Emisor.c ****         volatile uint8 Emisor_rxAddressMode = Emisor_RX_ADDRESS_MODE;
  44:Generated_Source\PSoC5/Emisor.c ****         volatile uint8 Emisor_rxAddressDetected = 0u;
  45:Generated_Source\PSoC5/Emisor.c ****     #endif /* (Emisor_RXHW_ADDRESS_ENABLED) */
  46:Generated_Source\PSoC5/Emisor.c **** #endif /* (Emisor_RX_INTERRUPT_ENABLED && (Emisor_RX_ENABLED || Emisor_HD_ENABLED)) */
  47:Generated_Source\PSoC5/Emisor.c **** 
  48:Generated_Source\PSoC5/Emisor.c **** 
  49:Generated_Source\PSoC5/Emisor.c **** /*******************************************************************************
  50:Generated_Source\PSoC5/Emisor.c **** * Function Name: Emisor_Start
  51:Generated_Source\PSoC5/Emisor.c **** ********************************************************************************
  52:Generated_Source\PSoC5/Emisor.c **** *
  53:Generated_Source\PSoC5/Emisor.c **** * Summary:
  54:Generated_Source\PSoC5/Emisor.c **** *  This is the preferred method to begin component operation.
  55:Generated_Source\PSoC5/Emisor.c **** *  Emisor_Start() sets the initVar variable, calls the
  56:Generated_Source\PSoC5/Emisor.c **** *  Emisor_Init() function, and then calls the
  57:Generated_Source\PSoC5/Emisor.c **** *  Emisor_Enable() function.
  58:Generated_Source\PSoC5/Emisor.c **** *
  59:Generated_Source\PSoC5/Emisor.c **** * Parameters:
  60:Generated_Source\PSoC5/Emisor.c **** *  None.
  61:Generated_Source\PSoC5/Emisor.c **** *
  62:Generated_Source\PSoC5/Emisor.c **** * Return:
  63:Generated_Source\PSoC5/Emisor.c **** *  None.
  64:Generated_Source\PSoC5/Emisor.c **** *
  65:Generated_Source\PSoC5/Emisor.c **** * Global variables:
  66:Generated_Source\PSoC5/Emisor.c **** *  The Emisor_intiVar variable is used to indicate initial
  67:Generated_Source\PSoC5/Emisor.c **** *  configuration of this component. The variable is initialized to zero (0u)
  68:Generated_Source\PSoC5/Emisor.c **** *  and set to one (1u) the first time Emisor_Start() is called. This
  69:Generated_Source\PSoC5/Emisor.c **** *  allows for component initialization without re-initialization in all
  70:Generated_Source\PSoC5/Emisor.c **** *  subsequent calls to the Emisor_Start() routine.
  71:Generated_Source\PSoC5/Emisor.c **** *
  72:Generated_Source\PSoC5/Emisor.c **** * Reentrant:
  73:Generated_Source\PSoC5/Emisor.c **** *  No.
  74:Generated_Source\PSoC5/Emisor.c **** *
  75:Generated_Source\PSoC5/Emisor.c **** *******************************************************************************/
  76:Generated_Source\PSoC5/Emisor.c **** void Emisor_Start(void) 
  77:Generated_Source\PSoC5/Emisor.c **** {
  78:Generated_Source\PSoC5/Emisor.c ****     /* If not initialized then initialize all required hardware and software */
  79:Generated_Source\PSoC5/Emisor.c ****     if(Emisor_initVar == 0u)
  80:Generated_Source\PSoC5/Emisor.c ****     {
  81:Generated_Source\PSoC5/Emisor.c ****         Emisor_Init();
  82:Generated_Source\PSoC5/Emisor.c ****         Emisor_initVar = 1u;
  83:Generated_Source\PSoC5/Emisor.c ****     }
  84:Generated_Source\PSoC5/Emisor.c **** 
  85:Generated_Source\PSoC5/Emisor.c ****     Emisor_Enable();
  86:Generated_Source\PSoC5/Emisor.c **** }
  87:Generated_Source\PSoC5/Emisor.c **** 
ARM GAS  C:\Users\Henry\AppData\Local\Temp\ccBvUH9e.s 			page 3


  88:Generated_Source\PSoC5/Emisor.c **** 
  89:Generated_Source\PSoC5/Emisor.c **** /*******************************************************************************
  90:Generated_Source\PSoC5/Emisor.c **** * Function Name: Emisor_Init
  91:Generated_Source\PSoC5/Emisor.c **** ********************************************************************************
  92:Generated_Source\PSoC5/Emisor.c **** *
  93:Generated_Source\PSoC5/Emisor.c **** * Summary:
  94:Generated_Source\PSoC5/Emisor.c **** *  Initializes or restores the component according to the customizer Configure
  95:Generated_Source\PSoC5/Emisor.c **** *  dialog settings. It is not necessary to call Emisor_Init() because
  96:Generated_Source\PSoC5/Emisor.c **** *  the Emisor_Start() API calls this function and is the preferred
  97:Generated_Source\PSoC5/Emisor.c **** *  method to begin component operation.
  98:Generated_Source\PSoC5/Emisor.c **** *
  99:Generated_Source\PSoC5/Emisor.c **** * Parameters:
 100:Generated_Source\PSoC5/Emisor.c **** *  None.
 101:Generated_Source\PSoC5/Emisor.c **** *
 102:Generated_Source\PSoC5/Emisor.c **** * Return:
 103:Generated_Source\PSoC5/Emisor.c **** *  None.
 104:Generated_Source\PSoC5/Emisor.c **** *
 105:Generated_Source\PSoC5/Emisor.c **** *******************************************************************************/
 106:Generated_Source\PSoC5/Emisor.c **** void Emisor_Init(void) 
 107:Generated_Source\PSoC5/Emisor.c **** {
  28              		.loc 1 107 0
  29              		.cfi_startproc
  30              		@ args = 0, pretend = 0, frame = 0
  31              		@ frame_needed = 0, uses_anonymous_args = 0
  32              		@ link register save eliminated.
 108:Generated_Source\PSoC5/Emisor.c ****     #if(Emisor_RX_ENABLED || Emisor_HD_ENABLED)
 109:Generated_Source\PSoC5/Emisor.c **** 
 110:Generated_Source\PSoC5/Emisor.c ****         #if (Emisor_RX_INTERRUPT_ENABLED)
 111:Generated_Source\PSoC5/Emisor.c ****             /* Set RX interrupt vector and priority */
 112:Generated_Source\PSoC5/Emisor.c ****             (void) CyIntSetVector(Emisor_RX_VECT_NUM, &Emisor_RXISR);
 113:Generated_Source\PSoC5/Emisor.c ****             CyIntSetPriority(Emisor_RX_VECT_NUM, Emisor_RX_PRIOR_NUM);
 114:Generated_Source\PSoC5/Emisor.c ****             Emisor_errorStatus = 0u;
 115:Generated_Source\PSoC5/Emisor.c ****         #endif /* (Emisor_RX_INTERRUPT_ENABLED) */
 116:Generated_Source\PSoC5/Emisor.c **** 
 117:Generated_Source\PSoC5/Emisor.c ****         #if (Emisor_RXHW_ADDRESS_ENABLED)
 118:Generated_Source\PSoC5/Emisor.c ****             Emisor_SetRxAddressMode(Emisor_RX_ADDRESS_MODE);
 119:Generated_Source\PSoC5/Emisor.c ****             Emisor_SetRxAddress1(Emisor_RX_HW_ADDRESS1);
 120:Generated_Source\PSoC5/Emisor.c ****             Emisor_SetRxAddress2(Emisor_RX_HW_ADDRESS2);
 121:Generated_Source\PSoC5/Emisor.c ****         #endif /* End Emisor_RXHW_ADDRESS_ENABLED */
 122:Generated_Source\PSoC5/Emisor.c **** 
 123:Generated_Source\PSoC5/Emisor.c ****         /* Init Count7 period */
 124:Generated_Source\PSoC5/Emisor.c ****         Emisor_RXBITCTR_PERIOD_REG = Emisor_RXBITCTR_INIT;
  33              		.loc 1 124 0
  34 0000 7222     		movs	r2, #114
  35 0002 074B     		ldr	r3, .L2
  36 0004 1A70     		strb	r2, [r3]
 125:Generated_Source\PSoC5/Emisor.c ****         /* Configure the Initial RX interrupt mask */
 126:Generated_Source\PSoC5/Emisor.c ****         Emisor_RXSTATUS_MASK_REG  = Emisor_INIT_RX_INTERRUPTS_MASK;
  37              		.loc 1 126 0
  38 0006 2022     		movs	r2, #32
  39 0008 013B     		subs	r3, r3, #1
  40 000a 1A70     		strb	r2, [r3]
 127:Generated_Source\PSoC5/Emisor.c ****     #endif /* End Emisor_RX_ENABLED || Emisor_HD_ENABLED*/
 128:Generated_Source\PSoC5/Emisor.c **** 
 129:Generated_Source\PSoC5/Emisor.c ****     #if(Emisor_TX_ENABLED)
 130:Generated_Source\PSoC5/Emisor.c ****         #if (Emisor_TX_INTERRUPT_ENABLED)
 131:Generated_Source\PSoC5/Emisor.c ****             /* Set TX interrupt vector and priority */
ARM GAS  C:\Users\Henry\AppData\Local\Temp\ccBvUH9e.s 			page 4


 132:Generated_Source\PSoC5/Emisor.c ****             (void) CyIntSetVector(Emisor_TX_VECT_NUM, &Emisor_TXISR);
 133:Generated_Source\PSoC5/Emisor.c ****             CyIntSetPriority(Emisor_TX_VECT_NUM, Emisor_TX_PRIOR_NUM);
 134:Generated_Source\PSoC5/Emisor.c ****         #endif /* (Emisor_TX_INTERRUPT_ENABLED) */
 135:Generated_Source\PSoC5/Emisor.c **** 
 136:Generated_Source\PSoC5/Emisor.c ****         /* Write Counter Value for TX Bit Clk Generator*/
 137:Generated_Source\PSoC5/Emisor.c ****         #if (Emisor_TXCLKGEN_DP)
 138:Generated_Source\PSoC5/Emisor.c ****             Emisor_TXBITCLKGEN_CTR_REG = Emisor_BIT_CENTER;
  41              		.loc 1 138 0
  42 000c 0622     		movs	r2, #6
  43 000e 5D3B     		subs	r3, r3, #93
  44 0010 1A70     		strb	r2, [r3]
 139:Generated_Source\PSoC5/Emisor.c ****             Emisor_TXBITCLKTX_COMPLETE_REG = ((Emisor_NUMBER_OF_DATA_BITS +
  45              		.loc 1 139 0
  46 0012 4722     		movs	r2, #71
  47 0014 1033     		adds	r3, r3, #16
  48 0016 1A70     		strb	r2, [r3]
 140:Generated_Source\PSoC5/Emisor.c ****                         Emisor_NUMBER_OF_START_BIT) * Emisor_OVER_SAMPLE_COUNT) - 1u;
 141:Generated_Source\PSoC5/Emisor.c ****         #else
 142:Generated_Source\PSoC5/Emisor.c ****             Emisor_TXBITCTR_PERIOD_REG = ((Emisor_NUMBER_OF_DATA_BITS +
 143:Generated_Source\PSoC5/Emisor.c ****                         Emisor_NUMBER_OF_START_BIT) * Emisor_OVER_SAMPLE_8) - 1u;
 144:Generated_Source\PSoC5/Emisor.c ****         #endif /* End Emisor_TXCLKGEN_DP */
 145:Generated_Source\PSoC5/Emisor.c **** 
 146:Generated_Source\PSoC5/Emisor.c ****         /* Configure the Initial TX interrupt mask */
 147:Generated_Source\PSoC5/Emisor.c ****         #if (Emisor_TX_INTERRUPT_ENABLED)
 148:Generated_Source\PSoC5/Emisor.c ****             Emisor_TXSTATUS_MASK_REG = Emisor_TX_STS_FIFO_EMPTY;
 149:Generated_Source\PSoC5/Emisor.c ****         #else
 150:Generated_Source\PSoC5/Emisor.c ****             Emisor_TXSTATUS_MASK_REG = Emisor_INIT_TX_INTERRUPTS_MASK;
  49              		.loc 1 150 0
  50 0018 0022     		movs	r2, #0
  51 001a 4F33     		adds	r3, r3, #79
  52 001c 1A70     		strb	r2, [r3]
  53 001e 7047     		bx	lr
  54              	.L3:
  55              		.align	2
  56              	.L2:
  57 0020 81640040 		.word	1073767553
  58              		.cfi_endproc
  59              	.LFE1:
  60              		.size	Emisor_Init, .-Emisor_Init
  61              		.section	.text.Emisor_Enable,"ax",%progbits
  62              		.align	2
  63              		.global	Emisor_Enable
  64              		.thumb
  65              		.thumb_func
  66              		.type	Emisor_Enable, %function
  67              	Emisor_Enable:
  68              	.LFB2:
 151:Generated_Source\PSoC5/Emisor.c ****         #endif /*End Emisor_TX_INTERRUPT_ENABLED*/
 152:Generated_Source\PSoC5/Emisor.c **** 
 153:Generated_Source\PSoC5/Emisor.c ****     #endif /* End Emisor_TX_ENABLED */
 154:Generated_Source\PSoC5/Emisor.c **** 
 155:Generated_Source\PSoC5/Emisor.c ****     #if(Emisor_PARITY_TYPE_SW)  /* Write Parity to Control Register */
 156:Generated_Source\PSoC5/Emisor.c ****         Emisor_WriteControlRegister( \
 157:Generated_Source\PSoC5/Emisor.c ****             (Emisor_ReadControlRegister() & (uint8)~Emisor_CTRL_PARITY_TYPE_MASK) | \
 158:Generated_Source\PSoC5/Emisor.c ****             (uint8)(Emisor_PARITY_TYPE << Emisor_CTRL_PARITY_TYPE0_SHIFT) );
 159:Generated_Source\PSoC5/Emisor.c ****     #endif /* End Emisor_PARITY_TYPE_SW */
 160:Generated_Source\PSoC5/Emisor.c **** }
ARM GAS  C:\Users\Henry\AppData\Local\Temp\ccBvUH9e.s 			page 5


 161:Generated_Source\PSoC5/Emisor.c **** 
 162:Generated_Source\PSoC5/Emisor.c **** 
 163:Generated_Source\PSoC5/Emisor.c **** /*******************************************************************************
 164:Generated_Source\PSoC5/Emisor.c **** * Function Name: Emisor_Enable
 165:Generated_Source\PSoC5/Emisor.c **** ********************************************************************************
 166:Generated_Source\PSoC5/Emisor.c **** *
 167:Generated_Source\PSoC5/Emisor.c **** * Summary:
 168:Generated_Source\PSoC5/Emisor.c **** *  Activates the hardware and begins component operation. It is not necessary
 169:Generated_Source\PSoC5/Emisor.c **** *  to call Emisor_Enable() because the Emisor_Start() API
 170:Generated_Source\PSoC5/Emisor.c **** *  calls this function, which is the preferred method to begin component
 171:Generated_Source\PSoC5/Emisor.c **** *  operation.
 172:Generated_Source\PSoC5/Emisor.c **** 
 173:Generated_Source\PSoC5/Emisor.c **** * Parameters:
 174:Generated_Source\PSoC5/Emisor.c **** *  None.
 175:Generated_Source\PSoC5/Emisor.c **** *
 176:Generated_Source\PSoC5/Emisor.c **** * Return:
 177:Generated_Source\PSoC5/Emisor.c **** *  None.
 178:Generated_Source\PSoC5/Emisor.c **** *
 179:Generated_Source\PSoC5/Emisor.c **** * Global Variables:
 180:Generated_Source\PSoC5/Emisor.c **** *  Emisor_rxAddressDetected - set to initial state (0).
 181:Generated_Source\PSoC5/Emisor.c **** *
 182:Generated_Source\PSoC5/Emisor.c **** *******************************************************************************/
 183:Generated_Source\PSoC5/Emisor.c **** void Emisor_Enable(void) 
 184:Generated_Source\PSoC5/Emisor.c **** {
  69              		.loc 1 184 0
  70              		.cfi_startproc
  71              		@ args = 0, pretend = 0, frame = 0
  72              		@ frame_needed = 0, uses_anonymous_args = 0
  73 0000 10B5     		push	{r4, lr}
  74              		.cfi_def_cfa_offset 8
  75              		.cfi_offset 4, -8
  76              		.cfi_offset 14, -4
 185:Generated_Source\PSoC5/Emisor.c ****     uint8 enableInterrupts;
 186:Generated_Source\PSoC5/Emisor.c ****     enableInterrupts = CyEnterCriticalSection();
  77              		.loc 1 186 0
  78 0002 FFF7FEFF 		bl	CyEnterCriticalSection
  79              	.LVL0:
  80 0006 0446     		mov	r4, r0
  81              	.LVL1:
 187:Generated_Source\PSoC5/Emisor.c **** 
 188:Generated_Source\PSoC5/Emisor.c ****     #if (Emisor_RX_ENABLED || Emisor_HD_ENABLED)
 189:Generated_Source\PSoC5/Emisor.c ****         /* RX Counter (Count7) Enable */
 190:Generated_Source\PSoC5/Emisor.c ****         Emisor_RXBITCTR_CONTROL_REG |= Emisor_CNTR_ENABLE;
  82              		.loc 1 190 0
  83 0008 0A4A     		ldr	r2, .L6
  84 000a 1378     		ldrb	r3, [r2]	@ zero_extendqisi2
  85 000c 43F02003 		orr	r3, r3, #32
  86 0010 1370     		strb	r3, [r2]
 191:Generated_Source\PSoC5/Emisor.c **** 
 192:Generated_Source\PSoC5/Emisor.c ****         /* Enable the RX Interrupt */
 193:Generated_Source\PSoC5/Emisor.c ****         Emisor_RXSTATUS_ACTL_REG  |= Emisor_INT_ENABLE;
  87              		.loc 1 193 0
  88 0012 013A     		subs	r2, r2, #1
  89 0014 1378     		ldrb	r3, [r2]	@ zero_extendqisi2
  90 0016 43F01003 		orr	r3, r3, #16
  91 001a 1370     		strb	r3, [r2]
 194:Generated_Source\PSoC5/Emisor.c **** 
ARM GAS  C:\Users\Henry\AppData\Local\Temp\ccBvUH9e.s 			page 6


 195:Generated_Source\PSoC5/Emisor.c ****         #if (Emisor_RX_INTERRUPT_ENABLED)
 196:Generated_Source\PSoC5/Emisor.c ****             Emisor_EnableRxInt();
 197:Generated_Source\PSoC5/Emisor.c **** 
 198:Generated_Source\PSoC5/Emisor.c ****             #if (Emisor_RXHW_ADDRESS_ENABLED)
 199:Generated_Source\PSoC5/Emisor.c ****                 Emisor_rxAddressDetected = 0u;
 200:Generated_Source\PSoC5/Emisor.c ****             #endif /* (Emisor_RXHW_ADDRESS_ENABLED) */
 201:Generated_Source\PSoC5/Emisor.c ****         #endif /* (Emisor_RX_INTERRUPT_ENABLED) */
 202:Generated_Source\PSoC5/Emisor.c ****     #endif /* (Emisor_RX_ENABLED || Emisor_HD_ENABLED) */
 203:Generated_Source\PSoC5/Emisor.c **** 
 204:Generated_Source\PSoC5/Emisor.c ****     #if(Emisor_TX_ENABLED)
 205:Generated_Source\PSoC5/Emisor.c ****         /* TX Counter (DP/Count7) Enable */
 206:Generated_Source\PSoC5/Emisor.c ****         #if(!Emisor_TXCLKGEN_DP)
 207:Generated_Source\PSoC5/Emisor.c ****             Emisor_TXBITCTR_CONTROL_REG |= Emisor_CNTR_ENABLE;
 208:Generated_Source\PSoC5/Emisor.c ****         #endif /* End Emisor_TXCLKGEN_DP */
 209:Generated_Source\PSoC5/Emisor.c **** 
 210:Generated_Source\PSoC5/Emisor.c ****         /* Enable the TX Interrupt */
 211:Generated_Source\PSoC5/Emisor.c ****         Emisor_TXSTATUS_ACTL_REG |= Emisor_INT_ENABLE;
  92              		.loc 1 211 0
  93 001c 0232     		adds	r2, r2, #2
  94 001e 1378     		ldrb	r3, [r2]	@ zero_extendqisi2
  95 0020 43F01003 		orr	r3, r3, #16
  96 0024 1370     		strb	r3, [r2]
 212:Generated_Source\PSoC5/Emisor.c ****         #if (Emisor_TX_INTERRUPT_ENABLED)
 213:Generated_Source\PSoC5/Emisor.c ****             Emisor_ClearPendingTxInt(); /* Clear history of TX_NOT_EMPTY */
 214:Generated_Source\PSoC5/Emisor.c ****             Emisor_EnableTxInt();
 215:Generated_Source\PSoC5/Emisor.c ****         #endif /* (Emisor_TX_INTERRUPT_ENABLED) */
 216:Generated_Source\PSoC5/Emisor.c ****      #endif /* (Emisor_TX_INTERRUPT_ENABLED) */
 217:Generated_Source\PSoC5/Emisor.c **** 
 218:Generated_Source\PSoC5/Emisor.c ****     #if (Emisor_INTERNAL_CLOCK_USED)
 219:Generated_Source\PSoC5/Emisor.c ****         Emisor_IntClock_Start();  /* Enable the clock */
  97              		.loc 1 219 0
  98 0026 FFF7FEFF 		bl	Emisor_IntClock_Start
  99              	.LVL2:
 220:Generated_Source\PSoC5/Emisor.c ****     #endif /* (Emisor_INTERNAL_CLOCK_USED) */
 221:Generated_Source\PSoC5/Emisor.c **** 
 222:Generated_Source\PSoC5/Emisor.c ****     CyExitCriticalSection(enableInterrupts);
 100              		.loc 1 222 0
 101 002a 2046     		mov	r0, r4
 102 002c FFF7FEFF 		bl	CyExitCriticalSection
 103              	.LVL3:
 104 0030 10BD     		pop	{r4, pc}
 105              	.LVL4:
 106              	.L7:
 107 0032 00BF     		.align	2
 108              	.L6:
 109 0034 91640040 		.word	1073767569
 110              		.cfi_endproc
 111              	.LFE2:
 112              		.size	Emisor_Enable, .-Emisor_Enable
 113              		.section	.text.Emisor_Start,"ax",%progbits
 114              		.align	2
 115              		.global	Emisor_Start
 116              		.thumb
 117              		.thumb_func
 118              		.type	Emisor_Start, %function
 119              	Emisor_Start:
 120              	.LFB0:
ARM GAS  C:\Users\Henry\AppData\Local\Temp\ccBvUH9e.s 			page 7


  77:Generated_Source\PSoC5/Emisor.c ****     /* If not initialized then initialize all required hardware and software */
 121              		.loc 1 77 0
 122              		.cfi_startproc
 123              		@ args = 0, pretend = 0, frame = 0
 124              		@ frame_needed = 0, uses_anonymous_args = 0
 125 0000 08B5     		push	{r3, lr}
 126              		.cfi_def_cfa_offset 8
 127              		.cfi_offset 3, -8
 128              		.cfi_offset 14, -4
  79:Generated_Source\PSoC5/Emisor.c ****     {
 129              		.loc 1 79 0
 130 0002 054B     		ldr	r3, .L11
 131 0004 1B78     		ldrb	r3, [r3]	@ zero_extendqisi2
 132 0006 23B9     		cbnz	r3, .L9
  81:Generated_Source\PSoC5/Emisor.c ****         Emisor_initVar = 1u;
 133              		.loc 1 81 0
 134 0008 FFF7FEFF 		bl	Emisor_Init
 135              	.LVL5:
  82:Generated_Source\PSoC5/Emisor.c ****     }
 136              		.loc 1 82 0
 137 000c 0122     		movs	r2, #1
 138 000e 024B     		ldr	r3, .L11
 139 0010 1A70     		strb	r2, [r3]
 140              	.L9:
  85:Generated_Source\PSoC5/Emisor.c **** }
 141              		.loc 1 85 0
 142 0012 FFF7FEFF 		bl	Emisor_Enable
 143              	.LVL6:
 144 0016 08BD     		pop	{r3, pc}
 145              	.L12:
 146              		.align	2
 147              	.L11:
 148 0018 00000000 		.word	.LANCHOR0
 149              		.cfi_endproc
 150              	.LFE0:
 151              		.size	Emisor_Start, .-Emisor_Start
 152              		.section	.text.Emisor_Stop,"ax",%progbits
 153              		.align	2
 154              		.global	Emisor_Stop
 155              		.thumb
 156              		.thumb_func
 157              		.type	Emisor_Stop, %function
 158              	Emisor_Stop:
 159              	.LFB3:
 223:Generated_Source\PSoC5/Emisor.c **** }
 224:Generated_Source\PSoC5/Emisor.c **** 
 225:Generated_Source\PSoC5/Emisor.c **** 
 226:Generated_Source\PSoC5/Emisor.c **** /*******************************************************************************
 227:Generated_Source\PSoC5/Emisor.c **** * Function Name: Emisor_Stop
 228:Generated_Source\PSoC5/Emisor.c **** ********************************************************************************
 229:Generated_Source\PSoC5/Emisor.c **** *
 230:Generated_Source\PSoC5/Emisor.c **** * Summary:
 231:Generated_Source\PSoC5/Emisor.c **** *  Disables the UART operation.
 232:Generated_Source\PSoC5/Emisor.c **** *
 233:Generated_Source\PSoC5/Emisor.c **** * Parameters:
 234:Generated_Source\PSoC5/Emisor.c **** *  None.
 235:Generated_Source\PSoC5/Emisor.c **** *
ARM GAS  C:\Users\Henry\AppData\Local\Temp\ccBvUH9e.s 			page 8


 236:Generated_Source\PSoC5/Emisor.c **** * Return:
 237:Generated_Source\PSoC5/Emisor.c **** *  None.
 238:Generated_Source\PSoC5/Emisor.c **** *
 239:Generated_Source\PSoC5/Emisor.c **** *******************************************************************************/
 240:Generated_Source\PSoC5/Emisor.c **** void Emisor_Stop(void) 
 241:Generated_Source\PSoC5/Emisor.c **** {
 160              		.loc 1 241 0
 161              		.cfi_startproc
 162              		@ args = 0, pretend = 0, frame = 0
 163              		@ frame_needed = 0, uses_anonymous_args = 0
 164 0000 10B5     		push	{r4, lr}
 165              		.cfi_def_cfa_offset 8
 166              		.cfi_offset 4, -8
 167              		.cfi_offset 14, -4
 242:Generated_Source\PSoC5/Emisor.c ****     uint8 enableInterrupts;
 243:Generated_Source\PSoC5/Emisor.c ****     enableInterrupts = CyEnterCriticalSection();
 168              		.loc 1 243 0
 169 0002 FFF7FEFF 		bl	CyEnterCriticalSection
 170              	.LVL7:
 171 0006 0446     		mov	r4, r0
 172              	.LVL8:
 244:Generated_Source\PSoC5/Emisor.c **** 
 245:Generated_Source\PSoC5/Emisor.c ****     /* Write Bit Counter Disable */
 246:Generated_Source\PSoC5/Emisor.c ****     #if (Emisor_RX_ENABLED || Emisor_HD_ENABLED)
 247:Generated_Source\PSoC5/Emisor.c ****         Emisor_RXBITCTR_CONTROL_REG &= (uint8) ~Emisor_CNTR_ENABLE;
 173              		.loc 1 247 0
 174 0008 0A4A     		ldr	r2, .L15
 175 000a 1378     		ldrb	r3, [r2]	@ zero_extendqisi2
 176 000c 03F0DF03 		and	r3, r3, #223
 177 0010 1370     		strb	r3, [r2]
 248:Generated_Source\PSoC5/Emisor.c ****     #endif /* (Emisor_RX_ENABLED || Emisor_HD_ENABLED) */
 249:Generated_Source\PSoC5/Emisor.c **** 
 250:Generated_Source\PSoC5/Emisor.c ****     #if (Emisor_TX_ENABLED)
 251:Generated_Source\PSoC5/Emisor.c ****         #if(!Emisor_TXCLKGEN_DP)
 252:Generated_Source\PSoC5/Emisor.c ****             Emisor_TXBITCTR_CONTROL_REG &= (uint8) ~Emisor_CNTR_ENABLE;
 253:Generated_Source\PSoC5/Emisor.c ****         #endif /* (!Emisor_TXCLKGEN_DP) */
 254:Generated_Source\PSoC5/Emisor.c ****     #endif /* (Emisor_TX_ENABLED) */
 255:Generated_Source\PSoC5/Emisor.c **** 
 256:Generated_Source\PSoC5/Emisor.c ****     #if (Emisor_INTERNAL_CLOCK_USED)
 257:Generated_Source\PSoC5/Emisor.c ****         Emisor_IntClock_Stop();   /* Disable the clock */
 178              		.loc 1 257 0
 179 0012 FFF7FEFF 		bl	Emisor_IntClock_Stop
 180              	.LVL9:
 258:Generated_Source\PSoC5/Emisor.c ****     #endif /* (Emisor_INTERNAL_CLOCK_USED) */
 259:Generated_Source\PSoC5/Emisor.c **** 
 260:Generated_Source\PSoC5/Emisor.c ****     /* Disable internal interrupt component */
 261:Generated_Source\PSoC5/Emisor.c ****     #if (Emisor_RX_ENABLED || Emisor_HD_ENABLED)
 262:Generated_Source\PSoC5/Emisor.c ****         Emisor_RXSTATUS_ACTL_REG  &= (uint8) ~Emisor_INT_ENABLE;
 181              		.loc 1 262 0
 182 0016 084A     		ldr	r2, .L15+4
 183 0018 1378     		ldrb	r3, [r2]	@ zero_extendqisi2
 184 001a 03F0EF03 		and	r3, r3, #239
 185 001e 1370     		strb	r3, [r2]
 263:Generated_Source\PSoC5/Emisor.c **** 
 264:Generated_Source\PSoC5/Emisor.c ****         #if (Emisor_RX_INTERRUPT_ENABLED)
 265:Generated_Source\PSoC5/Emisor.c ****             Emisor_DisableRxInt();
 266:Generated_Source\PSoC5/Emisor.c ****         #endif /* (Emisor_RX_INTERRUPT_ENABLED) */
ARM GAS  C:\Users\Henry\AppData\Local\Temp\ccBvUH9e.s 			page 9


 267:Generated_Source\PSoC5/Emisor.c ****     #endif /* (Emisor_RX_ENABLED || Emisor_HD_ENABLED) */
 268:Generated_Source\PSoC5/Emisor.c **** 
 269:Generated_Source\PSoC5/Emisor.c ****     #if (Emisor_TX_ENABLED)
 270:Generated_Source\PSoC5/Emisor.c ****         Emisor_TXSTATUS_ACTL_REG &= (uint8) ~Emisor_INT_ENABLE;
 186              		.loc 1 270 0
 187 0020 0232     		adds	r2, r2, #2
 188 0022 1378     		ldrb	r3, [r2]	@ zero_extendqisi2
 189 0024 03F0EF03 		and	r3, r3, #239
 190 0028 1370     		strb	r3, [r2]
 271:Generated_Source\PSoC5/Emisor.c **** 
 272:Generated_Source\PSoC5/Emisor.c ****         #if (Emisor_TX_INTERRUPT_ENABLED)
 273:Generated_Source\PSoC5/Emisor.c ****             Emisor_DisableTxInt();
 274:Generated_Source\PSoC5/Emisor.c ****         #endif /* (Emisor_TX_INTERRUPT_ENABLED) */
 275:Generated_Source\PSoC5/Emisor.c ****     #endif /* (Emisor_TX_ENABLED) */
 276:Generated_Source\PSoC5/Emisor.c **** 
 277:Generated_Source\PSoC5/Emisor.c ****     CyExitCriticalSection(enableInterrupts);
 191              		.loc 1 277 0
 192 002a 2046     		mov	r0, r4
 193 002c FFF7FEFF 		bl	CyExitCriticalSection
 194              	.LVL10:
 195 0030 10BD     		pop	{r4, pc}
 196              	.LVL11:
 197              	.L16:
 198 0032 00BF     		.align	2
 199              	.L15:
 200 0034 91640040 		.word	1073767569
 201 0038 90640040 		.word	1073767568
 202              		.cfi_endproc
 203              	.LFE3:
 204              		.size	Emisor_Stop, .-Emisor_Stop
 205              		.section	.text.Emisor_ReadControlRegister,"ax",%progbits
 206              		.align	2
 207              		.global	Emisor_ReadControlRegister
 208              		.thumb
 209              		.thumb_func
 210              		.type	Emisor_ReadControlRegister, %function
 211              	Emisor_ReadControlRegister:
 212              	.LFB4:
 278:Generated_Source\PSoC5/Emisor.c **** }
 279:Generated_Source\PSoC5/Emisor.c **** 
 280:Generated_Source\PSoC5/Emisor.c **** 
 281:Generated_Source\PSoC5/Emisor.c **** /*******************************************************************************
 282:Generated_Source\PSoC5/Emisor.c **** * Function Name: Emisor_ReadControlRegister
 283:Generated_Source\PSoC5/Emisor.c **** ********************************************************************************
 284:Generated_Source\PSoC5/Emisor.c **** *
 285:Generated_Source\PSoC5/Emisor.c **** * Summary:
 286:Generated_Source\PSoC5/Emisor.c **** *  Returns the current value of the control register.
 287:Generated_Source\PSoC5/Emisor.c **** *
 288:Generated_Source\PSoC5/Emisor.c **** * Parameters:
 289:Generated_Source\PSoC5/Emisor.c **** *  None.
 290:Generated_Source\PSoC5/Emisor.c **** *
 291:Generated_Source\PSoC5/Emisor.c **** * Return:
 292:Generated_Source\PSoC5/Emisor.c **** *  Contents of the control register.
 293:Generated_Source\PSoC5/Emisor.c **** *
 294:Generated_Source\PSoC5/Emisor.c **** *******************************************************************************/
 295:Generated_Source\PSoC5/Emisor.c **** uint8 Emisor_ReadControlRegister(void) 
 296:Generated_Source\PSoC5/Emisor.c **** {
ARM GAS  C:\Users\Henry\AppData\Local\Temp\ccBvUH9e.s 			page 10


 213              		.loc 1 296 0
 214              		.cfi_startproc
 215              		@ args = 0, pretend = 0, frame = 0
 216              		@ frame_needed = 0, uses_anonymous_args = 0
 217              		@ link register save eliminated.
 297:Generated_Source\PSoC5/Emisor.c ****     #if (Emisor_CONTROL_REG_REMOVED)
 298:Generated_Source\PSoC5/Emisor.c ****         return(0u);
 299:Generated_Source\PSoC5/Emisor.c ****     #else
 300:Generated_Source\PSoC5/Emisor.c ****         return(Emisor_CONTROL_REG);
 301:Generated_Source\PSoC5/Emisor.c ****     #endif /* (Emisor_CONTROL_REG_REMOVED) */
 302:Generated_Source\PSoC5/Emisor.c **** }
 218              		.loc 1 302 0
 219 0000 0020     		movs	r0, #0
 220 0002 7047     		bx	lr
 221              		.cfi_endproc
 222              	.LFE4:
 223              		.size	Emisor_ReadControlRegister, .-Emisor_ReadControlRegister
 224              		.section	.text.Emisor_WriteControlRegister,"ax",%progbits
 225              		.align	2
 226              		.global	Emisor_WriteControlRegister
 227              		.thumb
 228              		.thumb_func
 229              		.type	Emisor_WriteControlRegister, %function
 230              	Emisor_WriteControlRegister:
 231              	.LFB5:
 303:Generated_Source\PSoC5/Emisor.c **** 
 304:Generated_Source\PSoC5/Emisor.c **** 
 305:Generated_Source\PSoC5/Emisor.c **** /*******************************************************************************
 306:Generated_Source\PSoC5/Emisor.c **** * Function Name: Emisor_WriteControlRegister
 307:Generated_Source\PSoC5/Emisor.c **** ********************************************************************************
 308:Generated_Source\PSoC5/Emisor.c **** *
 309:Generated_Source\PSoC5/Emisor.c **** * Summary:
 310:Generated_Source\PSoC5/Emisor.c **** *  Writes an 8-bit value into the control register
 311:Generated_Source\PSoC5/Emisor.c **** *
 312:Generated_Source\PSoC5/Emisor.c **** * Parameters:
 313:Generated_Source\PSoC5/Emisor.c **** *  control:  control register value
 314:Generated_Source\PSoC5/Emisor.c **** *
 315:Generated_Source\PSoC5/Emisor.c **** * Return:
 316:Generated_Source\PSoC5/Emisor.c **** *  None.
 317:Generated_Source\PSoC5/Emisor.c **** *
 318:Generated_Source\PSoC5/Emisor.c **** *******************************************************************************/
 319:Generated_Source\PSoC5/Emisor.c **** void  Emisor_WriteControlRegister(uint8 control) 
 320:Generated_Source\PSoC5/Emisor.c **** {
 232              		.loc 1 320 0
 233              		.cfi_startproc
 234              		@ args = 0, pretend = 0, frame = 0
 235              		@ frame_needed = 0, uses_anonymous_args = 0
 236              		@ link register save eliminated.
 237              	.LVL12:
 238 0000 7047     		bx	lr
 239              		.cfi_endproc
 240              	.LFE5:
 241              		.size	Emisor_WriteControlRegister, .-Emisor_WriteControlRegister
 242 0002 00BF     		.section	.text.Emisor_SetRxInterruptMode,"ax",%progbits
 243              		.align	2
 244              		.global	Emisor_SetRxInterruptMode
 245              		.thumb
ARM GAS  C:\Users\Henry\AppData\Local\Temp\ccBvUH9e.s 			page 11


 246              		.thumb_func
 247              		.type	Emisor_SetRxInterruptMode, %function
 248              	Emisor_SetRxInterruptMode:
 249              	.LFB6:
 321:Generated_Source\PSoC5/Emisor.c ****     #if (Emisor_CONTROL_REG_REMOVED)
 322:Generated_Source\PSoC5/Emisor.c ****         if(0u != control)
 323:Generated_Source\PSoC5/Emisor.c ****         {
 324:Generated_Source\PSoC5/Emisor.c ****             /* Suppress compiler warning */
 325:Generated_Source\PSoC5/Emisor.c ****         }
 326:Generated_Source\PSoC5/Emisor.c ****     #else
 327:Generated_Source\PSoC5/Emisor.c ****        Emisor_CONTROL_REG = control;
 328:Generated_Source\PSoC5/Emisor.c ****     #endif /* (Emisor_CONTROL_REG_REMOVED) */
 329:Generated_Source\PSoC5/Emisor.c **** }
 330:Generated_Source\PSoC5/Emisor.c **** 
 331:Generated_Source\PSoC5/Emisor.c **** 
 332:Generated_Source\PSoC5/Emisor.c **** #if(Emisor_RX_ENABLED || Emisor_HD_ENABLED)
 333:Generated_Source\PSoC5/Emisor.c ****     /*******************************************************************************
 334:Generated_Source\PSoC5/Emisor.c ****     * Function Name: Emisor_SetRxInterruptMode
 335:Generated_Source\PSoC5/Emisor.c ****     ********************************************************************************
 336:Generated_Source\PSoC5/Emisor.c ****     *
 337:Generated_Source\PSoC5/Emisor.c ****     * Summary:
 338:Generated_Source\PSoC5/Emisor.c ****     *  Configures the RX interrupt sources enabled.
 339:Generated_Source\PSoC5/Emisor.c ****     *
 340:Generated_Source\PSoC5/Emisor.c ****     * Parameters:
 341:Generated_Source\PSoC5/Emisor.c ****     *  IntSrc:  Bit field containing the RX interrupts to enable. Based on the 
 342:Generated_Source\PSoC5/Emisor.c ****     *  bit-field arrangement of the status register. This value must be a 
 343:Generated_Source\PSoC5/Emisor.c ****     *  combination of status register bit-masks shown below:
 344:Generated_Source\PSoC5/Emisor.c ****     *      Emisor_RX_STS_FIFO_NOTEMPTY    Interrupt on byte received.
 345:Generated_Source\PSoC5/Emisor.c ****     *      Emisor_RX_STS_PAR_ERROR        Interrupt on parity error.
 346:Generated_Source\PSoC5/Emisor.c ****     *      Emisor_RX_STS_STOP_ERROR       Interrupt on stop error.
 347:Generated_Source\PSoC5/Emisor.c ****     *      Emisor_RX_STS_BREAK            Interrupt on break.
 348:Generated_Source\PSoC5/Emisor.c ****     *      Emisor_RX_STS_OVERRUN          Interrupt on overrun error.
 349:Generated_Source\PSoC5/Emisor.c ****     *      Emisor_RX_STS_ADDR_MATCH       Interrupt on address match.
 350:Generated_Source\PSoC5/Emisor.c ****     *      Emisor_RX_STS_MRKSPC           Interrupt on address detect.
 351:Generated_Source\PSoC5/Emisor.c ****     *
 352:Generated_Source\PSoC5/Emisor.c ****     * Return:
 353:Generated_Source\PSoC5/Emisor.c ****     *  None.
 354:Generated_Source\PSoC5/Emisor.c ****     *
 355:Generated_Source\PSoC5/Emisor.c ****     * Theory:
 356:Generated_Source\PSoC5/Emisor.c ****     *  Enables the output of specific status bits to the interrupt controller
 357:Generated_Source\PSoC5/Emisor.c ****     *
 358:Generated_Source\PSoC5/Emisor.c ****     *******************************************************************************/
 359:Generated_Source\PSoC5/Emisor.c ****     void Emisor_SetRxInterruptMode(uint8 intSrc) 
 360:Generated_Source\PSoC5/Emisor.c ****     {
 250              		.loc 1 360 0
 251              		.cfi_startproc
 252              		@ args = 0, pretend = 0, frame = 0
 253              		@ frame_needed = 0, uses_anonymous_args = 0
 254              		@ link register save eliminated.
 255              	.LVL13:
 361:Generated_Source\PSoC5/Emisor.c ****         Emisor_RXSTATUS_MASK_REG  = intSrc;
 256              		.loc 1 361 0
 257 0000 014B     		ldr	r3, .L20
 258 0002 1870     		strb	r0, [r3]
 259 0004 7047     		bx	lr
 260              	.L21:
 261 0006 00BF     		.align	2
ARM GAS  C:\Users\Henry\AppData\Local\Temp\ccBvUH9e.s 			page 12


 262              	.L20:
 263 0008 80640040 		.word	1073767552
 264              		.cfi_endproc
 265              	.LFE6:
 266              		.size	Emisor_SetRxInterruptMode, .-Emisor_SetRxInterruptMode
 267              		.section	.text.Emisor_ReadRxData,"ax",%progbits
 268              		.align	2
 269              		.global	Emisor_ReadRxData
 270              		.thumb
 271              		.thumb_func
 272              		.type	Emisor_ReadRxData, %function
 273              	Emisor_ReadRxData:
 274              	.LFB7:
 362:Generated_Source\PSoC5/Emisor.c ****     }
 363:Generated_Source\PSoC5/Emisor.c **** 
 364:Generated_Source\PSoC5/Emisor.c **** 
 365:Generated_Source\PSoC5/Emisor.c ****     /*******************************************************************************
 366:Generated_Source\PSoC5/Emisor.c ****     * Function Name: Emisor_ReadRxData
 367:Generated_Source\PSoC5/Emisor.c ****     ********************************************************************************
 368:Generated_Source\PSoC5/Emisor.c ****     *
 369:Generated_Source\PSoC5/Emisor.c ****     * Summary:
 370:Generated_Source\PSoC5/Emisor.c ****     *  Returns the next byte of received data. This function returns data without
 371:Generated_Source\PSoC5/Emisor.c ****     *  checking the status. You must check the status separately.
 372:Generated_Source\PSoC5/Emisor.c ****     *
 373:Generated_Source\PSoC5/Emisor.c ****     * Parameters:
 374:Generated_Source\PSoC5/Emisor.c ****     *  None.
 375:Generated_Source\PSoC5/Emisor.c ****     *
 376:Generated_Source\PSoC5/Emisor.c ****     * Return:
 377:Generated_Source\PSoC5/Emisor.c ****     *  Received data from RX register
 378:Generated_Source\PSoC5/Emisor.c ****     *
 379:Generated_Source\PSoC5/Emisor.c ****     * Global Variables:
 380:Generated_Source\PSoC5/Emisor.c ****     *  Emisor_rxBuffer - RAM buffer pointer for save received data.
 381:Generated_Source\PSoC5/Emisor.c ****     *  Emisor_rxBufferWrite - cyclic index for write to rxBuffer,
 382:Generated_Source\PSoC5/Emisor.c ****     *     checked to identify new data.
 383:Generated_Source\PSoC5/Emisor.c ****     *  Emisor_rxBufferRead - cyclic index for read from rxBuffer,
 384:Generated_Source\PSoC5/Emisor.c ****     *     incremented after each byte has been read from buffer.
 385:Generated_Source\PSoC5/Emisor.c ****     *  Emisor_rxBufferLoopDetect - cleared if loop condition was detected
 386:Generated_Source\PSoC5/Emisor.c ****     *     in RX ISR.
 387:Generated_Source\PSoC5/Emisor.c ****     *
 388:Generated_Source\PSoC5/Emisor.c ****     * Reentrant:
 389:Generated_Source\PSoC5/Emisor.c ****     *  No.
 390:Generated_Source\PSoC5/Emisor.c ****     *
 391:Generated_Source\PSoC5/Emisor.c ****     *******************************************************************************/
 392:Generated_Source\PSoC5/Emisor.c ****     uint8 Emisor_ReadRxData(void) 
 393:Generated_Source\PSoC5/Emisor.c ****     {
 275              		.loc 1 393 0
 276              		.cfi_startproc
 277              		@ args = 0, pretend = 0, frame = 0
 278              		@ frame_needed = 0, uses_anonymous_args = 0
 279              		@ link register save eliminated.
 394:Generated_Source\PSoC5/Emisor.c ****         uint8 rxData;
 395:Generated_Source\PSoC5/Emisor.c **** 
 396:Generated_Source\PSoC5/Emisor.c ****     #if (Emisor_RX_INTERRUPT_ENABLED)
 397:Generated_Source\PSoC5/Emisor.c **** 
 398:Generated_Source\PSoC5/Emisor.c ****         uint8 locRxBufferRead;
 399:Generated_Source\PSoC5/Emisor.c ****         uint8 locRxBufferWrite;
 400:Generated_Source\PSoC5/Emisor.c **** 
ARM GAS  C:\Users\Henry\AppData\Local\Temp\ccBvUH9e.s 			page 13


 401:Generated_Source\PSoC5/Emisor.c ****         /* Protect variables that could change on interrupt */
 402:Generated_Source\PSoC5/Emisor.c ****         Emisor_DisableRxInt();
 403:Generated_Source\PSoC5/Emisor.c **** 
 404:Generated_Source\PSoC5/Emisor.c ****         locRxBufferRead  = Emisor_rxBufferRead;
 405:Generated_Source\PSoC5/Emisor.c ****         locRxBufferWrite = Emisor_rxBufferWrite;
 406:Generated_Source\PSoC5/Emisor.c **** 
 407:Generated_Source\PSoC5/Emisor.c ****         if( (Emisor_rxBufferLoopDetect != 0u) || (locRxBufferRead != locRxBufferWrite) )
 408:Generated_Source\PSoC5/Emisor.c ****         {
 409:Generated_Source\PSoC5/Emisor.c ****             rxData = Emisor_rxBuffer[locRxBufferRead];
 410:Generated_Source\PSoC5/Emisor.c ****             locRxBufferRead++;
 411:Generated_Source\PSoC5/Emisor.c **** 
 412:Generated_Source\PSoC5/Emisor.c ****             if(locRxBufferRead >= Emisor_RX_BUFFER_SIZE)
 413:Generated_Source\PSoC5/Emisor.c ****             {
 414:Generated_Source\PSoC5/Emisor.c ****                 locRxBufferRead = 0u;
 415:Generated_Source\PSoC5/Emisor.c ****             }
 416:Generated_Source\PSoC5/Emisor.c ****             /* Update the real pointer */
 417:Generated_Source\PSoC5/Emisor.c ****             Emisor_rxBufferRead = locRxBufferRead;
 418:Generated_Source\PSoC5/Emisor.c **** 
 419:Generated_Source\PSoC5/Emisor.c ****             if(Emisor_rxBufferLoopDetect != 0u)
 420:Generated_Source\PSoC5/Emisor.c ****             {
 421:Generated_Source\PSoC5/Emisor.c ****                 Emisor_rxBufferLoopDetect = 0u;
 422:Generated_Source\PSoC5/Emisor.c ****                 #if ((Emisor_RX_INTERRUPT_ENABLED) && (Emisor_FLOW_CONTROL != 0u))
 423:Generated_Source\PSoC5/Emisor.c ****                     /* When Hardware Flow Control selected - return RX mask */
 424:Generated_Source\PSoC5/Emisor.c ****                     #if( Emisor_HD_ENABLED )
 425:Generated_Source\PSoC5/Emisor.c ****                         if((Emisor_CONTROL_REG & Emisor_CTRL_HD_SEND) == 0u)
 426:Generated_Source\PSoC5/Emisor.c ****                         {   /* In Half duplex mode return RX mask only in RX
 427:Generated_Source\PSoC5/Emisor.c ****                             *  configuration set, otherwise
 428:Generated_Source\PSoC5/Emisor.c ****                             *  mask will be returned in LoadRxConfig() API.
 429:Generated_Source\PSoC5/Emisor.c ****                             */
 430:Generated_Source\PSoC5/Emisor.c ****                             Emisor_RXSTATUS_MASK_REG  |= Emisor_RX_STS_FIFO_NOTEMPTY;
 431:Generated_Source\PSoC5/Emisor.c ****                         }
 432:Generated_Source\PSoC5/Emisor.c ****                     #else
 433:Generated_Source\PSoC5/Emisor.c ****                         Emisor_RXSTATUS_MASK_REG  |= Emisor_RX_STS_FIFO_NOTEMPTY;
 434:Generated_Source\PSoC5/Emisor.c ****                     #endif /* end Emisor_HD_ENABLED */
 435:Generated_Source\PSoC5/Emisor.c ****                 #endif /* ((Emisor_RX_INTERRUPT_ENABLED) && (Emisor_FLOW_CONTROL != 0u)) */
 436:Generated_Source\PSoC5/Emisor.c ****             }
 437:Generated_Source\PSoC5/Emisor.c ****         }
 438:Generated_Source\PSoC5/Emisor.c ****         else
 439:Generated_Source\PSoC5/Emisor.c ****         {   /* Needs to check status for RX_STS_FIFO_NOTEMPTY bit */
 440:Generated_Source\PSoC5/Emisor.c ****             rxData = Emisor_RXDATA_REG;
 441:Generated_Source\PSoC5/Emisor.c ****         }
 442:Generated_Source\PSoC5/Emisor.c **** 
 443:Generated_Source\PSoC5/Emisor.c ****         Emisor_EnableRxInt();
 444:Generated_Source\PSoC5/Emisor.c **** 
 445:Generated_Source\PSoC5/Emisor.c ****     #else
 446:Generated_Source\PSoC5/Emisor.c **** 
 447:Generated_Source\PSoC5/Emisor.c ****         /* Needs to check status for RX_STS_FIFO_NOTEMPTY bit */
 448:Generated_Source\PSoC5/Emisor.c ****         rxData = Emisor_RXDATA_REG;
 280              		.loc 1 448 0
 281 0000 014B     		ldr	r3, .L23
 282 0002 1878     		ldrb	r0, [r3]	@ zero_extendqisi2
 283              	.LVL14:
 449:Generated_Source\PSoC5/Emisor.c **** 
 450:Generated_Source\PSoC5/Emisor.c ****     #endif /* (Emisor_RX_INTERRUPT_ENABLED) */
 451:Generated_Source\PSoC5/Emisor.c **** 
 452:Generated_Source\PSoC5/Emisor.c ****         return(rxData);
 453:Generated_Source\PSoC5/Emisor.c ****     }
ARM GAS  C:\Users\Henry\AppData\Local\Temp\ccBvUH9e.s 			page 14


 284              		.loc 1 453 0
 285 0004 7047     		bx	lr
 286              	.L24:
 287 0006 00BF     		.align	2
 288              	.L23:
 289 0008 40640040 		.word	1073767488
 290              		.cfi_endproc
 291              	.LFE7:
 292              		.size	Emisor_ReadRxData, .-Emisor_ReadRxData
 293              		.section	.text.Emisor_ReadRxStatus,"ax",%progbits
 294              		.align	2
 295              		.global	Emisor_ReadRxStatus
 296              		.thumb
 297              		.thumb_func
 298              		.type	Emisor_ReadRxStatus, %function
 299              	Emisor_ReadRxStatus:
 300              	.LFB8:
 454:Generated_Source\PSoC5/Emisor.c **** 
 455:Generated_Source\PSoC5/Emisor.c **** 
 456:Generated_Source\PSoC5/Emisor.c ****     /*******************************************************************************
 457:Generated_Source\PSoC5/Emisor.c ****     * Function Name: Emisor_ReadRxStatus
 458:Generated_Source\PSoC5/Emisor.c ****     ********************************************************************************
 459:Generated_Source\PSoC5/Emisor.c ****     *
 460:Generated_Source\PSoC5/Emisor.c ****     * Summary:
 461:Generated_Source\PSoC5/Emisor.c ****     *  Returns the current state of the receiver status register and the software
 462:Generated_Source\PSoC5/Emisor.c ****     *  buffer overflow status.
 463:Generated_Source\PSoC5/Emisor.c ****     *
 464:Generated_Source\PSoC5/Emisor.c ****     * Parameters:
 465:Generated_Source\PSoC5/Emisor.c ****     *  None.
 466:Generated_Source\PSoC5/Emisor.c ****     *
 467:Generated_Source\PSoC5/Emisor.c ****     * Return:
 468:Generated_Source\PSoC5/Emisor.c ****     *  Current state of the status register.
 469:Generated_Source\PSoC5/Emisor.c ****     *
 470:Generated_Source\PSoC5/Emisor.c ****     * Side Effect:
 471:Generated_Source\PSoC5/Emisor.c ****     *  All status register bits are clear-on-read except
 472:Generated_Source\PSoC5/Emisor.c ****     *  Emisor_RX_STS_FIFO_NOTEMPTY.
 473:Generated_Source\PSoC5/Emisor.c ****     *  Emisor_RX_STS_FIFO_NOTEMPTY clears immediately after RX data
 474:Generated_Source\PSoC5/Emisor.c ****     *  register read.
 475:Generated_Source\PSoC5/Emisor.c ****     *
 476:Generated_Source\PSoC5/Emisor.c ****     * Global Variables:
 477:Generated_Source\PSoC5/Emisor.c ****     *  Emisor_rxBufferOverflow - used to indicate overload condition.
 478:Generated_Source\PSoC5/Emisor.c ****     *   It set to one in RX interrupt when there isn't free space in
 479:Generated_Source\PSoC5/Emisor.c ****     *   Emisor_rxBufferRead to write new data. This condition returned
 480:Generated_Source\PSoC5/Emisor.c ****     *   and cleared to zero by this API as an
 481:Generated_Source\PSoC5/Emisor.c ****     *   Emisor_RX_STS_SOFT_BUFF_OVER bit along with RX Status register
 482:Generated_Source\PSoC5/Emisor.c ****     *   bits.
 483:Generated_Source\PSoC5/Emisor.c ****     *
 484:Generated_Source\PSoC5/Emisor.c ****     *******************************************************************************/
 485:Generated_Source\PSoC5/Emisor.c ****     uint8 Emisor_ReadRxStatus(void) 
 486:Generated_Source\PSoC5/Emisor.c ****     {
 301              		.loc 1 486 0
 302              		.cfi_startproc
 303              		@ args = 0, pretend = 0, frame = 0
 304              		@ frame_needed = 0, uses_anonymous_args = 0
 305              		@ link register save eliminated.
 487:Generated_Source\PSoC5/Emisor.c ****         uint8 status;
 488:Generated_Source\PSoC5/Emisor.c **** 
ARM GAS  C:\Users\Henry\AppData\Local\Temp\ccBvUH9e.s 			page 15


 489:Generated_Source\PSoC5/Emisor.c ****         status = Emisor_RXSTATUS_REG & Emisor_RX_HW_MASK;
 306              		.loc 1 489 0
 307 0000 024B     		ldr	r3, .L26
 308 0002 1878     		ldrb	r0, [r3]	@ zero_extendqisi2
 309              	.LVL15:
 490:Generated_Source\PSoC5/Emisor.c **** 
 491:Generated_Source\PSoC5/Emisor.c ****     #if (Emisor_RX_INTERRUPT_ENABLED)
 492:Generated_Source\PSoC5/Emisor.c ****         if(Emisor_rxBufferOverflow != 0u)
 493:Generated_Source\PSoC5/Emisor.c ****         {
 494:Generated_Source\PSoC5/Emisor.c ****             status |= Emisor_RX_STS_SOFT_BUFF_OVER;
 495:Generated_Source\PSoC5/Emisor.c ****             Emisor_rxBufferOverflow = 0u;
 496:Generated_Source\PSoC5/Emisor.c ****         }
 497:Generated_Source\PSoC5/Emisor.c ****     #endif /* (Emisor_RX_INTERRUPT_ENABLED) */
 498:Generated_Source\PSoC5/Emisor.c **** 
 499:Generated_Source\PSoC5/Emisor.c ****         return(status);
 500:Generated_Source\PSoC5/Emisor.c ****     }
 310              		.loc 1 500 0
 311 0004 00F07F00 		and	r0, r0, #127
 312              	.LVL16:
 313 0008 7047     		bx	lr
 314              	.L27:
 315 000a 00BF     		.align	2
 316              	.L26:
 317 000c 60640040 		.word	1073767520
 318              		.cfi_endproc
 319              	.LFE8:
 320              		.size	Emisor_ReadRxStatus, .-Emisor_ReadRxStatus
 321              		.section	.text.Emisor_GetChar,"ax",%progbits
 322              		.align	2
 323              		.global	Emisor_GetChar
 324              		.thumb
 325              		.thumb_func
 326              		.type	Emisor_GetChar, %function
 327              	Emisor_GetChar:
 328              	.LFB9:
 501:Generated_Source\PSoC5/Emisor.c **** 
 502:Generated_Source\PSoC5/Emisor.c **** 
 503:Generated_Source\PSoC5/Emisor.c ****     /*******************************************************************************
 504:Generated_Source\PSoC5/Emisor.c ****     * Function Name: Emisor_GetChar
 505:Generated_Source\PSoC5/Emisor.c ****     ********************************************************************************
 506:Generated_Source\PSoC5/Emisor.c ****     *
 507:Generated_Source\PSoC5/Emisor.c ****     * Summary:
 508:Generated_Source\PSoC5/Emisor.c ****     *  Returns the last received byte of data. Emisor_GetChar() is
 509:Generated_Source\PSoC5/Emisor.c ****     *  designed for ASCII characters and returns a uint8 where 1 to 255 are values
 510:Generated_Source\PSoC5/Emisor.c ****     *  for valid characters and 0 indicates an error occurred or no data is present.
 511:Generated_Source\PSoC5/Emisor.c ****     *
 512:Generated_Source\PSoC5/Emisor.c ****     * Parameters:
 513:Generated_Source\PSoC5/Emisor.c ****     *  None.
 514:Generated_Source\PSoC5/Emisor.c ****     *
 515:Generated_Source\PSoC5/Emisor.c ****     * Return:
 516:Generated_Source\PSoC5/Emisor.c ****     *  Character read from UART RX buffer. ASCII characters from 1 to 255 are valid.
 517:Generated_Source\PSoC5/Emisor.c ****     *  A returned zero signifies an error condition or no data available.
 518:Generated_Source\PSoC5/Emisor.c ****     *
 519:Generated_Source\PSoC5/Emisor.c ****     * Global Variables:
 520:Generated_Source\PSoC5/Emisor.c ****     *  Emisor_rxBuffer - RAM buffer pointer for save received data.
 521:Generated_Source\PSoC5/Emisor.c ****     *  Emisor_rxBufferWrite - cyclic index for write to rxBuffer,
 522:Generated_Source\PSoC5/Emisor.c ****     *     checked to identify new data.
ARM GAS  C:\Users\Henry\AppData\Local\Temp\ccBvUH9e.s 			page 16


 523:Generated_Source\PSoC5/Emisor.c ****     *  Emisor_rxBufferRead - cyclic index for read from rxBuffer,
 524:Generated_Source\PSoC5/Emisor.c ****     *     incremented after each byte has been read from buffer.
 525:Generated_Source\PSoC5/Emisor.c ****     *  Emisor_rxBufferLoopDetect - cleared if loop condition was detected
 526:Generated_Source\PSoC5/Emisor.c ****     *     in RX ISR.
 527:Generated_Source\PSoC5/Emisor.c ****     *
 528:Generated_Source\PSoC5/Emisor.c ****     * Reentrant:
 529:Generated_Source\PSoC5/Emisor.c ****     *  No.
 530:Generated_Source\PSoC5/Emisor.c ****     *
 531:Generated_Source\PSoC5/Emisor.c ****     *******************************************************************************/
 532:Generated_Source\PSoC5/Emisor.c ****     uint8 Emisor_GetChar(void) 
 533:Generated_Source\PSoC5/Emisor.c ****     {
 329              		.loc 1 533 0
 330              		.cfi_startproc
 331              		@ args = 0, pretend = 0, frame = 0
 332              		@ frame_needed = 0, uses_anonymous_args = 0
 333              		@ link register save eliminated.
 334              	.LVL17:
 534:Generated_Source\PSoC5/Emisor.c ****         uint8 rxData = 0u;
 535:Generated_Source\PSoC5/Emisor.c ****         uint8 rxStatus;
 536:Generated_Source\PSoC5/Emisor.c **** 
 537:Generated_Source\PSoC5/Emisor.c ****     #if (Emisor_RX_INTERRUPT_ENABLED)
 538:Generated_Source\PSoC5/Emisor.c ****         uint8 locRxBufferRead;
 539:Generated_Source\PSoC5/Emisor.c ****         uint8 locRxBufferWrite;
 540:Generated_Source\PSoC5/Emisor.c **** 
 541:Generated_Source\PSoC5/Emisor.c ****         /* Protect variables that could change on interrupt */
 542:Generated_Source\PSoC5/Emisor.c ****         Emisor_DisableRxInt();
 543:Generated_Source\PSoC5/Emisor.c **** 
 544:Generated_Source\PSoC5/Emisor.c ****         locRxBufferRead  = Emisor_rxBufferRead;
 545:Generated_Source\PSoC5/Emisor.c ****         locRxBufferWrite = Emisor_rxBufferWrite;
 546:Generated_Source\PSoC5/Emisor.c **** 
 547:Generated_Source\PSoC5/Emisor.c ****         if( (Emisor_rxBufferLoopDetect != 0u) || (locRxBufferRead != locRxBufferWrite) )
 548:Generated_Source\PSoC5/Emisor.c ****         {
 549:Generated_Source\PSoC5/Emisor.c ****             rxData = Emisor_rxBuffer[locRxBufferRead];
 550:Generated_Source\PSoC5/Emisor.c ****             locRxBufferRead++;
 551:Generated_Source\PSoC5/Emisor.c ****             if(locRxBufferRead >= Emisor_RX_BUFFER_SIZE)
 552:Generated_Source\PSoC5/Emisor.c ****             {
 553:Generated_Source\PSoC5/Emisor.c ****                 locRxBufferRead = 0u;
 554:Generated_Source\PSoC5/Emisor.c ****             }
 555:Generated_Source\PSoC5/Emisor.c ****             /* Update the real pointer */
 556:Generated_Source\PSoC5/Emisor.c ****             Emisor_rxBufferRead = locRxBufferRead;
 557:Generated_Source\PSoC5/Emisor.c **** 
 558:Generated_Source\PSoC5/Emisor.c ****             if(Emisor_rxBufferLoopDetect != 0u)
 559:Generated_Source\PSoC5/Emisor.c ****             {
 560:Generated_Source\PSoC5/Emisor.c ****                 Emisor_rxBufferLoopDetect = 0u;
 561:Generated_Source\PSoC5/Emisor.c ****                 #if( (Emisor_RX_INTERRUPT_ENABLED) && (Emisor_FLOW_CONTROL != 0u) )
 562:Generated_Source\PSoC5/Emisor.c ****                     /* When Hardware Flow Control selected - return RX mask */
 563:Generated_Source\PSoC5/Emisor.c ****                     #if( Emisor_HD_ENABLED )
 564:Generated_Source\PSoC5/Emisor.c ****                         if((Emisor_CONTROL_REG & Emisor_CTRL_HD_SEND) == 0u)
 565:Generated_Source\PSoC5/Emisor.c ****                         {   /* In Half duplex mode return RX mask only if
 566:Generated_Source\PSoC5/Emisor.c ****                             *  RX configuration set, otherwise
 567:Generated_Source\PSoC5/Emisor.c ****                             *  mask will be returned in LoadRxConfig() API.
 568:Generated_Source\PSoC5/Emisor.c ****                             */
 569:Generated_Source\PSoC5/Emisor.c ****                             Emisor_RXSTATUS_MASK_REG |= Emisor_RX_STS_FIFO_NOTEMPTY;
 570:Generated_Source\PSoC5/Emisor.c ****                         }
 571:Generated_Source\PSoC5/Emisor.c ****                     #else
 572:Generated_Source\PSoC5/Emisor.c ****                         Emisor_RXSTATUS_MASK_REG |= Emisor_RX_STS_FIFO_NOTEMPTY;
 573:Generated_Source\PSoC5/Emisor.c ****                     #endif /* end Emisor_HD_ENABLED */
ARM GAS  C:\Users\Henry\AppData\Local\Temp\ccBvUH9e.s 			page 17


 574:Generated_Source\PSoC5/Emisor.c ****                 #endif /* Emisor_RX_INTERRUPT_ENABLED and Hardware flow control*/
 575:Generated_Source\PSoC5/Emisor.c ****             }
 576:Generated_Source\PSoC5/Emisor.c **** 
 577:Generated_Source\PSoC5/Emisor.c ****         }
 578:Generated_Source\PSoC5/Emisor.c ****         else
 579:Generated_Source\PSoC5/Emisor.c ****         {   rxStatus = Emisor_RXSTATUS_REG;
 580:Generated_Source\PSoC5/Emisor.c ****             if((rxStatus & Emisor_RX_STS_FIFO_NOTEMPTY) != 0u)
 581:Generated_Source\PSoC5/Emisor.c ****             {   /* Read received data from FIFO */
 582:Generated_Source\PSoC5/Emisor.c ****                 rxData = Emisor_RXDATA_REG;
 583:Generated_Source\PSoC5/Emisor.c ****                 /*Check status on error*/
 584:Generated_Source\PSoC5/Emisor.c ****                 if((rxStatus & (Emisor_RX_STS_BREAK | Emisor_RX_STS_PAR_ERROR |
 585:Generated_Source\PSoC5/Emisor.c ****                                 Emisor_RX_STS_STOP_ERROR | Emisor_RX_STS_OVERRUN)) != 0u)
 586:Generated_Source\PSoC5/Emisor.c ****                 {
 587:Generated_Source\PSoC5/Emisor.c ****                     rxData = 0u;
 588:Generated_Source\PSoC5/Emisor.c ****                 }
 589:Generated_Source\PSoC5/Emisor.c ****             }
 590:Generated_Source\PSoC5/Emisor.c ****         }
 591:Generated_Source\PSoC5/Emisor.c **** 
 592:Generated_Source\PSoC5/Emisor.c ****         Emisor_EnableRxInt();
 593:Generated_Source\PSoC5/Emisor.c **** 
 594:Generated_Source\PSoC5/Emisor.c ****     #else
 595:Generated_Source\PSoC5/Emisor.c **** 
 596:Generated_Source\PSoC5/Emisor.c ****         rxStatus =Emisor_RXSTATUS_REG;
 335              		.loc 1 596 0
 336 0000 084B     		ldr	r3, .L32
 337 0002 1B78     		ldrb	r3, [r3]	@ zero_extendqisi2
 338 0004 DBB2     		uxtb	r3, r3
 339              	.LVL18:
 597:Generated_Source\PSoC5/Emisor.c ****         if((rxStatus & Emisor_RX_STS_FIFO_NOTEMPTY) != 0u)
 340              		.loc 1 597 0
 341 0006 13F0200F 		tst	r3, #32
 342 000a 06D0     		beq	.L30
 598:Generated_Source\PSoC5/Emisor.c ****         {
 599:Generated_Source\PSoC5/Emisor.c ****             /* Read received data from FIFO */
 600:Generated_Source\PSoC5/Emisor.c ****             rxData = Emisor_RXDATA_REG;
 343              		.loc 1 600 0
 344 000c 064A     		ldr	r2, .L32+4
 345 000e 1078     		ldrb	r0, [r2]	@ zero_extendqisi2
 346 0010 C0B2     		uxtb	r0, r0
 347              	.LVL19:
 601:Generated_Source\PSoC5/Emisor.c **** 
 602:Generated_Source\PSoC5/Emisor.c ****             /*Check status on error*/
 603:Generated_Source\PSoC5/Emisor.c ****             if((rxStatus & (Emisor_RX_STS_BREAK | Emisor_RX_STS_PAR_ERROR |
 348              		.loc 1 603 0
 349 0012 13F01E0F 		tst	r3, #30
 350 0016 02D1     		bne	.L31
 351 0018 7047     		bx	lr
 352              	.LVL20:
 353              	.L30:
 534:Generated_Source\PSoC5/Emisor.c ****         uint8 rxStatus;
 354              		.loc 1 534 0
 355 001a 0020     		movs	r0, #0
 356 001c 7047     		bx	lr
 357              	.LVL21:
 358              	.L31:
 604:Generated_Source\PSoC5/Emisor.c ****                             Emisor_RX_STS_STOP_ERROR | Emisor_RX_STS_OVERRUN)) != 0u)
 605:Generated_Source\PSoC5/Emisor.c ****             {
ARM GAS  C:\Users\Henry\AppData\Local\Temp\ccBvUH9e.s 			page 18


 606:Generated_Source\PSoC5/Emisor.c ****                 rxData = 0u;
 359              		.loc 1 606 0
 360 001e 0020     		movs	r0, #0
 361              	.LVL22:
 607:Generated_Source\PSoC5/Emisor.c ****             }
 608:Generated_Source\PSoC5/Emisor.c ****         }
 609:Generated_Source\PSoC5/Emisor.c ****     #endif /* (Emisor_RX_INTERRUPT_ENABLED) */
 610:Generated_Source\PSoC5/Emisor.c **** 
 611:Generated_Source\PSoC5/Emisor.c ****         return(rxData);
 612:Generated_Source\PSoC5/Emisor.c ****     }
 362              		.loc 1 612 0
 363 0020 7047     		bx	lr
 364              	.L33:
 365 0022 00BF     		.align	2
 366              	.L32:
 367 0024 60640040 		.word	1073767520
 368 0028 40640040 		.word	1073767488
 369              		.cfi_endproc
 370              	.LFE9:
 371              		.size	Emisor_GetChar, .-Emisor_GetChar
 372              		.section	.text.Emisor_GetByte,"ax",%progbits
 373              		.align	2
 374              		.global	Emisor_GetByte
 375              		.thumb
 376              		.thumb_func
 377              		.type	Emisor_GetByte, %function
 378              	Emisor_GetByte:
 379              	.LFB10:
 613:Generated_Source\PSoC5/Emisor.c **** 
 614:Generated_Source\PSoC5/Emisor.c **** 
 615:Generated_Source\PSoC5/Emisor.c ****     /*******************************************************************************
 616:Generated_Source\PSoC5/Emisor.c ****     * Function Name: Emisor_GetByte
 617:Generated_Source\PSoC5/Emisor.c ****     ********************************************************************************
 618:Generated_Source\PSoC5/Emisor.c ****     *
 619:Generated_Source\PSoC5/Emisor.c ****     * Summary:
 620:Generated_Source\PSoC5/Emisor.c ****     *  Reads UART RX buffer immediately, returns received character and error
 621:Generated_Source\PSoC5/Emisor.c ****     *  condition.
 622:Generated_Source\PSoC5/Emisor.c ****     *
 623:Generated_Source\PSoC5/Emisor.c ****     * Parameters:
 624:Generated_Source\PSoC5/Emisor.c ****     *  None.
 625:Generated_Source\PSoC5/Emisor.c ****     *
 626:Generated_Source\PSoC5/Emisor.c ****     * Return:
 627:Generated_Source\PSoC5/Emisor.c ****     *  MSB contains status and LSB contains UART RX data. If the MSB is nonzero,
 628:Generated_Source\PSoC5/Emisor.c ****     *  an error has occurred.
 629:Generated_Source\PSoC5/Emisor.c ****     *
 630:Generated_Source\PSoC5/Emisor.c ****     * Reentrant:
 631:Generated_Source\PSoC5/Emisor.c ****     *  No.
 632:Generated_Source\PSoC5/Emisor.c ****     *
 633:Generated_Source\PSoC5/Emisor.c ****     *******************************************************************************/
 634:Generated_Source\PSoC5/Emisor.c ****     uint16 Emisor_GetByte(void) 
 635:Generated_Source\PSoC5/Emisor.c ****     {
 380              		.loc 1 635 0
 381              		.cfi_startproc
 382              		@ args = 0, pretend = 0, frame = 0
 383              		@ frame_needed = 0, uses_anonymous_args = 0
 384 0000 10B5     		push	{r4, lr}
 385              		.cfi_def_cfa_offset 8
ARM GAS  C:\Users\Henry\AppData\Local\Temp\ccBvUH9e.s 			page 19


 386              		.cfi_offset 4, -8
 387              		.cfi_offset 14, -4
 636:Generated_Source\PSoC5/Emisor.c ****         
 637:Generated_Source\PSoC5/Emisor.c ****     #if (Emisor_RX_INTERRUPT_ENABLED)
 638:Generated_Source\PSoC5/Emisor.c ****         uint16 locErrorStatus;
 639:Generated_Source\PSoC5/Emisor.c ****         /* Protect variables that could change on interrupt */
 640:Generated_Source\PSoC5/Emisor.c ****         Emisor_DisableRxInt();
 641:Generated_Source\PSoC5/Emisor.c ****         locErrorStatus = (uint16)Emisor_errorStatus;
 642:Generated_Source\PSoC5/Emisor.c ****         Emisor_errorStatus = 0u;
 643:Generated_Source\PSoC5/Emisor.c ****         Emisor_EnableRxInt();
 644:Generated_Source\PSoC5/Emisor.c ****         return ( (uint16)(locErrorStatus << 8u) | Emisor_ReadRxData() );
 645:Generated_Source\PSoC5/Emisor.c ****     #else
 646:Generated_Source\PSoC5/Emisor.c ****         return ( ((uint16)Emisor_ReadRxStatus() << 8u) | Emisor_ReadRxData() );
 388              		.loc 1 646 0
 389 0002 FFF7FEFF 		bl	Emisor_ReadRxStatus
 390              	.LVL23:
 391 0006 0402     		lsls	r4, r0, #8
 392 0008 FFF7FEFF 		bl	Emisor_ReadRxData
 393              	.LVL24:
 394 000c 2043     		orrs	r0, r0, r4
 647:Generated_Source\PSoC5/Emisor.c ****     #endif /* Emisor_RX_INTERRUPT_ENABLED */
 648:Generated_Source\PSoC5/Emisor.c ****         
 649:Generated_Source\PSoC5/Emisor.c ****     }
 395              		.loc 1 649 0
 396 000e 80B2     		uxth	r0, r0
 397 0010 10BD     		pop	{r4, pc}
 398              		.cfi_endproc
 399              	.LFE10:
 400              		.size	Emisor_GetByte, .-Emisor_GetByte
 401 0012 00BF     		.section	.text.Emisor_GetRxBufferSize,"ax",%progbits
 402              		.align	2
 403              		.global	Emisor_GetRxBufferSize
 404              		.thumb
 405              		.thumb_func
 406              		.type	Emisor_GetRxBufferSize, %function
 407              	Emisor_GetRxBufferSize:
 408              	.LFB11:
 650:Generated_Source\PSoC5/Emisor.c **** 
 651:Generated_Source\PSoC5/Emisor.c **** 
 652:Generated_Source\PSoC5/Emisor.c ****     /*******************************************************************************
 653:Generated_Source\PSoC5/Emisor.c ****     * Function Name: Emisor_GetRxBufferSize
 654:Generated_Source\PSoC5/Emisor.c ****     ********************************************************************************
 655:Generated_Source\PSoC5/Emisor.c ****     *
 656:Generated_Source\PSoC5/Emisor.c ****     * Summary:
 657:Generated_Source\PSoC5/Emisor.c ****     *  Returns the number of received bytes available in the RX buffer.
 658:Generated_Source\PSoC5/Emisor.c ****     *  * RX software buffer is disabled (RX Buffer Size parameter is equal to 4): 
 659:Generated_Source\PSoC5/Emisor.c ****     *    returns 0 for empty RX FIFO or 1 for not empty RX FIFO.
 660:Generated_Source\PSoC5/Emisor.c ****     *  * RX software buffer is enabled: returns the number of bytes available in 
 661:Generated_Source\PSoC5/Emisor.c ****     *    the RX software buffer. Bytes available in the RX FIFO do not take to 
 662:Generated_Source\PSoC5/Emisor.c ****     *    account.
 663:Generated_Source\PSoC5/Emisor.c ****     *
 664:Generated_Source\PSoC5/Emisor.c ****     * Parameters:
 665:Generated_Source\PSoC5/Emisor.c ****     *  None.
 666:Generated_Source\PSoC5/Emisor.c ****     *
 667:Generated_Source\PSoC5/Emisor.c ****     * Return:
 668:Generated_Source\PSoC5/Emisor.c ****     *  uint8: Number of bytes in the RX buffer. 
 669:Generated_Source\PSoC5/Emisor.c ****     *    Return value type depends on RX Buffer Size parameter.
ARM GAS  C:\Users\Henry\AppData\Local\Temp\ccBvUH9e.s 			page 20


 670:Generated_Source\PSoC5/Emisor.c ****     *
 671:Generated_Source\PSoC5/Emisor.c ****     * Global Variables:
 672:Generated_Source\PSoC5/Emisor.c ****     *  Emisor_rxBufferWrite - used to calculate left bytes.
 673:Generated_Source\PSoC5/Emisor.c ****     *  Emisor_rxBufferRead - used to calculate left bytes.
 674:Generated_Source\PSoC5/Emisor.c ****     *  Emisor_rxBufferLoopDetect - checked to decide left bytes amount.
 675:Generated_Source\PSoC5/Emisor.c ****     *
 676:Generated_Source\PSoC5/Emisor.c ****     * Reentrant:
 677:Generated_Source\PSoC5/Emisor.c ****     *  No.
 678:Generated_Source\PSoC5/Emisor.c ****     *
 679:Generated_Source\PSoC5/Emisor.c ****     * Theory:
 680:Generated_Source\PSoC5/Emisor.c ****     *  Allows the user to find out how full the RX Buffer is.
 681:Generated_Source\PSoC5/Emisor.c ****     *
 682:Generated_Source\PSoC5/Emisor.c ****     *******************************************************************************/
 683:Generated_Source\PSoC5/Emisor.c ****     uint8 Emisor_GetRxBufferSize(void)
 684:Generated_Source\PSoC5/Emisor.c ****                                                             
 685:Generated_Source\PSoC5/Emisor.c ****     {
 409              		.loc 1 685 0
 410              		.cfi_startproc
 411              		@ args = 0, pretend = 0, frame = 0
 412              		@ frame_needed = 0, uses_anonymous_args = 0
 413              		@ link register save eliminated.
 686:Generated_Source\PSoC5/Emisor.c ****         uint8 size;
 687:Generated_Source\PSoC5/Emisor.c **** 
 688:Generated_Source\PSoC5/Emisor.c ****     #if (Emisor_RX_INTERRUPT_ENABLED)
 689:Generated_Source\PSoC5/Emisor.c **** 
 690:Generated_Source\PSoC5/Emisor.c ****         /* Protect variables that could change on interrupt */
 691:Generated_Source\PSoC5/Emisor.c ****         Emisor_DisableRxInt();
 692:Generated_Source\PSoC5/Emisor.c **** 
 693:Generated_Source\PSoC5/Emisor.c ****         if(Emisor_rxBufferRead == Emisor_rxBufferWrite)
 694:Generated_Source\PSoC5/Emisor.c ****         {
 695:Generated_Source\PSoC5/Emisor.c ****             if(Emisor_rxBufferLoopDetect != 0u)
 696:Generated_Source\PSoC5/Emisor.c ****             {
 697:Generated_Source\PSoC5/Emisor.c ****                 size = Emisor_RX_BUFFER_SIZE;
 698:Generated_Source\PSoC5/Emisor.c ****             }
 699:Generated_Source\PSoC5/Emisor.c ****             else
 700:Generated_Source\PSoC5/Emisor.c ****             {
 701:Generated_Source\PSoC5/Emisor.c ****                 size = 0u;
 702:Generated_Source\PSoC5/Emisor.c ****             }
 703:Generated_Source\PSoC5/Emisor.c ****         }
 704:Generated_Source\PSoC5/Emisor.c ****         else if(Emisor_rxBufferRead < Emisor_rxBufferWrite)
 705:Generated_Source\PSoC5/Emisor.c ****         {
 706:Generated_Source\PSoC5/Emisor.c ****             size = (Emisor_rxBufferWrite - Emisor_rxBufferRead);
 707:Generated_Source\PSoC5/Emisor.c ****         }
 708:Generated_Source\PSoC5/Emisor.c ****         else
 709:Generated_Source\PSoC5/Emisor.c ****         {
 710:Generated_Source\PSoC5/Emisor.c ****             size = (Emisor_RX_BUFFER_SIZE - Emisor_rxBufferRead) + Emisor_rxBufferWrite;
 711:Generated_Source\PSoC5/Emisor.c ****         }
 712:Generated_Source\PSoC5/Emisor.c **** 
 713:Generated_Source\PSoC5/Emisor.c ****         Emisor_EnableRxInt();
 714:Generated_Source\PSoC5/Emisor.c **** 
 715:Generated_Source\PSoC5/Emisor.c ****     #else
 716:Generated_Source\PSoC5/Emisor.c **** 
 717:Generated_Source\PSoC5/Emisor.c ****         /* We can only know if there is data in the fifo. */
 718:Generated_Source\PSoC5/Emisor.c ****         size = ((Emisor_RXSTATUS_REG & Emisor_RX_STS_FIFO_NOTEMPTY) != 0u) ? 1u : 0u;
 414              		.loc 1 718 0
 415 0000 044B     		ldr	r3, .L39
 416 0002 1B78     		ldrb	r3, [r3]	@ zero_extendqisi2
ARM GAS  C:\Users\Henry\AppData\Local\Temp\ccBvUH9e.s 			page 21


 417 0004 13F0200F 		tst	r3, #32
 418 0008 01D0     		beq	.L38
 419 000a 0120     		movs	r0, #1
 420 000c 7047     		bx	lr
 421              	.L38:
 422 000e 0020     		movs	r0, #0
 423              	.LVL25:
 719:Generated_Source\PSoC5/Emisor.c **** 
 720:Generated_Source\PSoC5/Emisor.c ****     #endif /* (Emisor_RX_INTERRUPT_ENABLED) */
 721:Generated_Source\PSoC5/Emisor.c **** 
 722:Generated_Source\PSoC5/Emisor.c ****         return(size);
 723:Generated_Source\PSoC5/Emisor.c ****     }
 424              		.loc 1 723 0
 425 0010 7047     		bx	lr
 426              	.L40:
 427 0012 00BF     		.align	2
 428              	.L39:
 429 0014 60640040 		.word	1073767520
 430              		.cfi_endproc
 431              	.LFE11:
 432              		.size	Emisor_GetRxBufferSize, .-Emisor_GetRxBufferSize
 433              		.section	.text.Emisor_ClearRxBuffer,"ax",%progbits
 434              		.align	2
 435              		.global	Emisor_ClearRxBuffer
 436              		.thumb
 437              		.thumb_func
 438              		.type	Emisor_ClearRxBuffer, %function
 439              	Emisor_ClearRxBuffer:
 440              	.LFB12:
 724:Generated_Source\PSoC5/Emisor.c **** 
 725:Generated_Source\PSoC5/Emisor.c **** 
 726:Generated_Source\PSoC5/Emisor.c ****     /*******************************************************************************
 727:Generated_Source\PSoC5/Emisor.c ****     * Function Name: Emisor_ClearRxBuffer
 728:Generated_Source\PSoC5/Emisor.c ****     ********************************************************************************
 729:Generated_Source\PSoC5/Emisor.c ****     *
 730:Generated_Source\PSoC5/Emisor.c ****     * Summary:
 731:Generated_Source\PSoC5/Emisor.c ****     *  Clears the receiver memory buffer and hardware RX FIFO of all received data.
 732:Generated_Source\PSoC5/Emisor.c ****     *
 733:Generated_Source\PSoC5/Emisor.c ****     * Parameters:
 734:Generated_Source\PSoC5/Emisor.c ****     *  None.
 735:Generated_Source\PSoC5/Emisor.c ****     *
 736:Generated_Source\PSoC5/Emisor.c ****     * Return:
 737:Generated_Source\PSoC5/Emisor.c ****     *  None.
 738:Generated_Source\PSoC5/Emisor.c ****     *
 739:Generated_Source\PSoC5/Emisor.c ****     * Global Variables:
 740:Generated_Source\PSoC5/Emisor.c ****     *  Emisor_rxBufferWrite - cleared to zero.
 741:Generated_Source\PSoC5/Emisor.c ****     *  Emisor_rxBufferRead - cleared to zero.
 742:Generated_Source\PSoC5/Emisor.c ****     *  Emisor_rxBufferLoopDetect - cleared to zero.
 743:Generated_Source\PSoC5/Emisor.c ****     *  Emisor_rxBufferOverflow - cleared to zero.
 744:Generated_Source\PSoC5/Emisor.c ****     *
 745:Generated_Source\PSoC5/Emisor.c ****     * Reentrant:
 746:Generated_Source\PSoC5/Emisor.c ****     *  No.
 747:Generated_Source\PSoC5/Emisor.c ****     *
 748:Generated_Source\PSoC5/Emisor.c ****     * Theory:
 749:Generated_Source\PSoC5/Emisor.c ****     *  Setting the pointers to zero makes the system believe there is no data to
 750:Generated_Source\PSoC5/Emisor.c ****     *  read and writing will resume at address 0 overwriting any data that may
 751:Generated_Source\PSoC5/Emisor.c ****     *  have remained in the RAM.
ARM GAS  C:\Users\Henry\AppData\Local\Temp\ccBvUH9e.s 			page 22


 752:Generated_Source\PSoC5/Emisor.c ****     *
 753:Generated_Source\PSoC5/Emisor.c ****     * Side Effects:
 754:Generated_Source\PSoC5/Emisor.c ****     *  Any received data not read from the RAM or FIFO buffer will be lost.
 755:Generated_Source\PSoC5/Emisor.c ****     *
 756:Generated_Source\PSoC5/Emisor.c ****     *******************************************************************************/
 757:Generated_Source\PSoC5/Emisor.c ****     void Emisor_ClearRxBuffer(void) 
 758:Generated_Source\PSoC5/Emisor.c ****     {
 441              		.loc 1 758 0
 442              		.cfi_startproc
 443              		@ args = 0, pretend = 0, frame = 0
 444              		@ frame_needed = 0, uses_anonymous_args = 0
 445 0000 08B5     		push	{r3, lr}
 446              		.cfi_def_cfa_offset 8
 447              		.cfi_offset 3, -8
 448              		.cfi_offset 14, -4
 759:Generated_Source\PSoC5/Emisor.c ****         uint8 enableInterrupts;
 760:Generated_Source\PSoC5/Emisor.c **** 
 761:Generated_Source\PSoC5/Emisor.c ****         /* Clear the HW FIFO */
 762:Generated_Source\PSoC5/Emisor.c ****         enableInterrupts = CyEnterCriticalSection();
 449              		.loc 1 762 0
 450 0002 FFF7FEFF 		bl	CyEnterCriticalSection
 451              	.LVL26:
 763:Generated_Source\PSoC5/Emisor.c ****         Emisor_RXDATA_AUX_CTL_REG |= (uint8)  Emisor_RX_FIFO_CLR;
 452              		.loc 1 763 0
 453 0006 064B     		ldr	r3, .L43
 454 0008 1A78     		ldrb	r2, [r3]	@ zero_extendqisi2
 455 000a 42F00102 		orr	r2, r2, #1
 456 000e 1A70     		strb	r2, [r3]
 764:Generated_Source\PSoC5/Emisor.c ****         Emisor_RXDATA_AUX_CTL_REG &= (uint8) ~Emisor_RX_FIFO_CLR;
 457              		.loc 1 764 0
 458 0010 1A78     		ldrb	r2, [r3]	@ zero_extendqisi2
 459 0012 02F0FE02 		and	r2, r2, #254
 460 0016 1A70     		strb	r2, [r3]
 765:Generated_Source\PSoC5/Emisor.c ****         CyExitCriticalSection(enableInterrupts);
 461              		.loc 1 765 0
 462 0018 FFF7FEFF 		bl	CyExitCriticalSection
 463              	.LVL27:
 464 001c 08BD     		pop	{r3, pc}
 465              	.L44:
 466 001e 00BF     		.align	2
 467              	.L43:
 468 0020 90640040 		.word	1073767568
 469              		.cfi_endproc
 470              	.LFE12:
 471              		.size	Emisor_ClearRxBuffer, .-Emisor_ClearRxBuffer
 472              		.section	.text.Emisor_SetRxAddressMode,"ax",%progbits
 473              		.align	2
 474              		.global	Emisor_SetRxAddressMode
 475              		.thumb
 476              		.thumb_func
 477              		.type	Emisor_SetRxAddressMode, %function
 478              	Emisor_SetRxAddressMode:
 479              	.LFB13:
 766:Generated_Source\PSoC5/Emisor.c **** 
 767:Generated_Source\PSoC5/Emisor.c ****     #if (Emisor_RX_INTERRUPT_ENABLED)
 768:Generated_Source\PSoC5/Emisor.c **** 
 769:Generated_Source\PSoC5/Emisor.c ****         /* Protect variables that could change on interrupt. */
ARM GAS  C:\Users\Henry\AppData\Local\Temp\ccBvUH9e.s 			page 23


 770:Generated_Source\PSoC5/Emisor.c ****         Emisor_DisableRxInt();
 771:Generated_Source\PSoC5/Emisor.c **** 
 772:Generated_Source\PSoC5/Emisor.c ****         Emisor_rxBufferRead = 0u;
 773:Generated_Source\PSoC5/Emisor.c ****         Emisor_rxBufferWrite = 0u;
 774:Generated_Source\PSoC5/Emisor.c ****         Emisor_rxBufferLoopDetect = 0u;
 775:Generated_Source\PSoC5/Emisor.c ****         Emisor_rxBufferOverflow = 0u;
 776:Generated_Source\PSoC5/Emisor.c **** 
 777:Generated_Source\PSoC5/Emisor.c ****         Emisor_EnableRxInt();
 778:Generated_Source\PSoC5/Emisor.c **** 
 779:Generated_Source\PSoC5/Emisor.c ****     #endif /* (Emisor_RX_INTERRUPT_ENABLED) */
 780:Generated_Source\PSoC5/Emisor.c **** 
 781:Generated_Source\PSoC5/Emisor.c ****     }
 782:Generated_Source\PSoC5/Emisor.c **** 
 783:Generated_Source\PSoC5/Emisor.c **** 
 784:Generated_Source\PSoC5/Emisor.c ****     /*******************************************************************************
 785:Generated_Source\PSoC5/Emisor.c ****     * Function Name: Emisor_SetRxAddressMode
 786:Generated_Source\PSoC5/Emisor.c ****     ********************************************************************************
 787:Generated_Source\PSoC5/Emisor.c ****     *
 788:Generated_Source\PSoC5/Emisor.c ****     * Summary:
 789:Generated_Source\PSoC5/Emisor.c ****     *  Sets the software controlled Addressing mode used by the RX portion of the
 790:Generated_Source\PSoC5/Emisor.c ****     *  UART.
 791:Generated_Source\PSoC5/Emisor.c ****     *
 792:Generated_Source\PSoC5/Emisor.c ****     * Parameters:
 793:Generated_Source\PSoC5/Emisor.c ****     *  addressMode: Enumerated value indicating the mode of RX addressing
 794:Generated_Source\PSoC5/Emisor.c ****     *  Emisor__B_UART__AM_SW_BYTE_BYTE -  Software Byte-by-Byte address
 795:Generated_Source\PSoC5/Emisor.c ****     *                                               detection
 796:Generated_Source\PSoC5/Emisor.c ****     *  Emisor__B_UART__AM_SW_DETECT_TO_BUFFER - Software Detect to Buffer
 797:Generated_Source\PSoC5/Emisor.c ****     *                                               address detection
 798:Generated_Source\PSoC5/Emisor.c ****     *  Emisor__B_UART__AM_HW_BYTE_BY_BYTE - Hardware Byte-by-Byte address
 799:Generated_Source\PSoC5/Emisor.c ****     *                                               detection
 800:Generated_Source\PSoC5/Emisor.c ****     *  Emisor__B_UART__AM_HW_DETECT_TO_BUFFER - Hardware Detect to Buffer
 801:Generated_Source\PSoC5/Emisor.c ****     *                                               address detection
 802:Generated_Source\PSoC5/Emisor.c ****     *  Emisor__B_UART__AM_NONE - No address detection
 803:Generated_Source\PSoC5/Emisor.c ****     *
 804:Generated_Source\PSoC5/Emisor.c ****     * Return:
 805:Generated_Source\PSoC5/Emisor.c ****     *  None.
 806:Generated_Source\PSoC5/Emisor.c ****     *
 807:Generated_Source\PSoC5/Emisor.c ****     * Global Variables:
 808:Generated_Source\PSoC5/Emisor.c ****     *  Emisor_rxAddressMode - the parameter stored in this variable for
 809:Generated_Source\PSoC5/Emisor.c ****     *   the farther usage in RX ISR.
 810:Generated_Source\PSoC5/Emisor.c ****     *  Emisor_rxAddressDetected - set to initial state (0).
 811:Generated_Source\PSoC5/Emisor.c ****     *
 812:Generated_Source\PSoC5/Emisor.c ****     *******************************************************************************/
 813:Generated_Source\PSoC5/Emisor.c ****     void Emisor_SetRxAddressMode(uint8 addressMode)
 814:Generated_Source\PSoC5/Emisor.c ****                                                         
 815:Generated_Source\PSoC5/Emisor.c ****     {
 480              		.loc 1 815 0
 481              		.cfi_startproc
 482              		@ args = 0, pretend = 0, frame = 0
 483              		@ frame_needed = 0, uses_anonymous_args = 0
 484              		@ link register save eliminated.
 485              	.LVL28:
 486 0000 7047     		bx	lr
 487              		.cfi_endproc
 488              	.LFE13:
 489              		.size	Emisor_SetRxAddressMode, .-Emisor_SetRxAddressMode
 490 0002 00BF     		.section	.text.Emisor_SetRxAddress1,"ax",%progbits
ARM GAS  C:\Users\Henry\AppData\Local\Temp\ccBvUH9e.s 			page 24


 491              		.align	2
 492              		.global	Emisor_SetRxAddress1
 493              		.thumb
 494              		.thumb_func
 495              		.type	Emisor_SetRxAddress1, %function
 496              	Emisor_SetRxAddress1:
 497              	.LFB14:
 816:Generated_Source\PSoC5/Emisor.c ****         #if(Emisor_RXHW_ADDRESS_ENABLED)
 817:Generated_Source\PSoC5/Emisor.c ****             #if(Emisor_CONTROL_REG_REMOVED)
 818:Generated_Source\PSoC5/Emisor.c ****                 if(0u != addressMode)
 819:Generated_Source\PSoC5/Emisor.c ****                 {
 820:Generated_Source\PSoC5/Emisor.c ****                     /* Suppress compiler warning */
 821:Generated_Source\PSoC5/Emisor.c ****                 }
 822:Generated_Source\PSoC5/Emisor.c ****             #else /* Emisor_CONTROL_REG_REMOVED */
 823:Generated_Source\PSoC5/Emisor.c ****                 uint8 tmpCtrl;
 824:Generated_Source\PSoC5/Emisor.c ****                 tmpCtrl = Emisor_CONTROL_REG & (uint8)~Emisor_CTRL_RXADDR_MODE_MASK;
 825:Generated_Source\PSoC5/Emisor.c ****                 tmpCtrl |= (uint8)(addressMode << Emisor_CTRL_RXADDR_MODE0_SHIFT);
 826:Generated_Source\PSoC5/Emisor.c ****                 Emisor_CONTROL_REG = tmpCtrl;
 827:Generated_Source\PSoC5/Emisor.c **** 
 828:Generated_Source\PSoC5/Emisor.c ****                 #if(Emisor_RX_INTERRUPT_ENABLED && \
 829:Generated_Source\PSoC5/Emisor.c ****                    (Emisor_RXBUFFERSIZE > Emisor_FIFO_LENGTH) )
 830:Generated_Source\PSoC5/Emisor.c ****                     Emisor_rxAddressMode = addressMode;
 831:Generated_Source\PSoC5/Emisor.c ****                     Emisor_rxAddressDetected = 0u;
 832:Generated_Source\PSoC5/Emisor.c ****                 #endif /* End Emisor_RXBUFFERSIZE > Emisor_FIFO_LENGTH*/
 833:Generated_Source\PSoC5/Emisor.c ****             #endif /* End Emisor_CONTROL_REG_REMOVED */
 834:Generated_Source\PSoC5/Emisor.c ****         #else /* Emisor_RXHW_ADDRESS_ENABLED */
 835:Generated_Source\PSoC5/Emisor.c ****             if(0u != addressMode)
 836:Generated_Source\PSoC5/Emisor.c ****             {
 837:Generated_Source\PSoC5/Emisor.c ****                 /* Suppress compiler warning */
 838:Generated_Source\PSoC5/Emisor.c ****             }
 839:Generated_Source\PSoC5/Emisor.c ****         #endif /* End Emisor_RXHW_ADDRESS_ENABLED */
 840:Generated_Source\PSoC5/Emisor.c ****     }
 841:Generated_Source\PSoC5/Emisor.c **** 
 842:Generated_Source\PSoC5/Emisor.c **** 
 843:Generated_Source\PSoC5/Emisor.c ****     /*******************************************************************************
 844:Generated_Source\PSoC5/Emisor.c ****     * Function Name: Emisor_SetRxAddress1
 845:Generated_Source\PSoC5/Emisor.c ****     ********************************************************************************
 846:Generated_Source\PSoC5/Emisor.c ****     *
 847:Generated_Source\PSoC5/Emisor.c ****     * Summary:
 848:Generated_Source\PSoC5/Emisor.c ****     *  Sets the first of two hardware-detectable receiver addresses.
 849:Generated_Source\PSoC5/Emisor.c ****     *
 850:Generated_Source\PSoC5/Emisor.c ****     * Parameters:
 851:Generated_Source\PSoC5/Emisor.c ****     *  address: Address #1 for hardware address detection.
 852:Generated_Source\PSoC5/Emisor.c ****     *
 853:Generated_Source\PSoC5/Emisor.c ****     * Return:
 854:Generated_Source\PSoC5/Emisor.c ****     *  None.
 855:Generated_Source\PSoC5/Emisor.c ****     *
 856:Generated_Source\PSoC5/Emisor.c ****     *******************************************************************************/
 857:Generated_Source\PSoC5/Emisor.c ****     void Emisor_SetRxAddress1(uint8 address) 
 858:Generated_Source\PSoC5/Emisor.c ****     {
 498              		.loc 1 858 0
 499              		.cfi_startproc
 500              		@ args = 0, pretend = 0, frame = 0
 501              		@ frame_needed = 0, uses_anonymous_args = 0
 502              		@ link register save eliminated.
 503              	.LVL29:
 859:Generated_Source\PSoC5/Emisor.c ****         Emisor_RXADDRESS1_REG = address;
ARM GAS  C:\Users\Henry\AppData\Local\Temp\ccBvUH9e.s 			page 25


 504              		.loc 1 859 0
 505 0000 014B     		ldr	r3, .L47
 506 0002 1870     		strb	r0, [r3]
 507 0004 7047     		bx	lr
 508              	.L48:
 509 0006 00BF     		.align	2
 510              	.L47:
 511 0008 20640040 		.word	1073767456
 512              		.cfi_endproc
 513              	.LFE14:
 514              		.size	Emisor_SetRxAddress1, .-Emisor_SetRxAddress1
 515              		.section	.text.Emisor_SetRxAddress2,"ax",%progbits
 516              		.align	2
 517              		.global	Emisor_SetRxAddress2
 518              		.thumb
 519              		.thumb_func
 520              		.type	Emisor_SetRxAddress2, %function
 521              	Emisor_SetRxAddress2:
 522              	.LFB15:
 860:Generated_Source\PSoC5/Emisor.c ****     }
 861:Generated_Source\PSoC5/Emisor.c **** 
 862:Generated_Source\PSoC5/Emisor.c **** 
 863:Generated_Source\PSoC5/Emisor.c ****     /*******************************************************************************
 864:Generated_Source\PSoC5/Emisor.c ****     * Function Name: Emisor_SetRxAddress2
 865:Generated_Source\PSoC5/Emisor.c ****     ********************************************************************************
 866:Generated_Source\PSoC5/Emisor.c ****     *
 867:Generated_Source\PSoC5/Emisor.c ****     * Summary:
 868:Generated_Source\PSoC5/Emisor.c ****     *  Sets the second of two hardware-detectable receiver addresses.
 869:Generated_Source\PSoC5/Emisor.c ****     *
 870:Generated_Source\PSoC5/Emisor.c ****     * Parameters:
 871:Generated_Source\PSoC5/Emisor.c ****     *  address: Address #2 for hardware address detection.
 872:Generated_Source\PSoC5/Emisor.c ****     *
 873:Generated_Source\PSoC5/Emisor.c ****     * Return:
 874:Generated_Source\PSoC5/Emisor.c ****     *  None.
 875:Generated_Source\PSoC5/Emisor.c ****     *
 876:Generated_Source\PSoC5/Emisor.c ****     *******************************************************************************/
 877:Generated_Source\PSoC5/Emisor.c ****     void Emisor_SetRxAddress2(uint8 address) 
 878:Generated_Source\PSoC5/Emisor.c ****     {
 523              		.loc 1 878 0
 524              		.cfi_startproc
 525              		@ args = 0, pretend = 0, frame = 0
 526              		@ frame_needed = 0, uses_anonymous_args = 0
 527              		@ link register save eliminated.
 528              	.LVL30:
 879:Generated_Source\PSoC5/Emisor.c ****         Emisor_RXADDRESS2_REG = address;
 529              		.loc 1 879 0
 530 0000 014B     		ldr	r3, .L50
 531 0002 1870     		strb	r0, [r3]
 532 0004 7047     		bx	lr
 533              	.L51:
 534 0006 00BF     		.align	2
 535              	.L50:
 536 0008 30640040 		.word	1073767472
 537              		.cfi_endproc
 538              	.LFE15:
 539              		.size	Emisor_SetRxAddress2, .-Emisor_SetRxAddress2
 540              		.section	.text.Emisor_SetTxInterruptMode,"ax",%progbits
ARM GAS  C:\Users\Henry\AppData\Local\Temp\ccBvUH9e.s 			page 26


 541              		.align	2
 542              		.global	Emisor_SetTxInterruptMode
 543              		.thumb
 544              		.thumb_func
 545              		.type	Emisor_SetTxInterruptMode, %function
 546              	Emisor_SetTxInterruptMode:
 547              	.LFB16:
 880:Generated_Source\PSoC5/Emisor.c ****     }
 881:Generated_Source\PSoC5/Emisor.c **** 
 882:Generated_Source\PSoC5/Emisor.c **** #endif  /* Emisor_RX_ENABLED || Emisor_HD_ENABLED*/
 883:Generated_Source\PSoC5/Emisor.c **** 
 884:Generated_Source\PSoC5/Emisor.c **** 
 885:Generated_Source\PSoC5/Emisor.c **** #if( (Emisor_TX_ENABLED) || (Emisor_HD_ENABLED) )
 886:Generated_Source\PSoC5/Emisor.c ****     /*******************************************************************************
 887:Generated_Source\PSoC5/Emisor.c ****     * Function Name: Emisor_SetTxInterruptMode
 888:Generated_Source\PSoC5/Emisor.c ****     ********************************************************************************
 889:Generated_Source\PSoC5/Emisor.c ****     *
 890:Generated_Source\PSoC5/Emisor.c ****     * Summary:
 891:Generated_Source\PSoC5/Emisor.c ****     *  Configures the TX interrupt sources to be enabled, but does not enable the
 892:Generated_Source\PSoC5/Emisor.c ****     *  interrupt.
 893:Generated_Source\PSoC5/Emisor.c ****     *
 894:Generated_Source\PSoC5/Emisor.c ****     * Parameters:
 895:Generated_Source\PSoC5/Emisor.c ****     *  intSrc: Bit field containing the TX interrupt sources to enable
 896:Generated_Source\PSoC5/Emisor.c ****     *   Emisor_TX_STS_COMPLETE        Interrupt on TX byte complete
 897:Generated_Source\PSoC5/Emisor.c ****     *   Emisor_TX_STS_FIFO_EMPTY      Interrupt when TX FIFO is empty
 898:Generated_Source\PSoC5/Emisor.c ****     *   Emisor_TX_STS_FIFO_FULL       Interrupt when TX FIFO is full
 899:Generated_Source\PSoC5/Emisor.c ****     *   Emisor_TX_STS_FIFO_NOT_FULL   Interrupt when TX FIFO is not full
 900:Generated_Source\PSoC5/Emisor.c ****     *
 901:Generated_Source\PSoC5/Emisor.c ****     * Return:
 902:Generated_Source\PSoC5/Emisor.c ****     *  None.
 903:Generated_Source\PSoC5/Emisor.c ****     *
 904:Generated_Source\PSoC5/Emisor.c ****     * Theory:
 905:Generated_Source\PSoC5/Emisor.c ****     *  Enables the output of specific status bits to the interrupt controller
 906:Generated_Source\PSoC5/Emisor.c ****     *
 907:Generated_Source\PSoC5/Emisor.c ****     *******************************************************************************/
 908:Generated_Source\PSoC5/Emisor.c ****     void Emisor_SetTxInterruptMode(uint8 intSrc) 
 909:Generated_Source\PSoC5/Emisor.c ****     {
 548              		.loc 1 909 0
 549              		.cfi_startproc
 550              		@ args = 0, pretend = 0, frame = 0
 551              		@ frame_needed = 0, uses_anonymous_args = 0
 552              		@ link register save eliminated.
 553              	.LVL31:
 910:Generated_Source\PSoC5/Emisor.c ****         Emisor_TXSTATUS_MASK_REG = intSrc;
 554              		.loc 1 910 0
 555 0000 014B     		ldr	r3, .L53
 556 0002 1870     		strb	r0, [r3]
 557 0004 7047     		bx	lr
 558              	.L54:
 559 0006 00BF     		.align	2
 560              	.L53:
 561 0008 82640040 		.word	1073767554
 562              		.cfi_endproc
 563              	.LFE16:
 564              		.size	Emisor_SetTxInterruptMode, .-Emisor_SetTxInterruptMode
 565              		.section	.text.Emisor_WriteTxData,"ax",%progbits
 566              		.align	2
ARM GAS  C:\Users\Henry\AppData\Local\Temp\ccBvUH9e.s 			page 27


 567              		.global	Emisor_WriteTxData
 568              		.thumb
 569              		.thumb_func
 570              		.type	Emisor_WriteTxData, %function
 571              	Emisor_WriteTxData:
 572              	.LFB17:
 911:Generated_Source\PSoC5/Emisor.c ****     }
 912:Generated_Source\PSoC5/Emisor.c **** 
 913:Generated_Source\PSoC5/Emisor.c **** 
 914:Generated_Source\PSoC5/Emisor.c ****     /*******************************************************************************
 915:Generated_Source\PSoC5/Emisor.c ****     * Function Name: Emisor_WriteTxData
 916:Generated_Source\PSoC5/Emisor.c ****     ********************************************************************************
 917:Generated_Source\PSoC5/Emisor.c ****     *
 918:Generated_Source\PSoC5/Emisor.c ****     * Summary:
 919:Generated_Source\PSoC5/Emisor.c ****     *  Places a byte of data into the transmit buffer to be sent when the bus is
 920:Generated_Source\PSoC5/Emisor.c ****     *  available without checking the TX status register. You must check status
 921:Generated_Source\PSoC5/Emisor.c ****     *  separately.
 922:Generated_Source\PSoC5/Emisor.c ****     *
 923:Generated_Source\PSoC5/Emisor.c ****     * Parameters:
 924:Generated_Source\PSoC5/Emisor.c ****     *  txDataByte: data byte
 925:Generated_Source\PSoC5/Emisor.c ****     *
 926:Generated_Source\PSoC5/Emisor.c ****     * Return:
 927:Generated_Source\PSoC5/Emisor.c ****     * None.
 928:Generated_Source\PSoC5/Emisor.c ****     *
 929:Generated_Source\PSoC5/Emisor.c ****     * Global Variables:
 930:Generated_Source\PSoC5/Emisor.c ****     *  Emisor_txBuffer - RAM buffer pointer for save data for transmission
 931:Generated_Source\PSoC5/Emisor.c ****     *  Emisor_txBufferWrite - cyclic index for write to txBuffer,
 932:Generated_Source\PSoC5/Emisor.c ****     *    incremented after each byte saved to buffer.
 933:Generated_Source\PSoC5/Emisor.c ****     *  Emisor_txBufferRead - cyclic index for read from txBuffer,
 934:Generated_Source\PSoC5/Emisor.c ****     *    checked to identify the condition to write to FIFO directly or to TX buffer
 935:Generated_Source\PSoC5/Emisor.c ****     *  Emisor_initVar - checked to identify that the component has been
 936:Generated_Source\PSoC5/Emisor.c ****     *    initialized.
 937:Generated_Source\PSoC5/Emisor.c ****     *
 938:Generated_Source\PSoC5/Emisor.c ****     * Reentrant:
 939:Generated_Source\PSoC5/Emisor.c ****     *  No.
 940:Generated_Source\PSoC5/Emisor.c ****     *
 941:Generated_Source\PSoC5/Emisor.c ****     *******************************************************************************/
 942:Generated_Source\PSoC5/Emisor.c ****     void Emisor_WriteTxData(uint8 txDataByte) 
 943:Generated_Source\PSoC5/Emisor.c ****     {
 573              		.loc 1 943 0
 574              		.cfi_startproc
 575              		@ args = 0, pretend = 0, frame = 0
 576              		@ frame_needed = 0, uses_anonymous_args = 0
 577              		@ link register save eliminated.
 578              	.LVL32:
 944:Generated_Source\PSoC5/Emisor.c ****         /* If not Initialized then skip this function*/
 945:Generated_Source\PSoC5/Emisor.c ****         if(Emisor_initVar != 0u)
 579              		.loc 1 945 0
 580 0000 024B     		ldr	r3, .L57
 581 0002 1B78     		ldrb	r3, [r3]	@ zero_extendqisi2
 582 0004 0BB1     		cbz	r3, .L55
 946:Generated_Source\PSoC5/Emisor.c ****         {
 947:Generated_Source\PSoC5/Emisor.c ****         #if (Emisor_TX_INTERRUPT_ENABLED)
 948:Generated_Source\PSoC5/Emisor.c **** 
 949:Generated_Source\PSoC5/Emisor.c ****             /* Protect variables that could change on interrupt. */
 950:Generated_Source\PSoC5/Emisor.c ****             Emisor_DisableTxInt();
 951:Generated_Source\PSoC5/Emisor.c **** 
ARM GAS  C:\Users\Henry\AppData\Local\Temp\ccBvUH9e.s 			page 28


 952:Generated_Source\PSoC5/Emisor.c ****             if( (Emisor_txBufferRead == Emisor_txBufferWrite) &&
 953:Generated_Source\PSoC5/Emisor.c ****                 ((Emisor_TXSTATUS_REG & Emisor_TX_STS_FIFO_FULL) == 0u) )
 954:Generated_Source\PSoC5/Emisor.c ****             {
 955:Generated_Source\PSoC5/Emisor.c ****                 /* Add directly to the FIFO. */
 956:Generated_Source\PSoC5/Emisor.c ****                 Emisor_TXDATA_REG = txDataByte;
 957:Generated_Source\PSoC5/Emisor.c ****             }
 958:Generated_Source\PSoC5/Emisor.c ****             else
 959:Generated_Source\PSoC5/Emisor.c ****             {
 960:Generated_Source\PSoC5/Emisor.c ****                 if(Emisor_txBufferWrite >= Emisor_TX_BUFFER_SIZE)
 961:Generated_Source\PSoC5/Emisor.c ****                 {
 962:Generated_Source\PSoC5/Emisor.c ****                     Emisor_txBufferWrite = 0u;
 963:Generated_Source\PSoC5/Emisor.c ****                 }
 964:Generated_Source\PSoC5/Emisor.c **** 
 965:Generated_Source\PSoC5/Emisor.c ****                 Emisor_txBuffer[Emisor_txBufferWrite] = txDataByte;
 966:Generated_Source\PSoC5/Emisor.c **** 
 967:Generated_Source\PSoC5/Emisor.c ****                 /* Add to the software buffer. */
 968:Generated_Source\PSoC5/Emisor.c ****                 Emisor_txBufferWrite++;
 969:Generated_Source\PSoC5/Emisor.c ****             }
 970:Generated_Source\PSoC5/Emisor.c **** 
 971:Generated_Source\PSoC5/Emisor.c ****             Emisor_EnableTxInt();
 972:Generated_Source\PSoC5/Emisor.c **** 
 973:Generated_Source\PSoC5/Emisor.c ****         #else
 974:Generated_Source\PSoC5/Emisor.c **** 
 975:Generated_Source\PSoC5/Emisor.c ****             /* Add directly to the FIFO. */
 976:Generated_Source\PSoC5/Emisor.c ****             Emisor_TXDATA_REG = txDataByte;
 583              		.loc 1 976 0
 584 0006 024B     		ldr	r3, .L57+4
 585 0008 1870     		strb	r0, [r3]
 586              	.L55:
 587 000a 7047     		bx	lr
 588              	.L58:
 589              		.align	2
 590              	.L57:
 591 000c 00000000 		.word	.LANCHOR0
 592 0010 42640040 		.word	1073767490
 593              		.cfi_endproc
 594              	.LFE17:
 595              		.size	Emisor_WriteTxData, .-Emisor_WriteTxData
 596              		.section	.text.Emisor_ReadTxStatus,"ax",%progbits
 597              		.align	2
 598              		.global	Emisor_ReadTxStatus
 599              		.thumb
 600              		.thumb_func
 601              		.type	Emisor_ReadTxStatus, %function
 602              	Emisor_ReadTxStatus:
 603              	.LFB18:
 977:Generated_Source\PSoC5/Emisor.c **** 
 978:Generated_Source\PSoC5/Emisor.c ****         #endif /*(Emisor_TX_INTERRUPT_ENABLED) */
 979:Generated_Source\PSoC5/Emisor.c ****         }
 980:Generated_Source\PSoC5/Emisor.c ****     }
 981:Generated_Source\PSoC5/Emisor.c **** 
 982:Generated_Source\PSoC5/Emisor.c **** 
 983:Generated_Source\PSoC5/Emisor.c ****     /*******************************************************************************
 984:Generated_Source\PSoC5/Emisor.c ****     * Function Name: Emisor_ReadTxStatus
 985:Generated_Source\PSoC5/Emisor.c ****     ********************************************************************************
 986:Generated_Source\PSoC5/Emisor.c ****     *
 987:Generated_Source\PSoC5/Emisor.c ****     * Summary:
ARM GAS  C:\Users\Henry\AppData\Local\Temp\ccBvUH9e.s 			page 29


 988:Generated_Source\PSoC5/Emisor.c ****     *  Reads the status register for the TX portion of the UART.
 989:Generated_Source\PSoC5/Emisor.c ****     *
 990:Generated_Source\PSoC5/Emisor.c ****     * Parameters:
 991:Generated_Source\PSoC5/Emisor.c ****     *  None.
 992:Generated_Source\PSoC5/Emisor.c ****     *
 993:Generated_Source\PSoC5/Emisor.c ****     * Return:
 994:Generated_Source\PSoC5/Emisor.c ****     *  Contents of the status register
 995:Generated_Source\PSoC5/Emisor.c ****     *
 996:Generated_Source\PSoC5/Emisor.c ****     * Theory:
 997:Generated_Source\PSoC5/Emisor.c ****     *  This function reads the TX status register, which is cleared on read.
 998:Generated_Source\PSoC5/Emisor.c ****     *  It is up to the user to handle all bits in this return value accordingly,
 999:Generated_Source\PSoC5/Emisor.c ****     *  even if the bit was not enabled as an interrupt source the event happened
1000:Generated_Source\PSoC5/Emisor.c ****     *  and must be handled accordingly.
1001:Generated_Source\PSoC5/Emisor.c ****     *
1002:Generated_Source\PSoC5/Emisor.c ****     *******************************************************************************/
1003:Generated_Source\PSoC5/Emisor.c ****     uint8 Emisor_ReadTxStatus(void) 
1004:Generated_Source\PSoC5/Emisor.c ****     {
 604              		.loc 1 1004 0
 605              		.cfi_startproc
 606              		@ args = 0, pretend = 0, frame = 0
 607              		@ frame_needed = 0, uses_anonymous_args = 0
 608              		@ link register save eliminated.
1005:Generated_Source\PSoC5/Emisor.c ****         return(Emisor_TXSTATUS_REG);
 609              		.loc 1 1005 0
 610 0000 014B     		ldr	r3, .L60
 611 0002 1878     		ldrb	r0, [r3]	@ zero_extendqisi2
1006:Generated_Source\PSoC5/Emisor.c ****     }
 612              		.loc 1 1006 0
 613 0004 7047     		bx	lr
 614              	.L61:
 615 0006 00BF     		.align	2
 616              	.L60:
 617 0008 62640040 		.word	1073767522
 618              		.cfi_endproc
 619              	.LFE18:
 620              		.size	Emisor_ReadTxStatus, .-Emisor_ReadTxStatus
 621              		.section	.text.Emisor_PutChar,"ax",%progbits
 622              		.align	2
 623              		.global	Emisor_PutChar
 624              		.thumb
 625              		.thumb_func
 626              		.type	Emisor_PutChar, %function
 627              	Emisor_PutChar:
 628              	.LFB19:
1007:Generated_Source\PSoC5/Emisor.c **** 
1008:Generated_Source\PSoC5/Emisor.c **** 
1009:Generated_Source\PSoC5/Emisor.c ****     /*******************************************************************************
1010:Generated_Source\PSoC5/Emisor.c ****     * Function Name: Emisor_PutChar
1011:Generated_Source\PSoC5/Emisor.c ****     ********************************************************************************
1012:Generated_Source\PSoC5/Emisor.c ****     *
1013:Generated_Source\PSoC5/Emisor.c ****     * Summary:
1014:Generated_Source\PSoC5/Emisor.c ****     *  Puts a byte of data into the transmit buffer to be sent when the bus is
1015:Generated_Source\PSoC5/Emisor.c ****     *  available. This is a blocking API that waits until the TX buffer has room to
1016:Generated_Source\PSoC5/Emisor.c ****     *  hold the data.
1017:Generated_Source\PSoC5/Emisor.c ****     *
1018:Generated_Source\PSoC5/Emisor.c ****     * Parameters:
1019:Generated_Source\PSoC5/Emisor.c ****     *  txDataByte: Byte containing the data to transmit
ARM GAS  C:\Users\Henry\AppData\Local\Temp\ccBvUH9e.s 			page 30


1020:Generated_Source\PSoC5/Emisor.c ****     *
1021:Generated_Source\PSoC5/Emisor.c ****     * Return:
1022:Generated_Source\PSoC5/Emisor.c ****     *  None.
1023:Generated_Source\PSoC5/Emisor.c ****     *
1024:Generated_Source\PSoC5/Emisor.c ****     * Global Variables:
1025:Generated_Source\PSoC5/Emisor.c ****     *  Emisor_txBuffer - RAM buffer pointer for save data for transmission
1026:Generated_Source\PSoC5/Emisor.c ****     *  Emisor_txBufferWrite - cyclic index for write to txBuffer,
1027:Generated_Source\PSoC5/Emisor.c ****     *     checked to identify free space in txBuffer and incremented after each byte
1028:Generated_Source\PSoC5/Emisor.c ****     *     saved to buffer.
1029:Generated_Source\PSoC5/Emisor.c ****     *  Emisor_txBufferRead - cyclic index for read from txBuffer,
1030:Generated_Source\PSoC5/Emisor.c ****     *     checked to identify free space in txBuffer.
1031:Generated_Source\PSoC5/Emisor.c ****     *  Emisor_initVar - checked to identify that the component has been
1032:Generated_Source\PSoC5/Emisor.c ****     *     initialized.
1033:Generated_Source\PSoC5/Emisor.c ****     *
1034:Generated_Source\PSoC5/Emisor.c ****     * Reentrant:
1035:Generated_Source\PSoC5/Emisor.c ****     *  No.
1036:Generated_Source\PSoC5/Emisor.c ****     *
1037:Generated_Source\PSoC5/Emisor.c ****     * Theory:
1038:Generated_Source\PSoC5/Emisor.c ****     *  Allows the user to transmit any byte of data in a single transfer
1039:Generated_Source\PSoC5/Emisor.c ****     *
1040:Generated_Source\PSoC5/Emisor.c ****     *******************************************************************************/
1041:Generated_Source\PSoC5/Emisor.c ****     void Emisor_PutChar(uint8 txDataByte) 
1042:Generated_Source\PSoC5/Emisor.c ****     {
 629              		.loc 1 1042 0
 630              		.cfi_startproc
 631              		@ args = 0, pretend = 0, frame = 0
 632              		@ frame_needed = 0, uses_anonymous_args = 0
 633              		@ link register save eliminated.
 634              	.LVL33:
 635              	.L63:
1043:Generated_Source\PSoC5/Emisor.c ****     #if (Emisor_TX_INTERRUPT_ENABLED)
1044:Generated_Source\PSoC5/Emisor.c ****         /* The temporary output pointer is used since it takes two instructions
1045:Generated_Source\PSoC5/Emisor.c ****         *  to increment with a wrap, and we can't risk doing that with the real
1046:Generated_Source\PSoC5/Emisor.c ****         *  pointer and getting an interrupt in between instructions.
1047:Generated_Source\PSoC5/Emisor.c ****         */
1048:Generated_Source\PSoC5/Emisor.c ****         uint8 locTxBufferWrite;
1049:Generated_Source\PSoC5/Emisor.c ****         uint8 locTxBufferRead;
1050:Generated_Source\PSoC5/Emisor.c **** 
1051:Generated_Source\PSoC5/Emisor.c ****         do
1052:Generated_Source\PSoC5/Emisor.c ****         { /* Block if software buffer is full, so we don't overwrite. */
1053:Generated_Source\PSoC5/Emisor.c **** 
1054:Generated_Source\PSoC5/Emisor.c ****         #if ((Emisor_TX_BUFFER_SIZE > Emisor_MAX_BYTE_VALUE) && (CY_PSOC3))
1055:Generated_Source\PSoC5/Emisor.c ****             /* Disable TX interrupt to protect variables from modification */
1056:Generated_Source\PSoC5/Emisor.c ****             Emisor_DisableTxInt();
1057:Generated_Source\PSoC5/Emisor.c ****         #endif /* (Emisor_TX_BUFFER_SIZE > Emisor_MAX_BYTE_VALUE) && (CY_PSOC3) */
1058:Generated_Source\PSoC5/Emisor.c **** 
1059:Generated_Source\PSoC5/Emisor.c ****             locTxBufferWrite = Emisor_txBufferWrite;
1060:Generated_Source\PSoC5/Emisor.c ****             locTxBufferRead  = Emisor_txBufferRead;
1061:Generated_Source\PSoC5/Emisor.c **** 
1062:Generated_Source\PSoC5/Emisor.c ****         #if ((Emisor_TX_BUFFER_SIZE > Emisor_MAX_BYTE_VALUE) && (CY_PSOC3))
1063:Generated_Source\PSoC5/Emisor.c ****             /* Enable interrupt to continue transmission */
1064:Generated_Source\PSoC5/Emisor.c ****             Emisor_EnableTxInt();
1065:Generated_Source\PSoC5/Emisor.c ****         #endif /* (Emisor_TX_BUFFER_SIZE > Emisor_MAX_BYTE_VALUE) && (CY_PSOC3) */
1066:Generated_Source\PSoC5/Emisor.c ****         }
1067:Generated_Source\PSoC5/Emisor.c ****         while( (locTxBufferWrite < locTxBufferRead) ? (locTxBufferWrite == (locTxBufferRead - 1u)) 
1068:Generated_Source\PSoC5/Emisor.c ****                                 ((locTxBufferWrite - locTxBufferRead) ==
1069:Generated_Source\PSoC5/Emisor.c ****                                 (uint8)(Emisor_TX_BUFFER_SIZE - 1u)) );
ARM GAS  C:\Users\Henry\AppData\Local\Temp\ccBvUH9e.s 			page 31


1070:Generated_Source\PSoC5/Emisor.c **** 
1071:Generated_Source\PSoC5/Emisor.c ****         if( (locTxBufferRead == locTxBufferWrite) &&
1072:Generated_Source\PSoC5/Emisor.c ****             ((Emisor_TXSTATUS_REG & Emisor_TX_STS_FIFO_FULL) == 0u) )
1073:Generated_Source\PSoC5/Emisor.c ****         {
1074:Generated_Source\PSoC5/Emisor.c ****             /* Add directly to the FIFO */
1075:Generated_Source\PSoC5/Emisor.c ****             Emisor_TXDATA_REG = txDataByte;
1076:Generated_Source\PSoC5/Emisor.c ****         }
1077:Generated_Source\PSoC5/Emisor.c ****         else
1078:Generated_Source\PSoC5/Emisor.c ****         {
1079:Generated_Source\PSoC5/Emisor.c ****             if(locTxBufferWrite >= Emisor_TX_BUFFER_SIZE)
1080:Generated_Source\PSoC5/Emisor.c ****             {
1081:Generated_Source\PSoC5/Emisor.c ****                 locTxBufferWrite = 0u;
1082:Generated_Source\PSoC5/Emisor.c ****             }
1083:Generated_Source\PSoC5/Emisor.c ****             /* Add to the software buffer. */
1084:Generated_Source\PSoC5/Emisor.c ****             Emisor_txBuffer[locTxBufferWrite] = txDataByte;
1085:Generated_Source\PSoC5/Emisor.c ****             locTxBufferWrite++;
1086:Generated_Source\PSoC5/Emisor.c **** 
1087:Generated_Source\PSoC5/Emisor.c ****             /* Finally, update the real output pointer */
1088:Generated_Source\PSoC5/Emisor.c ****         #if ((Emisor_TX_BUFFER_SIZE > Emisor_MAX_BYTE_VALUE) && (CY_PSOC3))
1089:Generated_Source\PSoC5/Emisor.c ****             Emisor_DisableTxInt();
1090:Generated_Source\PSoC5/Emisor.c ****         #endif /* (Emisor_TX_BUFFER_SIZE > Emisor_MAX_BYTE_VALUE) && (CY_PSOC3) */
1091:Generated_Source\PSoC5/Emisor.c **** 
1092:Generated_Source\PSoC5/Emisor.c ****             Emisor_txBufferWrite = locTxBufferWrite;
1093:Generated_Source\PSoC5/Emisor.c **** 
1094:Generated_Source\PSoC5/Emisor.c ****         #if ((Emisor_TX_BUFFER_SIZE > Emisor_MAX_BYTE_VALUE) && (CY_PSOC3))
1095:Generated_Source\PSoC5/Emisor.c ****             Emisor_EnableTxInt();
1096:Generated_Source\PSoC5/Emisor.c ****         #endif /* (Emisor_TX_BUFFER_SIZE > Emisor_MAX_BYTE_VALUE) && (CY_PSOC3) */
1097:Generated_Source\PSoC5/Emisor.c **** 
1098:Generated_Source\PSoC5/Emisor.c ****             if(0u != (Emisor_TXSTATUS_REG & Emisor_TX_STS_FIFO_EMPTY))
1099:Generated_Source\PSoC5/Emisor.c ****             {
1100:Generated_Source\PSoC5/Emisor.c ****                 /* Trigger TX interrupt to send software buffer */
1101:Generated_Source\PSoC5/Emisor.c ****                 Emisor_SetPendingTxInt();
1102:Generated_Source\PSoC5/Emisor.c ****             }
1103:Generated_Source\PSoC5/Emisor.c ****         }
1104:Generated_Source\PSoC5/Emisor.c **** 
1105:Generated_Source\PSoC5/Emisor.c ****     #else
1106:Generated_Source\PSoC5/Emisor.c **** 
1107:Generated_Source\PSoC5/Emisor.c ****         while((Emisor_TXSTATUS_REG & Emisor_TX_STS_FIFO_FULL) != 0u)
 636              		.loc 1 1107 0 discriminator 1
 637 0000 034B     		ldr	r3, .L64
 638 0002 1B78     		ldrb	r3, [r3]	@ zero_extendqisi2
 639 0004 13F0040F 		tst	r3, #4
 640 0008 FAD1     		bne	.L63
1108:Generated_Source\PSoC5/Emisor.c ****         {
1109:Generated_Source\PSoC5/Emisor.c ****             /* Wait for room in the FIFO */
1110:Generated_Source\PSoC5/Emisor.c ****         }
1111:Generated_Source\PSoC5/Emisor.c **** 
1112:Generated_Source\PSoC5/Emisor.c ****         /* Add directly to the FIFO */
1113:Generated_Source\PSoC5/Emisor.c ****         Emisor_TXDATA_REG = txDataByte;
 641              		.loc 1 1113 0
 642 000a 024B     		ldr	r3, .L64+4
 643 000c 1870     		strb	r0, [r3]
 644 000e 7047     		bx	lr
 645              	.L65:
 646              		.align	2
 647              	.L64:
 648 0010 62640040 		.word	1073767522
ARM GAS  C:\Users\Henry\AppData\Local\Temp\ccBvUH9e.s 			page 32


 649 0014 42640040 		.word	1073767490
 650              		.cfi_endproc
 651              	.LFE19:
 652              		.size	Emisor_PutChar, .-Emisor_PutChar
 653              		.section	.text.Emisor_PutString,"ax",%progbits
 654              		.align	2
 655              		.global	Emisor_PutString
 656              		.thumb
 657              		.thumb_func
 658              		.type	Emisor_PutString, %function
 659              	Emisor_PutString:
 660              	.LFB20:
1114:Generated_Source\PSoC5/Emisor.c **** 
1115:Generated_Source\PSoC5/Emisor.c ****     #endif /* Emisor_TX_INTERRUPT_ENABLED */
1116:Generated_Source\PSoC5/Emisor.c ****     }
1117:Generated_Source\PSoC5/Emisor.c **** 
1118:Generated_Source\PSoC5/Emisor.c **** 
1119:Generated_Source\PSoC5/Emisor.c ****     /*******************************************************************************
1120:Generated_Source\PSoC5/Emisor.c ****     * Function Name: Emisor_PutString
1121:Generated_Source\PSoC5/Emisor.c ****     ********************************************************************************
1122:Generated_Source\PSoC5/Emisor.c ****     *
1123:Generated_Source\PSoC5/Emisor.c ****     * Summary:
1124:Generated_Source\PSoC5/Emisor.c ****     *  Sends a NULL terminated string to the TX buffer for transmission.
1125:Generated_Source\PSoC5/Emisor.c ****     *
1126:Generated_Source\PSoC5/Emisor.c ****     * Parameters:
1127:Generated_Source\PSoC5/Emisor.c ****     *  string[]: Pointer to the null terminated string array residing in RAM or ROM
1128:Generated_Source\PSoC5/Emisor.c ****     *
1129:Generated_Source\PSoC5/Emisor.c ****     * Return:
1130:Generated_Source\PSoC5/Emisor.c ****     *  None.
1131:Generated_Source\PSoC5/Emisor.c ****     *
1132:Generated_Source\PSoC5/Emisor.c ****     * Global Variables:
1133:Generated_Source\PSoC5/Emisor.c ****     *  Emisor_initVar - checked to identify that the component has been
1134:Generated_Source\PSoC5/Emisor.c ****     *     initialized.
1135:Generated_Source\PSoC5/Emisor.c ****     *
1136:Generated_Source\PSoC5/Emisor.c ****     * Reentrant:
1137:Generated_Source\PSoC5/Emisor.c ****     *  No.
1138:Generated_Source\PSoC5/Emisor.c ****     *
1139:Generated_Source\PSoC5/Emisor.c ****     * Theory:
1140:Generated_Source\PSoC5/Emisor.c ****     *  If there is not enough memory in the TX buffer for the entire string, this
1141:Generated_Source\PSoC5/Emisor.c ****     *  function blocks until the last character of the string is loaded into the
1142:Generated_Source\PSoC5/Emisor.c ****     *  TX buffer.
1143:Generated_Source\PSoC5/Emisor.c ****     *
1144:Generated_Source\PSoC5/Emisor.c ****     *******************************************************************************/
1145:Generated_Source\PSoC5/Emisor.c ****     void Emisor_PutString(const char8 string[]) 
1146:Generated_Source\PSoC5/Emisor.c ****     {
 661              		.loc 1 1146 0
 662              		.cfi_startproc
 663              		@ args = 0, pretend = 0, frame = 0
 664              		@ frame_needed = 0, uses_anonymous_args = 0
 665              	.LVL34:
 666 0000 38B5     		push	{r3, r4, r5, lr}
 667              		.cfi_def_cfa_offset 16
 668              		.cfi_offset 3, -16
 669              		.cfi_offset 4, -12
 670              		.cfi_offset 5, -8
 671              		.cfi_offset 14, -4
 672              	.LVL35:
ARM GAS  C:\Users\Henry\AppData\Local\Temp\ccBvUH9e.s 			page 33


1147:Generated_Source\PSoC5/Emisor.c ****         uint16 bufIndex = 0u;
1148:Generated_Source\PSoC5/Emisor.c **** 
1149:Generated_Source\PSoC5/Emisor.c ****         /* If not Initialized then skip this function */
1150:Generated_Source\PSoC5/Emisor.c ****         if(Emisor_initVar != 0u)
 673              		.loc 1 1150 0
 674 0002 074B     		ldr	r3, .L72
 675 0004 1B78     		ldrb	r3, [r3]	@ zero_extendqisi2
 676 0006 2BB9     		cbnz	r3, .L70
 677 0008 38BD     		pop	{r3, r4, r5, pc}
 678              	.LVL36:
 679              	.L69:
1151:Generated_Source\PSoC5/Emisor.c ****         {
1152:Generated_Source\PSoC5/Emisor.c ****             /* This is a blocking function, it will not exit until all data is sent */
1153:Generated_Source\PSoC5/Emisor.c ****             while(string[bufIndex] != (char8) 0)
1154:Generated_Source\PSoC5/Emisor.c ****             {
1155:Generated_Source\PSoC5/Emisor.c ****                 Emisor_PutChar((uint8)string[bufIndex]);
 680              		.loc 1 1155 0
 681 000a FFF7FEFF 		bl	Emisor_PutChar
 682              	.LVL37:
1156:Generated_Source\PSoC5/Emisor.c ****                 bufIndex++;
 683              		.loc 1 1156 0
 684 000e 0134     		adds	r4, r4, #1
 685              	.LVL38:
 686 0010 A4B2     		uxth	r4, r4
 687              	.LVL39:
 688 0012 01E0     		b	.L67
 689              	.LVL40:
 690              	.L70:
 691 0014 0546     		mov	r5, r0
 692 0016 0024     		movs	r4, #0
 693              	.LVL41:
 694              	.L67:
1153:Generated_Source\PSoC5/Emisor.c ****             {
 695              		.loc 1 1153 0
 696 0018 285D     		ldrb	r0, [r5, r4]	@ zero_extendqisi2
 697 001a 0028     		cmp	r0, #0
 698 001c F5D1     		bne	.L69
 699 001e 38BD     		pop	{r3, r4, r5, pc}
 700              	.LVL42:
 701              	.L73:
 702              		.align	2
 703              	.L72:
 704 0020 00000000 		.word	.LANCHOR0
 705              		.cfi_endproc
 706              	.LFE20:
 707              		.size	Emisor_PutString, .-Emisor_PutString
 708              		.section	.text.Emisor_PutArray,"ax",%progbits
 709              		.align	2
 710              		.global	Emisor_PutArray
 711              		.thumb
 712              		.thumb_func
 713              		.type	Emisor_PutArray, %function
 714              	Emisor_PutArray:
 715              	.LFB21:
1157:Generated_Source\PSoC5/Emisor.c ****             }
1158:Generated_Source\PSoC5/Emisor.c ****         }
1159:Generated_Source\PSoC5/Emisor.c ****     }
ARM GAS  C:\Users\Henry\AppData\Local\Temp\ccBvUH9e.s 			page 34


1160:Generated_Source\PSoC5/Emisor.c **** 
1161:Generated_Source\PSoC5/Emisor.c **** 
1162:Generated_Source\PSoC5/Emisor.c ****     /*******************************************************************************
1163:Generated_Source\PSoC5/Emisor.c ****     * Function Name: Emisor_PutArray
1164:Generated_Source\PSoC5/Emisor.c ****     ********************************************************************************
1165:Generated_Source\PSoC5/Emisor.c ****     *
1166:Generated_Source\PSoC5/Emisor.c ****     * Summary:
1167:Generated_Source\PSoC5/Emisor.c ****     *  Places N bytes of data from a memory array into the TX buffer for
1168:Generated_Source\PSoC5/Emisor.c ****     *  transmission.
1169:Generated_Source\PSoC5/Emisor.c ****     *
1170:Generated_Source\PSoC5/Emisor.c ****     * Parameters:
1171:Generated_Source\PSoC5/Emisor.c ****     *  string[]: Address of the memory array residing in RAM or ROM.
1172:Generated_Source\PSoC5/Emisor.c ****     *  byteCount: Number of bytes to be transmitted. The type depends on TX Buffer
1173:Generated_Source\PSoC5/Emisor.c ****     *             Size parameter.
1174:Generated_Source\PSoC5/Emisor.c ****     *
1175:Generated_Source\PSoC5/Emisor.c ****     * Return:
1176:Generated_Source\PSoC5/Emisor.c ****     *  None.
1177:Generated_Source\PSoC5/Emisor.c ****     *
1178:Generated_Source\PSoC5/Emisor.c ****     * Global Variables:
1179:Generated_Source\PSoC5/Emisor.c ****     *  Emisor_initVar - checked to identify that the component has been
1180:Generated_Source\PSoC5/Emisor.c ****     *     initialized.
1181:Generated_Source\PSoC5/Emisor.c ****     *
1182:Generated_Source\PSoC5/Emisor.c ****     * Reentrant:
1183:Generated_Source\PSoC5/Emisor.c ****     *  No.
1184:Generated_Source\PSoC5/Emisor.c ****     *
1185:Generated_Source\PSoC5/Emisor.c ****     * Theory:
1186:Generated_Source\PSoC5/Emisor.c ****     *  If there is not enough memory in the TX buffer for the entire string, this
1187:Generated_Source\PSoC5/Emisor.c ****     *  function blocks until the last character of the string is loaded into the
1188:Generated_Source\PSoC5/Emisor.c ****     *  TX buffer.
1189:Generated_Source\PSoC5/Emisor.c ****     *
1190:Generated_Source\PSoC5/Emisor.c ****     *******************************************************************************/
1191:Generated_Source\PSoC5/Emisor.c ****     void Emisor_PutArray(const uint8 string[], uint8 byteCount)
1192:Generated_Source\PSoC5/Emisor.c ****                                                                     
1193:Generated_Source\PSoC5/Emisor.c ****     {
 716              		.loc 1 1193 0
 717              		.cfi_startproc
 718              		@ args = 0, pretend = 0, frame = 0
 719              		@ frame_needed = 0, uses_anonymous_args = 0
 720              	.LVL43:
1194:Generated_Source\PSoC5/Emisor.c ****         uint8 bufIndex = 0u;
1195:Generated_Source\PSoC5/Emisor.c **** 
1196:Generated_Source\PSoC5/Emisor.c ****         /* If not Initialized then skip this function */
1197:Generated_Source\PSoC5/Emisor.c ****         if(Emisor_initVar != 0u)
 721              		.loc 1 1197 0
 722 0000 084B     		ldr	r3, .L80
 723 0002 1B78     		ldrb	r3, [r3]	@ zero_extendqisi2
 724 0004 33B9     		cbnz	r3, .L78
 725 0006 7047     		bx	lr
 726              	.LVL44:
 727              	.L77:
 728              		.cfi_def_cfa_offset 16
 729              		.cfi_offset 4, -16
 730              		.cfi_offset 5, -12
 731              		.cfi_offset 6, -8
 732              		.cfi_offset 14, -4
1198:Generated_Source\PSoC5/Emisor.c ****         {
1199:Generated_Source\PSoC5/Emisor.c ****             while(bufIndex < byteCount)
ARM GAS  C:\Users\Henry\AppData\Local\Temp\ccBvUH9e.s 			page 35


1200:Generated_Source\PSoC5/Emisor.c ****             {
1201:Generated_Source\PSoC5/Emisor.c ****                 Emisor_PutChar(string[bufIndex]);
 733              		.loc 1 1201 0
 734 0008 305D     		ldrb	r0, [r6, r4]	@ zero_extendqisi2
 735 000a FFF7FEFF 		bl	Emisor_PutChar
 736              	.LVL45:
1202:Generated_Source\PSoC5/Emisor.c ****                 bufIndex++;
 737              		.loc 1 1202 0
 738 000e 0134     		adds	r4, r4, #1
 739              	.LVL46:
 740 0010 E4B2     		uxtb	r4, r4
 741              	.LVL47:
 742 0012 03E0     		b	.L75
 743              	.LVL48:
 744              	.L78:
 745              		.cfi_def_cfa_offset 0
 746              		.cfi_restore 4
 747              		.cfi_restore 5
 748              		.cfi_restore 6
 749              		.cfi_restore 14
1193:Generated_Source\PSoC5/Emisor.c ****         uint8 bufIndex = 0u;
 750              		.loc 1 1193 0
 751 0014 70B5     		push	{r4, r5, r6, lr}
 752              		.cfi_def_cfa_offset 16
 753              		.cfi_offset 4, -16
 754              		.cfi_offset 5, -12
 755              		.cfi_offset 6, -8
 756              		.cfi_offset 14, -4
 757 0016 0D46     		mov	r5, r1
 758 0018 0646     		mov	r6, r0
 759 001a 0024     		movs	r4, #0
 760              	.LVL49:
 761              	.L75:
1199:Generated_Source\PSoC5/Emisor.c ****             {
 762              		.loc 1 1199 0
 763 001c AC42     		cmp	r4, r5
 764 001e F3D3     		bcc	.L77
 765 0020 70BD     		pop	{r4, r5, r6, pc}
 766              	.LVL50:
 767              	.L81:
 768 0022 00BF     		.align	2
 769              	.L80:
 770 0024 00000000 		.word	.LANCHOR0
 771              		.cfi_endproc
 772              	.LFE21:
 773              		.size	Emisor_PutArray, .-Emisor_PutArray
 774              		.section	.text.Emisor_PutCRLF,"ax",%progbits
 775              		.align	2
 776              		.global	Emisor_PutCRLF
 777              		.thumb
 778              		.thumb_func
 779              		.type	Emisor_PutCRLF, %function
 780              	Emisor_PutCRLF:
 781              	.LFB22:
1203:Generated_Source\PSoC5/Emisor.c ****             }
1204:Generated_Source\PSoC5/Emisor.c ****         }
1205:Generated_Source\PSoC5/Emisor.c ****     }
ARM GAS  C:\Users\Henry\AppData\Local\Temp\ccBvUH9e.s 			page 36


1206:Generated_Source\PSoC5/Emisor.c **** 
1207:Generated_Source\PSoC5/Emisor.c **** 
1208:Generated_Source\PSoC5/Emisor.c ****     /*******************************************************************************
1209:Generated_Source\PSoC5/Emisor.c ****     * Function Name: Emisor_PutCRLF
1210:Generated_Source\PSoC5/Emisor.c ****     ********************************************************************************
1211:Generated_Source\PSoC5/Emisor.c ****     *
1212:Generated_Source\PSoC5/Emisor.c ****     * Summary:
1213:Generated_Source\PSoC5/Emisor.c ****     *  Writes a byte of data followed by a carriage return (0x0D) and line feed
1214:Generated_Source\PSoC5/Emisor.c ****     *  (0x0A) to the transmit buffer.
1215:Generated_Source\PSoC5/Emisor.c ****     *
1216:Generated_Source\PSoC5/Emisor.c ****     * Parameters:
1217:Generated_Source\PSoC5/Emisor.c ****     *  txDataByte: Data byte to transmit before the carriage return and line feed.
1218:Generated_Source\PSoC5/Emisor.c ****     *
1219:Generated_Source\PSoC5/Emisor.c ****     * Return:
1220:Generated_Source\PSoC5/Emisor.c ****     *  None.
1221:Generated_Source\PSoC5/Emisor.c ****     *
1222:Generated_Source\PSoC5/Emisor.c ****     * Global Variables:
1223:Generated_Source\PSoC5/Emisor.c ****     *  Emisor_initVar - checked to identify that the component has been
1224:Generated_Source\PSoC5/Emisor.c ****     *     initialized.
1225:Generated_Source\PSoC5/Emisor.c ****     *
1226:Generated_Source\PSoC5/Emisor.c ****     * Reentrant:
1227:Generated_Source\PSoC5/Emisor.c ****     *  No.
1228:Generated_Source\PSoC5/Emisor.c ****     *
1229:Generated_Source\PSoC5/Emisor.c ****     *******************************************************************************/
1230:Generated_Source\PSoC5/Emisor.c ****     void Emisor_PutCRLF(uint8 txDataByte) 
1231:Generated_Source\PSoC5/Emisor.c ****     {
 782              		.loc 1 1231 0
 783              		.cfi_startproc
 784              		@ args = 0, pretend = 0, frame = 0
 785              		@ frame_needed = 0, uses_anonymous_args = 0
 786              	.LVL51:
 787 0000 08B5     		push	{r3, lr}
 788              		.cfi_def_cfa_offset 8
 789              		.cfi_offset 3, -8
 790              		.cfi_offset 14, -4
1232:Generated_Source\PSoC5/Emisor.c ****         /* If not Initialized then skip this function */
1233:Generated_Source\PSoC5/Emisor.c ****         if(Emisor_initVar != 0u)
 791              		.loc 1 1233 0
 792 0002 064B     		ldr	r3, .L85
 793 0004 1B78     		ldrb	r3, [r3]	@ zero_extendqisi2
 794 0006 3BB1     		cbz	r3, .L82
1234:Generated_Source\PSoC5/Emisor.c ****         {
1235:Generated_Source\PSoC5/Emisor.c ****             Emisor_PutChar(txDataByte);
 795              		.loc 1 1235 0
 796 0008 FFF7FEFF 		bl	Emisor_PutChar
 797              	.LVL52:
1236:Generated_Source\PSoC5/Emisor.c ****             Emisor_PutChar(0x0Du);
 798              		.loc 1 1236 0
 799 000c 0D20     		movs	r0, #13
 800 000e FFF7FEFF 		bl	Emisor_PutChar
 801              	.LVL53:
1237:Generated_Source\PSoC5/Emisor.c ****             Emisor_PutChar(0x0Au);
 802              		.loc 1 1237 0
 803 0012 0A20     		movs	r0, #10
 804 0014 FFF7FEFF 		bl	Emisor_PutChar
 805              	.LVL54:
 806              	.L82:
ARM GAS  C:\Users\Henry\AppData\Local\Temp\ccBvUH9e.s 			page 37


 807 0018 08BD     		pop	{r3, pc}
 808              	.L86:
 809 001a 00BF     		.align	2
 810              	.L85:
 811 001c 00000000 		.word	.LANCHOR0
 812              		.cfi_endproc
 813              	.LFE22:
 814              		.size	Emisor_PutCRLF, .-Emisor_PutCRLF
 815              		.section	.text.Emisor_GetTxBufferSize,"ax",%progbits
 816              		.align	2
 817              		.global	Emisor_GetTxBufferSize
 818              		.thumb
 819              		.thumb_func
 820              		.type	Emisor_GetTxBufferSize, %function
 821              	Emisor_GetTxBufferSize:
 822              	.LFB23:
1238:Generated_Source\PSoC5/Emisor.c ****         }
1239:Generated_Source\PSoC5/Emisor.c ****     }
1240:Generated_Source\PSoC5/Emisor.c **** 
1241:Generated_Source\PSoC5/Emisor.c **** 
1242:Generated_Source\PSoC5/Emisor.c ****     /*******************************************************************************
1243:Generated_Source\PSoC5/Emisor.c ****     * Function Name: Emisor_GetTxBufferSize
1244:Generated_Source\PSoC5/Emisor.c ****     ********************************************************************************
1245:Generated_Source\PSoC5/Emisor.c ****     *
1246:Generated_Source\PSoC5/Emisor.c ****     * Summary:
1247:Generated_Source\PSoC5/Emisor.c ****     *  Returns the number of bytes in the TX buffer which are waiting to be 
1248:Generated_Source\PSoC5/Emisor.c ****     *  transmitted.
1249:Generated_Source\PSoC5/Emisor.c ****     *  * TX software buffer is disabled (TX Buffer Size parameter is equal to 4): 
1250:Generated_Source\PSoC5/Emisor.c ****     *    returns 0 for empty TX FIFO, 1 for not full TX FIFO or 4 for full TX FIFO.
1251:Generated_Source\PSoC5/Emisor.c ****     *  * TX software buffer is enabled: returns the number of bytes in the TX 
1252:Generated_Source\PSoC5/Emisor.c ****     *    software buffer which are waiting to be transmitted. Bytes available in the
1253:Generated_Source\PSoC5/Emisor.c ****     *    TX FIFO do not count.
1254:Generated_Source\PSoC5/Emisor.c ****     *
1255:Generated_Source\PSoC5/Emisor.c ****     * Parameters:
1256:Generated_Source\PSoC5/Emisor.c ****     *  None.
1257:Generated_Source\PSoC5/Emisor.c ****     *
1258:Generated_Source\PSoC5/Emisor.c ****     * Return:
1259:Generated_Source\PSoC5/Emisor.c ****     *  Number of bytes used in the TX buffer. Return value type depends on the TX 
1260:Generated_Source\PSoC5/Emisor.c ****     *  Buffer Size parameter.
1261:Generated_Source\PSoC5/Emisor.c ****     *
1262:Generated_Source\PSoC5/Emisor.c ****     * Global Variables:
1263:Generated_Source\PSoC5/Emisor.c ****     *  Emisor_txBufferWrite - used to calculate left space.
1264:Generated_Source\PSoC5/Emisor.c ****     *  Emisor_txBufferRead - used to calculate left space.
1265:Generated_Source\PSoC5/Emisor.c ****     *
1266:Generated_Source\PSoC5/Emisor.c ****     * Reentrant:
1267:Generated_Source\PSoC5/Emisor.c ****     *  No.
1268:Generated_Source\PSoC5/Emisor.c ****     *
1269:Generated_Source\PSoC5/Emisor.c ****     * Theory:
1270:Generated_Source\PSoC5/Emisor.c ****     *  Allows the user to find out how full the TX Buffer is.
1271:Generated_Source\PSoC5/Emisor.c ****     *
1272:Generated_Source\PSoC5/Emisor.c ****     *******************************************************************************/
1273:Generated_Source\PSoC5/Emisor.c ****     uint8 Emisor_GetTxBufferSize(void)
1274:Generated_Source\PSoC5/Emisor.c ****                                                             
1275:Generated_Source\PSoC5/Emisor.c ****     {
 823              		.loc 1 1275 0
 824              		.cfi_startproc
 825              		@ args = 0, pretend = 0, frame = 0
ARM GAS  C:\Users\Henry\AppData\Local\Temp\ccBvUH9e.s 			page 38


 826              		@ frame_needed = 0, uses_anonymous_args = 0
 827              		@ link register save eliminated.
1276:Generated_Source\PSoC5/Emisor.c ****         uint8 size;
1277:Generated_Source\PSoC5/Emisor.c **** 
1278:Generated_Source\PSoC5/Emisor.c ****     #if (Emisor_TX_INTERRUPT_ENABLED)
1279:Generated_Source\PSoC5/Emisor.c **** 
1280:Generated_Source\PSoC5/Emisor.c ****         /* Protect variables that could change on interrupt. */
1281:Generated_Source\PSoC5/Emisor.c ****         Emisor_DisableTxInt();
1282:Generated_Source\PSoC5/Emisor.c **** 
1283:Generated_Source\PSoC5/Emisor.c ****         if(Emisor_txBufferRead == Emisor_txBufferWrite)
1284:Generated_Source\PSoC5/Emisor.c ****         {
1285:Generated_Source\PSoC5/Emisor.c ****             size = 0u;
1286:Generated_Source\PSoC5/Emisor.c ****         }
1287:Generated_Source\PSoC5/Emisor.c ****         else if(Emisor_txBufferRead < Emisor_txBufferWrite)
1288:Generated_Source\PSoC5/Emisor.c ****         {
1289:Generated_Source\PSoC5/Emisor.c ****             size = (Emisor_txBufferWrite - Emisor_txBufferRead);
1290:Generated_Source\PSoC5/Emisor.c ****         }
1291:Generated_Source\PSoC5/Emisor.c ****         else
1292:Generated_Source\PSoC5/Emisor.c ****         {
1293:Generated_Source\PSoC5/Emisor.c ****             size = (Emisor_TX_BUFFER_SIZE - Emisor_txBufferRead) +
1294:Generated_Source\PSoC5/Emisor.c ****                     Emisor_txBufferWrite;
1295:Generated_Source\PSoC5/Emisor.c ****         }
1296:Generated_Source\PSoC5/Emisor.c **** 
1297:Generated_Source\PSoC5/Emisor.c ****         Emisor_EnableTxInt();
1298:Generated_Source\PSoC5/Emisor.c **** 
1299:Generated_Source\PSoC5/Emisor.c ****     #else
1300:Generated_Source\PSoC5/Emisor.c **** 
1301:Generated_Source\PSoC5/Emisor.c ****         size = Emisor_TXSTATUS_REG;
 828              		.loc 1 1301 0
 829 0000 074B     		ldr	r3, .L91
 830 0002 1B78     		ldrb	r3, [r3]	@ zero_extendqisi2
 831 0004 DBB2     		uxtb	r3, r3
 832              	.LVL55:
1302:Generated_Source\PSoC5/Emisor.c **** 
1303:Generated_Source\PSoC5/Emisor.c ****         /* Is the fifo is full. */
1304:Generated_Source\PSoC5/Emisor.c ****         if((size & Emisor_TX_STS_FIFO_FULL) != 0u)
 833              		.loc 1 1304 0
 834 0006 13F0040F 		tst	r3, #4
 835 000a 04D1     		bne	.L89
1305:Generated_Source\PSoC5/Emisor.c ****         {
1306:Generated_Source\PSoC5/Emisor.c ****             size = Emisor_FIFO_LENGTH;
1307:Generated_Source\PSoC5/Emisor.c ****         }
1308:Generated_Source\PSoC5/Emisor.c ****         else if((size & Emisor_TX_STS_FIFO_EMPTY) != 0u)
 836              		.loc 1 1308 0
 837 000c 13F0020F 		tst	r3, #2
 838 0010 03D0     		beq	.L90
1309:Generated_Source\PSoC5/Emisor.c ****         {
1310:Generated_Source\PSoC5/Emisor.c ****             size = 0u;
 839              		.loc 1 1310 0
 840 0012 0020     		movs	r0, #0
 841 0014 7047     		bx	lr
 842              	.L89:
1306:Generated_Source\PSoC5/Emisor.c ****         }
 843              		.loc 1 1306 0
 844 0016 0420     		movs	r0, #4
 845 0018 7047     		bx	lr
 846              	.L90:
ARM GAS  C:\Users\Henry\AppData\Local\Temp\ccBvUH9e.s 			page 39


1311:Generated_Source\PSoC5/Emisor.c ****         }
1312:Generated_Source\PSoC5/Emisor.c ****         else
1313:Generated_Source\PSoC5/Emisor.c ****         {
1314:Generated_Source\PSoC5/Emisor.c ****             /* We only know there is data in the fifo. */
1315:Generated_Source\PSoC5/Emisor.c ****             size = 1u;
 847              		.loc 1 1315 0
 848 001a 0120     		movs	r0, #1
 849              	.LVL56:
1316:Generated_Source\PSoC5/Emisor.c ****         }
1317:Generated_Source\PSoC5/Emisor.c **** 
1318:Generated_Source\PSoC5/Emisor.c ****     #endif /* (Emisor_TX_INTERRUPT_ENABLED) */
1319:Generated_Source\PSoC5/Emisor.c **** 
1320:Generated_Source\PSoC5/Emisor.c ****     return(size);
1321:Generated_Source\PSoC5/Emisor.c ****     }
 850              		.loc 1 1321 0
 851 001c 7047     		bx	lr
 852              	.L92:
 853 001e 00BF     		.align	2
 854              	.L91:
 855 0020 62640040 		.word	1073767522
 856              		.cfi_endproc
 857              	.LFE23:
 858              		.size	Emisor_GetTxBufferSize, .-Emisor_GetTxBufferSize
 859              		.section	.text.Emisor_ClearTxBuffer,"ax",%progbits
 860              		.align	2
 861              		.global	Emisor_ClearTxBuffer
 862              		.thumb
 863              		.thumb_func
 864              		.type	Emisor_ClearTxBuffer, %function
 865              	Emisor_ClearTxBuffer:
 866              	.LFB24:
1322:Generated_Source\PSoC5/Emisor.c **** 
1323:Generated_Source\PSoC5/Emisor.c **** 
1324:Generated_Source\PSoC5/Emisor.c ****     /*******************************************************************************
1325:Generated_Source\PSoC5/Emisor.c ****     * Function Name: Emisor_ClearTxBuffer
1326:Generated_Source\PSoC5/Emisor.c ****     ********************************************************************************
1327:Generated_Source\PSoC5/Emisor.c ****     *
1328:Generated_Source\PSoC5/Emisor.c ****     * Summary:
1329:Generated_Source\PSoC5/Emisor.c ****     *  Clears all data from the TX buffer and hardware TX FIFO.
1330:Generated_Source\PSoC5/Emisor.c ****     *
1331:Generated_Source\PSoC5/Emisor.c ****     * Parameters:
1332:Generated_Source\PSoC5/Emisor.c ****     *  None.
1333:Generated_Source\PSoC5/Emisor.c ****     *
1334:Generated_Source\PSoC5/Emisor.c ****     * Return:
1335:Generated_Source\PSoC5/Emisor.c ****     *  None.
1336:Generated_Source\PSoC5/Emisor.c ****     *
1337:Generated_Source\PSoC5/Emisor.c ****     * Global Variables:
1338:Generated_Source\PSoC5/Emisor.c ****     *  Emisor_txBufferWrite - cleared to zero.
1339:Generated_Source\PSoC5/Emisor.c ****     *  Emisor_txBufferRead - cleared to zero.
1340:Generated_Source\PSoC5/Emisor.c ****     *
1341:Generated_Source\PSoC5/Emisor.c ****     * Reentrant:
1342:Generated_Source\PSoC5/Emisor.c ****     *  No.
1343:Generated_Source\PSoC5/Emisor.c ****     *
1344:Generated_Source\PSoC5/Emisor.c ****     * Theory:
1345:Generated_Source\PSoC5/Emisor.c ****     *  Setting the pointers to zero makes the system believe there is no data to
1346:Generated_Source\PSoC5/Emisor.c ****     *  read and writing will resume at address 0 overwriting any data that may have
1347:Generated_Source\PSoC5/Emisor.c ****     *  remained in the RAM.
ARM GAS  C:\Users\Henry\AppData\Local\Temp\ccBvUH9e.s 			page 40


1348:Generated_Source\PSoC5/Emisor.c ****     *
1349:Generated_Source\PSoC5/Emisor.c ****     * Side Effects:
1350:Generated_Source\PSoC5/Emisor.c ****     *  Data waiting in the transmit buffer is not sent; a byte that is currently
1351:Generated_Source\PSoC5/Emisor.c ****     *  transmitting finishes transmitting.
1352:Generated_Source\PSoC5/Emisor.c ****     *
1353:Generated_Source\PSoC5/Emisor.c ****     *******************************************************************************/
1354:Generated_Source\PSoC5/Emisor.c ****     void Emisor_ClearTxBuffer(void) 
1355:Generated_Source\PSoC5/Emisor.c ****     {
 867              		.loc 1 1355 0
 868              		.cfi_startproc
 869              		@ args = 0, pretend = 0, frame = 0
 870              		@ frame_needed = 0, uses_anonymous_args = 0
 871 0000 08B5     		push	{r3, lr}
 872              		.cfi_def_cfa_offset 8
 873              		.cfi_offset 3, -8
 874              		.cfi_offset 14, -4
1356:Generated_Source\PSoC5/Emisor.c ****         uint8 enableInterrupts;
1357:Generated_Source\PSoC5/Emisor.c **** 
1358:Generated_Source\PSoC5/Emisor.c ****         enableInterrupts = CyEnterCriticalSection();
 875              		.loc 1 1358 0
 876 0002 FFF7FEFF 		bl	CyEnterCriticalSection
 877              	.LVL57:
1359:Generated_Source\PSoC5/Emisor.c ****         /* Clear the HW FIFO */
1360:Generated_Source\PSoC5/Emisor.c ****         Emisor_TXDATA_AUX_CTL_REG |= (uint8)  Emisor_TX_FIFO_CLR;
 878              		.loc 1 1360 0
 879 0006 064B     		ldr	r3, .L95
 880 0008 1A78     		ldrb	r2, [r3]	@ zero_extendqisi2
 881 000a 42F00102 		orr	r2, r2, #1
 882 000e 1A70     		strb	r2, [r3]
1361:Generated_Source\PSoC5/Emisor.c ****         Emisor_TXDATA_AUX_CTL_REG &= (uint8) ~Emisor_TX_FIFO_CLR;
 883              		.loc 1 1361 0
 884 0010 1A78     		ldrb	r2, [r3]	@ zero_extendqisi2
 885 0012 02F0FE02 		and	r2, r2, #254
 886 0016 1A70     		strb	r2, [r3]
1362:Generated_Source\PSoC5/Emisor.c ****         CyExitCriticalSection(enableInterrupts);
 887              		.loc 1 1362 0
 888 0018 FFF7FEFF 		bl	CyExitCriticalSection
 889              	.LVL58:
 890 001c 08BD     		pop	{r3, pc}
 891              	.L96:
 892 001e 00BF     		.align	2
 893              	.L95:
 894 0020 92640040 		.word	1073767570
 895              		.cfi_endproc
 896              	.LFE24:
 897              		.size	Emisor_ClearTxBuffer, .-Emisor_ClearTxBuffer
 898              		.section	.text.Emisor_SendBreak,"ax",%progbits
 899              		.align	2
 900              		.global	Emisor_SendBreak
 901              		.thumb
 902              		.thumb_func
 903              		.type	Emisor_SendBreak, %function
 904              	Emisor_SendBreak:
 905              	.LFB25:
1363:Generated_Source\PSoC5/Emisor.c **** 
1364:Generated_Source\PSoC5/Emisor.c ****     #if (Emisor_TX_INTERRUPT_ENABLED)
1365:Generated_Source\PSoC5/Emisor.c **** 
ARM GAS  C:\Users\Henry\AppData\Local\Temp\ccBvUH9e.s 			page 41


1366:Generated_Source\PSoC5/Emisor.c ****         /* Protect variables that could change on interrupt. */
1367:Generated_Source\PSoC5/Emisor.c ****         Emisor_DisableTxInt();
1368:Generated_Source\PSoC5/Emisor.c **** 
1369:Generated_Source\PSoC5/Emisor.c ****         Emisor_txBufferRead = 0u;
1370:Generated_Source\PSoC5/Emisor.c ****         Emisor_txBufferWrite = 0u;
1371:Generated_Source\PSoC5/Emisor.c **** 
1372:Generated_Source\PSoC5/Emisor.c ****         /* Enable Tx interrupt. */
1373:Generated_Source\PSoC5/Emisor.c ****         Emisor_EnableTxInt();
1374:Generated_Source\PSoC5/Emisor.c **** 
1375:Generated_Source\PSoC5/Emisor.c ****     #endif /* (Emisor_TX_INTERRUPT_ENABLED) */
1376:Generated_Source\PSoC5/Emisor.c ****     }
1377:Generated_Source\PSoC5/Emisor.c **** 
1378:Generated_Source\PSoC5/Emisor.c **** 
1379:Generated_Source\PSoC5/Emisor.c ****     /*******************************************************************************
1380:Generated_Source\PSoC5/Emisor.c ****     * Function Name: Emisor_SendBreak
1381:Generated_Source\PSoC5/Emisor.c ****     ********************************************************************************
1382:Generated_Source\PSoC5/Emisor.c ****     *
1383:Generated_Source\PSoC5/Emisor.c ****     * Summary:
1384:Generated_Source\PSoC5/Emisor.c ****     *  Transmits a break signal on the bus.
1385:Generated_Source\PSoC5/Emisor.c ****     *
1386:Generated_Source\PSoC5/Emisor.c ****     * Parameters:
1387:Generated_Source\PSoC5/Emisor.c ****     *  uint8 retMode:  Send Break return mode. See the following table for options.
1388:Generated_Source\PSoC5/Emisor.c ****     *   Emisor_SEND_BREAK - Initialize registers for break, send the Break
1389:Generated_Source\PSoC5/Emisor.c ****     *       signal and return immediately.
1390:Generated_Source\PSoC5/Emisor.c ****     *   Emisor_WAIT_FOR_COMPLETE_REINIT - Wait until break transmission is
1391:Generated_Source\PSoC5/Emisor.c ****     *       complete, reinitialize registers to normal transmission mode then return
1392:Generated_Source\PSoC5/Emisor.c ****     *   Emisor_REINIT - Reinitialize registers to normal transmission mode
1393:Generated_Source\PSoC5/Emisor.c ****     *       then return.
1394:Generated_Source\PSoC5/Emisor.c ****     *   Emisor_SEND_WAIT_REINIT - Performs both options: 
1395:Generated_Source\PSoC5/Emisor.c ****     *      Emisor_SEND_BREAK and Emisor_WAIT_FOR_COMPLETE_REINIT.
1396:Generated_Source\PSoC5/Emisor.c ****     *      This option is recommended for most cases.
1397:Generated_Source\PSoC5/Emisor.c ****     *
1398:Generated_Source\PSoC5/Emisor.c ****     * Return:
1399:Generated_Source\PSoC5/Emisor.c ****     *  None.
1400:Generated_Source\PSoC5/Emisor.c ****     *
1401:Generated_Source\PSoC5/Emisor.c ****     * Global Variables:
1402:Generated_Source\PSoC5/Emisor.c ****     *  Emisor_initVar - checked to identify that the component has been
1403:Generated_Source\PSoC5/Emisor.c ****     *     initialized.
1404:Generated_Source\PSoC5/Emisor.c ****     *  txPeriod - static variable, used for keeping TX period configuration.
1405:Generated_Source\PSoC5/Emisor.c ****     *
1406:Generated_Source\PSoC5/Emisor.c ****     * Reentrant:
1407:Generated_Source\PSoC5/Emisor.c ****     *  No.
1408:Generated_Source\PSoC5/Emisor.c ****     *
1409:Generated_Source\PSoC5/Emisor.c ****     * Theory:
1410:Generated_Source\PSoC5/Emisor.c ****     *  SendBreak function initializes registers to send 13-bit break signal. It is
1411:Generated_Source\PSoC5/Emisor.c ****     *  important to return the registers configuration to normal for continue 8-bit
1412:Generated_Source\PSoC5/Emisor.c ****     *  operation.
1413:Generated_Source\PSoC5/Emisor.c ****     *  There are 3 variants for this API usage:
1414:Generated_Source\PSoC5/Emisor.c ****     *  1) SendBreak(3) - function will send the Break signal and take care on the
1415:Generated_Source\PSoC5/Emisor.c ****     *     configuration returning. Function will block CPU until transmission
1416:Generated_Source\PSoC5/Emisor.c ****     *     complete.
1417:Generated_Source\PSoC5/Emisor.c ****     *  2) User may want to use blocking time if UART configured to the low speed
1418:Generated_Source\PSoC5/Emisor.c ****     *     operation
1419:Generated_Source\PSoC5/Emisor.c ****     *     Example for this case:
1420:Generated_Source\PSoC5/Emisor.c ****     *     SendBreak(0);     - initialize Break signal transmission
1421:Generated_Source\PSoC5/Emisor.c ****     *         Add your code here to use CPU time
1422:Generated_Source\PSoC5/Emisor.c ****     *     SendBreak(1);     - complete Break operation
ARM GAS  C:\Users\Henry\AppData\Local\Temp\ccBvUH9e.s 			page 42


1423:Generated_Source\PSoC5/Emisor.c ****     *  3) Same to 2) but user may want to initialize and use the interrupt to
1424:Generated_Source\PSoC5/Emisor.c ****     *     complete break operation.
1425:Generated_Source\PSoC5/Emisor.c ****     *     Example for this case:
1426:Generated_Source\PSoC5/Emisor.c ****     *     Initialize TX interrupt with "TX - On TX Complete" parameter
1427:Generated_Source\PSoC5/Emisor.c ****     *     SendBreak(0);     - initialize Break signal transmission
1428:Generated_Source\PSoC5/Emisor.c ****     *         Add your code here to use CPU time
1429:Generated_Source\PSoC5/Emisor.c ****     *     When interrupt appear with Emisor_TX_STS_COMPLETE status:
1430:Generated_Source\PSoC5/Emisor.c ****     *     SendBreak(2);     - complete Break operation
1431:Generated_Source\PSoC5/Emisor.c ****     *
1432:Generated_Source\PSoC5/Emisor.c ****     * Side Effects:
1433:Generated_Source\PSoC5/Emisor.c ****     *  The Emisor_SendBreak() function initializes registers to send a
1434:Generated_Source\PSoC5/Emisor.c ****     *  break signal.
1435:Generated_Source\PSoC5/Emisor.c ****     *  Break signal length depends on the break signal bits configuration.
1436:Generated_Source\PSoC5/Emisor.c ****     *  The register configuration should be reinitialized before normal 8-bit
1437:Generated_Source\PSoC5/Emisor.c ****     *  communication can continue.
1438:Generated_Source\PSoC5/Emisor.c ****     *
1439:Generated_Source\PSoC5/Emisor.c ****     *******************************************************************************/
1440:Generated_Source\PSoC5/Emisor.c ****     void Emisor_SendBreak(uint8 retMode) 
1441:Generated_Source\PSoC5/Emisor.c ****     {
 906              		.loc 1 1441 0
 907              		.cfi_startproc
 908              		@ args = 0, pretend = 0, frame = 0
 909              		@ frame_needed = 0, uses_anonymous_args = 0
 910              		@ link register save eliminated.
 911              	.LVL59:
1442:Generated_Source\PSoC5/Emisor.c **** 
1443:Generated_Source\PSoC5/Emisor.c ****         /* If not Initialized then skip this function*/
1444:Generated_Source\PSoC5/Emisor.c ****         if(Emisor_initVar != 0u)
 912              		.loc 1 1444 0
 913 0000 124B     		ldr	r3, .L104
 914 0002 1B78     		ldrb	r3, [r3]	@ zero_extendqisi2
 915 0004 0BB3     		cbz	r3, .L97
 916              	.LBB2:
1445:Generated_Source\PSoC5/Emisor.c ****         {
1446:Generated_Source\PSoC5/Emisor.c ****             /* Set the Counter to 13-bits and transmit a 00 byte */
1447:Generated_Source\PSoC5/Emisor.c ****             /* When that is done then reset the counter value back */
1448:Generated_Source\PSoC5/Emisor.c ****             uint8 tmpStat;
1449:Generated_Source\PSoC5/Emisor.c **** 
1450:Generated_Source\PSoC5/Emisor.c ****         #if(Emisor_HD_ENABLED) /* Half Duplex mode*/
1451:Generated_Source\PSoC5/Emisor.c **** 
1452:Generated_Source\PSoC5/Emisor.c ****             if( (retMode == Emisor_SEND_BREAK) ||
1453:Generated_Source\PSoC5/Emisor.c ****                 (retMode == Emisor_SEND_WAIT_REINIT ) )
1454:Generated_Source\PSoC5/Emisor.c ****             {
1455:Generated_Source\PSoC5/Emisor.c ****                 /* CTRL_HD_SEND_BREAK - sends break bits in HD mode */
1456:Generated_Source\PSoC5/Emisor.c ****                 Emisor_WriteControlRegister(Emisor_ReadControlRegister() |
1457:Generated_Source\PSoC5/Emisor.c ****                                                       Emisor_CTRL_HD_SEND_BREAK);
1458:Generated_Source\PSoC5/Emisor.c ****                 /* Send zeros */
1459:Generated_Source\PSoC5/Emisor.c ****                 Emisor_TXDATA_REG = 0u;
1460:Generated_Source\PSoC5/Emisor.c **** 
1461:Generated_Source\PSoC5/Emisor.c ****                 do /* Wait until transmit starts */
1462:Generated_Source\PSoC5/Emisor.c ****                 {
1463:Generated_Source\PSoC5/Emisor.c ****                     tmpStat = Emisor_TXSTATUS_REG;
1464:Generated_Source\PSoC5/Emisor.c ****                 }
1465:Generated_Source\PSoC5/Emisor.c ****                 while((tmpStat & Emisor_TX_STS_FIFO_EMPTY) != 0u);
1466:Generated_Source\PSoC5/Emisor.c ****             }
1467:Generated_Source\PSoC5/Emisor.c **** 
1468:Generated_Source\PSoC5/Emisor.c ****             if( (retMode == Emisor_WAIT_FOR_COMPLETE_REINIT) ||
ARM GAS  C:\Users\Henry\AppData\Local\Temp\ccBvUH9e.s 			page 43


1469:Generated_Source\PSoC5/Emisor.c ****                 (retMode == Emisor_SEND_WAIT_REINIT) )
1470:Generated_Source\PSoC5/Emisor.c ****             {
1471:Generated_Source\PSoC5/Emisor.c ****                 do /* Wait until transmit complete */
1472:Generated_Source\PSoC5/Emisor.c ****                 {
1473:Generated_Source\PSoC5/Emisor.c ****                     tmpStat = Emisor_TXSTATUS_REG;
1474:Generated_Source\PSoC5/Emisor.c ****                 }
1475:Generated_Source\PSoC5/Emisor.c ****                 while(((uint8)~tmpStat & Emisor_TX_STS_COMPLETE) != 0u);
1476:Generated_Source\PSoC5/Emisor.c ****             }
1477:Generated_Source\PSoC5/Emisor.c **** 
1478:Generated_Source\PSoC5/Emisor.c ****             if( (retMode == Emisor_WAIT_FOR_COMPLETE_REINIT) ||
1479:Generated_Source\PSoC5/Emisor.c ****                 (retMode == Emisor_REINIT) ||
1480:Generated_Source\PSoC5/Emisor.c ****                 (retMode == Emisor_SEND_WAIT_REINIT) )
1481:Generated_Source\PSoC5/Emisor.c ****             {
1482:Generated_Source\PSoC5/Emisor.c ****                 Emisor_WriteControlRegister(Emisor_ReadControlRegister() &
1483:Generated_Source\PSoC5/Emisor.c ****                                               (uint8)~Emisor_CTRL_HD_SEND_BREAK);
1484:Generated_Source\PSoC5/Emisor.c ****             }
1485:Generated_Source\PSoC5/Emisor.c **** 
1486:Generated_Source\PSoC5/Emisor.c ****         #else /* Emisor_HD_ENABLED Full Duplex mode */
1487:Generated_Source\PSoC5/Emisor.c **** 
1488:Generated_Source\PSoC5/Emisor.c ****             static uint8 txPeriod;
1489:Generated_Source\PSoC5/Emisor.c **** 
1490:Generated_Source\PSoC5/Emisor.c ****             if( (retMode == Emisor_SEND_BREAK) ||
 917              		.loc 1 1490 0
 918 0006 08B1     		cbz	r0, .L99
 919              		.loc 1 1490 0 is_stmt 0 discriminator 1
 920 0008 0328     		cmp	r0, #3
 921 000a 0DD1     		bne	.L100
 922              	.L99:
1491:Generated_Source\PSoC5/Emisor.c ****                 (retMode == Emisor_SEND_WAIT_REINIT) )
1492:Generated_Source\PSoC5/Emisor.c ****             {
1493:Generated_Source\PSoC5/Emisor.c ****                 /* CTRL_HD_SEND_BREAK - skip to send parity bit at Break signal in Full Duplex mode
1494:Generated_Source\PSoC5/Emisor.c ****                 #if( (Emisor_PARITY_TYPE != Emisor__B_UART__NONE_REVB) || \
1495:Generated_Source\PSoC5/Emisor.c ****                                     (Emisor_PARITY_TYPE_SW != 0u) )
1496:Generated_Source\PSoC5/Emisor.c ****                     Emisor_WriteControlRegister(Emisor_ReadControlRegister() |
1497:Generated_Source\PSoC5/Emisor.c ****                                                           Emisor_CTRL_HD_SEND_BREAK);
1498:Generated_Source\PSoC5/Emisor.c ****                 #endif /* End Emisor_PARITY_TYPE != Emisor__B_UART__NONE_REVB  */
1499:Generated_Source\PSoC5/Emisor.c **** 
1500:Generated_Source\PSoC5/Emisor.c ****                 #if(Emisor_TXCLKGEN_DP)
1501:Generated_Source\PSoC5/Emisor.c ****                     txPeriod = Emisor_TXBITCLKTX_COMPLETE_REG;
 923              		.loc 1 1501 0 is_stmt 1
 924 000c 104B     		ldr	r3, .L104+4
 925 000e 1978     		ldrb	r1, [r3]	@ zero_extendqisi2
 926 0010 0E4A     		ldr	r2, .L104
 927 0012 5170     		strb	r1, [r2, #1]
1502:Generated_Source\PSoC5/Emisor.c ****                     Emisor_TXBITCLKTX_COMPLETE_REG = Emisor_TXBITCTR_BREAKBITS;
 928              		.loc 1 1502 0
 929 0014 6722     		movs	r2, #103
 930 0016 1A70     		strb	r2, [r3]
1503:Generated_Source\PSoC5/Emisor.c ****                 #else
1504:Generated_Source\PSoC5/Emisor.c ****                     txPeriod = Emisor_TXBITCTR_PERIOD_REG;
1505:Generated_Source\PSoC5/Emisor.c ****                     Emisor_TXBITCTR_PERIOD_REG = Emisor_TXBITCTR_BREAKBITS8X;
1506:Generated_Source\PSoC5/Emisor.c ****                 #endif /* End Emisor_TXCLKGEN_DP */
1507:Generated_Source\PSoC5/Emisor.c **** 
1508:Generated_Source\PSoC5/Emisor.c ****                 /* Send zeros */
1509:Generated_Source\PSoC5/Emisor.c ****                 Emisor_TXDATA_REG = 0u;
 931              		.loc 1 1509 0
 932 0018 0022     		movs	r2, #0
ARM GAS  C:\Users\Henry\AppData\Local\Temp\ccBvUH9e.s 			page 44


 933 001a 0F33     		adds	r3, r3, #15
 934 001c 1A70     		strb	r2, [r3]
 935              	.L101:
1510:Generated_Source\PSoC5/Emisor.c **** 
1511:Generated_Source\PSoC5/Emisor.c ****                 do /* Wait until transmit starts */
1512:Generated_Source\PSoC5/Emisor.c ****                 {
1513:Generated_Source\PSoC5/Emisor.c ****                     tmpStat = Emisor_TXSTATUS_REG;
 936              		.loc 1 1513 0 discriminator 1
 937 001e 0D4B     		ldr	r3, .L104+8
 938 0020 1B78     		ldrb	r3, [r3]	@ zero_extendqisi2
 939              	.LVL60:
1514:Generated_Source\PSoC5/Emisor.c ****                 }
1515:Generated_Source\PSoC5/Emisor.c ****                 while((tmpStat & Emisor_TX_STS_FIFO_EMPTY) != 0u);
 940              		.loc 1 1515 0 discriminator 1
 941 0022 13F0020F 		tst	r3, #2
 942 0026 FAD1     		bne	.L101
 943              	.LVL61:
 944              	.L100:
1516:Generated_Source\PSoC5/Emisor.c ****             }
1517:Generated_Source\PSoC5/Emisor.c **** 
1518:Generated_Source\PSoC5/Emisor.c ****             if( (retMode == Emisor_WAIT_FOR_COMPLETE_REINIT) ||
 945              		.loc 1 1518 0
 946 0028 0128     		cmp	r0, #1
 947 002a 01D0     		beq	.L102
 948              		.loc 1 1518 0 is_stmt 0 discriminator 1
 949 002c 0328     		cmp	r0, #3
 950 002e 04D1     		bne	.L103
 951              	.L102:
1519:Generated_Source\PSoC5/Emisor.c ****                 (retMode == Emisor_SEND_WAIT_REINIT) )
1520:Generated_Source\PSoC5/Emisor.c ****             {
1521:Generated_Source\PSoC5/Emisor.c ****                 do /* Wait until transmit complete */
1522:Generated_Source\PSoC5/Emisor.c ****                 {
1523:Generated_Source\PSoC5/Emisor.c ****                     tmpStat = Emisor_TXSTATUS_REG;
 952              		.loc 1 1523 0 is_stmt 1 discriminator 1
 953 0030 084B     		ldr	r3, .L104+8
 954 0032 1B78     		ldrb	r3, [r3]	@ zero_extendqisi2
 955              	.LVL62:
1524:Generated_Source\PSoC5/Emisor.c ****                 }
1525:Generated_Source\PSoC5/Emisor.c ****                 while(((uint8)~tmpStat & Emisor_TX_STS_COMPLETE) != 0u);
 956              		.loc 1 1525 0 discriminator 1
 957 0034 13F0010F 		tst	r3, #1
 958 0038 FAD0     		beq	.L102
 959              	.LVL63:
 960              	.L103:
1526:Generated_Source\PSoC5/Emisor.c ****             }
1527:Generated_Source\PSoC5/Emisor.c **** 
1528:Generated_Source\PSoC5/Emisor.c ****             if( (retMode == Emisor_WAIT_FOR_COMPLETE_REINIT) ||
1529:Generated_Source\PSoC5/Emisor.c ****                 (retMode == Emisor_REINIT) ||
 961              		.loc 1 1529 0
 962 003a 0138     		subs	r0, r0, #1
 963              	.LVL64:
 964 003c C0B2     		uxtb	r0, r0
1528:Generated_Source\PSoC5/Emisor.c ****                 (retMode == Emisor_REINIT) ||
 965              		.loc 1 1528 0
 966 003e 0228     		cmp	r0, #2
 967 0040 03D8     		bhi	.L97
1530:Generated_Source\PSoC5/Emisor.c ****                 (retMode == Emisor_SEND_WAIT_REINIT) )
ARM GAS  C:\Users\Henry\AppData\Local\Temp\ccBvUH9e.s 			page 45


1531:Generated_Source\PSoC5/Emisor.c ****             {
1532:Generated_Source\PSoC5/Emisor.c **** 
1533:Generated_Source\PSoC5/Emisor.c ****             #if(Emisor_TXCLKGEN_DP)
1534:Generated_Source\PSoC5/Emisor.c ****                 Emisor_TXBITCLKTX_COMPLETE_REG = txPeriod;
 968              		.loc 1 1534 0
 969 0042 024B     		ldr	r3, .L104
 970 0044 5A78     		ldrb	r2, [r3, #1]	@ zero_extendqisi2
 971 0046 024B     		ldr	r3, .L104+4
 972 0048 1A70     		strb	r2, [r3]
 973              	.L97:
 974 004a 7047     		bx	lr
 975              	.L105:
 976              		.align	2
 977              	.L104:
 978 004c 00000000 		.word	.LANCHOR0
 979 0050 33640040 		.word	1073767475
 980 0054 62640040 		.word	1073767522
 981              	.LBE2:
 982              		.cfi_endproc
 983              	.LFE25:
 984              		.size	Emisor_SendBreak, .-Emisor_SendBreak
 985              		.section	.text.Emisor_SetTxAddressMode,"ax",%progbits
 986              		.align	2
 987              		.global	Emisor_SetTxAddressMode
 988              		.thumb
 989              		.thumb_func
 990              		.type	Emisor_SetTxAddressMode, %function
 991              	Emisor_SetTxAddressMode:
 992              	.LFB26:
1535:Generated_Source\PSoC5/Emisor.c ****             #else
1536:Generated_Source\PSoC5/Emisor.c ****                 Emisor_TXBITCTR_PERIOD_REG = txPeriod;
1537:Generated_Source\PSoC5/Emisor.c ****             #endif /* End Emisor_TXCLKGEN_DP */
1538:Generated_Source\PSoC5/Emisor.c **** 
1539:Generated_Source\PSoC5/Emisor.c ****             #if( (Emisor_PARITY_TYPE != Emisor__B_UART__NONE_REVB) || \
1540:Generated_Source\PSoC5/Emisor.c ****                  (Emisor_PARITY_TYPE_SW != 0u) )
1541:Generated_Source\PSoC5/Emisor.c ****                 Emisor_WriteControlRegister(Emisor_ReadControlRegister() &
1542:Generated_Source\PSoC5/Emisor.c ****                                                       (uint8) ~Emisor_CTRL_HD_SEND_BREAK);
1543:Generated_Source\PSoC5/Emisor.c ****             #endif /* End Emisor_PARITY_TYPE != NONE */
1544:Generated_Source\PSoC5/Emisor.c ****             }
1545:Generated_Source\PSoC5/Emisor.c ****         #endif    /* End Emisor_HD_ENABLED */
1546:Generated_Source\PSoC5/Emisor.c ****         }
1547:Generated_Source\PSoC5/Emisor.c ****     }
1548:Generated_Source\PSoC5/Emisor.c **** 
1549:Generated_Source\PSoC5/Emisor.c **** 
1550:Generated_Source\PSoC5/Emisor.c ****     /*******************************************************************************
1551:Generated_Source\PSoC5/Emisor.c ****     * Function Name: Emisor_SetTxAddressMode
1552:Generated_Source\PSoC5/Emisor.c ****     ********************************************************************************
1553:Generated_Source\PSoC5/Emisor.c ****     *
1554:Generated_Source\PSoC5/Emisor.c ****     * Summary:
1555:Generated_Source\PSoC5/Emisor.c ****     *  Configures the transmitter to signal the next bytes is address or data.
1556:Generated_Source\PSoC5/Emisor.c ****     *
1557:Generated_Source\PSoC5/Emisor.c ****     * Parameters:
1558:Generated_Source\PSoC5/Emisor.c ****     *  addressMode: 
1559:Generated_Source\PSoC5/Emisor.c ****     *       Emisor_SET_SPACE - Configure the transmitter to send the next
1560:Generated_Source\PSoC5/Emisor.c ****     *                                    byte as a data.
1561:Generated_Source\PSoC5/Emisor.c ****     *       Emisor_SET_MARK  - Configure the transmitter to send the next
1562:Generated_Source\PSoC5/Emisor.c ****     *                                    byte as an address.
ARM GAS  C:\Users\Henry\AppData\Local\Temp\ccBvUH9e.s 			page 46


1563:Generated_Source\PSoC5/Emisor.c ****     *
1564:Generated_Source\PSoC5/Emisor.c ****     * Return:
1565:Generated_Source\PSoC5/Emisor.c ****     *  None.
1566:Generated_Source\PSoC5/Emisor.c ****     *
1567:Generated_Source\PSoC5/Emisor.c ****     * Side Effects:
1568:Generated_Source\PSoC5/Emisor.c ****     *  This function sets and clears Emisor_CTRL_MARK bit in the Control
1569:Generated_Source\PSoC5/Emisor.c ****     *  register.
1570:Generated_Source\PSoC5/Emisor.c ****     *
1571:Generated_Source\PSoC5/Emisor.c ****     *******************************************************************************/
1572:Generated_Source\PSoC5/Emisor.c ****     void Emisor_SetTxAddressMode(uint8 addressMode) 
1573:Generated_Source\PSoC5/Emisor.c ****     {
 993              		.loc 1 1573 0
 994              		.cfi_startproc
 995              		@ args = 0, pretend = 0, frame = 0
 996              		@ frame_needed = 0, uses_anonymous_args = 0
 997              		@ link register save eliminated.
 998              	.LVL65:
 999 0000 7047     		bx	lr
 1000              		.cfi_endproc
 1001              	.LFE26:
 1002              		.size	Emisor_SetTxAddressMode, .-Emisor_SetTxAddressMode
 1003              		.global	Emisor_initVar
 1004 0002 00BF     		.bss
 1005              		.set	.LANCHOR0,. + 0
 1006              		.type	Emisor_initVar, %object
 1007              		.size	Emisor_initVar, 1
 1008              	Emisor_initVar:
 1009 0000 00       		.space	1
 1010              		.type	txPeriod.5122, %object
 1011              		.size	txPeriod.5122, 1
 1012              	txPeriod.5122:
 1013 0001 00       		.space	1
 1014              		.text
 1015              	.Letext0:
 1016              		.file 2 "Generated_Source\\PSoC5\\cytypes.h"
 1017              		.file 3 "Generated_Source\\PSoC5\\CyLib.h"
 1018              		.file 4 "Generated_Source\\PSoC5\\Emisor_IntClock.h"
 1019              		.section	.debug_info,"",%progbits
 1020              	.Ldebug_info0:
 1021 0000 08060000 		.4byte	0x608
 1022 0004 0400     		.2byte	0x4
 1023 0006 00000000 		.4byte	.Ldebug_abbrev0
 1024 000a 04       		.byte	0x4
 1025 000b 01       		.uleb128 0x1
 1026 000c 2E030000 		.4byte	.LASF64
 1027 0010 0C       		.byte	0xc
 1028 0011 8B040000 		.4byte	.LASF65
 1029 0015 5C010000 		.4byte	.LASF66
 1030 0019 00000000 		.4byte	.Ldebug_ranges0+0
 1031 001d 00000000 		.4byte	0
 1032 0021 00000000 		.4byte	.Ldebug_line0
 1033 0025 02       		.uleb128 0x2
 1034 0026 01       		.byte	0x1
 1035 0027 06       		.byte	0x6
 1036 0028 A4000000 		.4byte	.LASF0
 1037 002c 02       		.uleb128 0x2
 1038 002d 01       		.byte	0x1
ARM GAS  C:\Users\Henry\AppData\Local\Temp\ccBvUH9e.s 			page 47


 1039 002e 08       		.byte	0x8
 1040 002f 01030000 		.4byte	.LASF1
 1041 0033 02       		.uleb128 0x2
 1042 0034 02       		.byte	0x2
 1043 0035 05       		.byte	0x5
 1044 0036 0F030000 		.4byte	.LASF2
 1045 003a 02       		.uleb128 0x2
 1046 003b 02       		.byte	0x2
 1047 003c 07       		.byte	0x7
 1048 003d 20020000 		.4byte	.LASF3
 1049 0041 02       		.uleb128 0x2
 1050 0042 04       		.byte	0x4
 1051 0043 05       		.byte	0x5
 1052 0044 CB000000 		.4byte	.LASF4
 1053 0048 02       		.uleb128 0x2
 1054 0049 04       		.byte	0x4
 1055 004a 07       		.byte	0x7
 1056 004b D8010000 		.4byte	.LASF5
 1057 004f 02       		.uleb128 0x2
 1058 0050 08       		.byte	0x8
 1059 0051 05       		.byte	0x5
 1060 0052 96000000 		.4byte	.LASF6
 1061 0056 02       		.uleb128 0x2
 1062 0057 08       		.byte	0x8
 1063 0058 07       		.byte	0x7
 1064 0059 67000000 		.4byte	.LASF7
 1065 005d 03       		.uleb128 0x3
 1066 005e 04       		.byte	0x4
 1067 005f 05       		.byte	0x5
 1068 0060 696E7400 		.ascii	"int\000"
 1069 0064 02       		.uleb128 0x2
 1070 0065 04       		.byte	0x4
 1071 0066 07       		.byte	0x7
 1072 0067 9E010000 		.4byte	.LASF8
 1073 006b 04       		.uleb128 0x4
 1074 006c 1F010000 		.4byte	.LASF9
 1075 0070 02       		.byte	0x2
 1076 0071 E801     		.2byte	0x1e8
 1077 0073 2C000000 		.4byte	0x2c
 1078 0077 04       		.uleb128 0x4
 1079 0078 0F000000 		.4byte	.LASF10
 1080 007c 02       		.byte	0x2
 1081 007d E901     		.2byte	0x1e9
 1082 007f 3A000000 		.4byte	0x3a
 1083 0083 02       		.uleb128 0x2
 1084 0084 04       		.byte	0x4
 1085 0085 04       		.byte	0x4
 1086 0086 B2020000 		.4byte	.LASF11
 1087 008a 02       		.uleb128 0x2
 1088 008b 08       		.byte	0x8
 1089 008c 04       		.byte	0x4
 1090 008d 25010000 		.4byte	.LASF12
 1091 0091 04       		.uleb128 0x4
 1092 0092 0F040000 		.4byte	.LASF13
 1093 0096 02       		.byte	0x2
 1094 0097 F901     		.2byte	0x1f9
 1095 0099 9D000000 		.4byte	0x9d
ARM GAS  C:\Users\Henry\AppData\Local\Temp\ccBvUH9e.s 			page 48


 1096 009d 02       		.uleb128 0x2
 1097 009e 01       		.byte	0x1
 1098 009f 08       		.byte	0x8
 1099 00a0 CD030000 		.4byte	.LASF14
 1100 00a4 04       		.uleb128 0x4
 1101 00a5 FC020000 		.4byte	.LASF15
 1102 00a9 02       		.byte	0x2
 1103 00aa 9202     		.2byte	0x292
 1104 00ac B0000000 		.4byte	0xb0
 1105 00b0 05       		.uleb128 0x5
 1106 00b1 6B000000 		.4byte	0x6b
 1107 00b5 02       		.uleb128 0x2
 1108 00b6 08       		.byte	0x8
 1109 00b7 04       		.byte	0x4
 1110 00b8 77020000 		.4byte	.LASF16
 1111 00bc 02       		.uleb128 0x2
 1112 00bd 04       		.byte	0x4
 1113 00be 07       		.byte	0x7
 1114 00bf 6E020000 		.4byte	.LASF17
 1115 00c3 06       		.uleb128 0x6
 1116 00c4 13010000 		.4byte	.LASF67
 1117 00c8 01       		.byte	0x1
 1118 00c9 6A       		.byte	0x6a
 1119 00ca 00000000 		.4byte	.LFB1
 1120 00ce 24000000 		.4byte	.LFE1-.LFB1
 1121 00d2 01       		.uleb128 0x1
 1122 00d3 9C       		.byte	0x9c
 1123 00d4 07       		.uleb128 0x7
 1124 00d5 E3030000 		.4byte	.LASF18
 1125 00d9 01       		.byte	0x1
 1126 00da B7       		.byte	0xb7
 1127 00db 00000000 		.4byte	.LFB2
 1128 00df 38000000 		.4byte	.LFE2-.LFB2
 1129 00e3 01       		.uleb128 0x1
 1130 00e4 9C       		.byte	0x9c
 1131 00e5 1B010000 		.4byte	0x11b
 1132 00e9 08       		.uleb128 0x8
 1133 00ea 21040000 		.4byte	.LASF21
 1134 00ee 01       		.byte	0x1
 1135 00ef B9       		.byte	0xb9
 1136 00f0 6B000000 		.4byte	0x6b
 1137 00f4 00000000 		.4byte	.LLST0
 1138 00f8 09       		.uleb128 0x9
 1139 00f9 06000000 		.4byte	.LVL0
 1140 00fd DF050000 		.4byte	0x5df
 1141 0101 09       		.uleb128 0x9
 1142 0102 2A000000 		.4byte	.LVL2
 1143 0106 EA050000 		.4byte	0x5ea
 1144 010a 0A       		.uleb128 0xa
 1145 010b 30000000 		.4byte	.LVL3
 1146 010f F5050000 		.4byte	0x5f5
 1147 0113 0B       		.uleb128 0xb
 1148 0114 01       		.uleb128 0x1
 1149 0115 50       		.byte	0x50
 1150 0116 02       		.uleb128 0x2
 1151 0117 74       		.byte	0x74
 1152 0118 00       		.sleb128 0
ARM GAS  C:\Users\Henry\AppData\Local\Temp\ccBvUH9e.s 			page 49


 1153 0119 00       		.byte	0
 1154 011a 00       		.byte	0
 1155 011b 07       		.uleb128 0x7
 1156 011c F1030000 		.4byte	.LASF19
 1157 0120 01       		.byte	0x1
 1158 0121 4C       		.byte	0x4c
 1159 0122 00000000 		.4byte	.LFB0
 1160 0126 1C000000 		.4byte	.LFE0-.LFB0
 1161 012a 01       		.uleb128 0x1
 1162 012b 9C       		.byte	0x9c
 1163 012c 43010000 		.4byte	0x143
 1164 0130 09       		.uleb128 0x9
 1165 0131 0C000000 		.4byte	.LVL5
 1166 0135 C3000000 		.4byte	0xc3
 1167 0139 09       		.uleb128 0x9
 1168 013a 16000000 		.4byte	.LVL6
 1169 013e D4000000 		.4byte	0xd4
 1170 0142 00       		.byte	0
 1171 0143 07       		.uleb128 0x7
 1172 0144 15040000 		.4byte	.LASF20
 1173 0148 01       		.byte	0x1
 1174 0149 F0       		.byte	0xf0
 1175 014a 00000000 		.4byte	.LFB3
 1176 014e 3C000000 		.4byte	.LFE3-.LFB3
 1177 0152 01       		.uleb128 0x1
 1178 0153 9C       		.byte	0x9c
 1179 0154 8A010000 		.4byte	0x18a
 1180 0158 08       		.uleb128 0x8
 1181 0159 21040000 		.4byte	.LASF21
 1182 015d 01       		.byte	0x1
 1183 015e F2       		.byte	0xf2
 1184 015f 6B000000 		.4byte	0x6b
 1185 0163 13000000 		.4byte	.LLST1
 1186 0167 09       		.uleb128 0x9
 1187 0168 06000000 		.4byte	.LVL7
 1188 016c DF050000 		.4byte	0x5df
 1189 0170 09       		.uleb128 0x9
 1190 0171 16000000 		.4byte	.LVL9
 1191 0175 00060000 		.4byte	0x600
 1192 0179 0A       		.uleb128 0xa
 1193 017a 30000000 		.4byte	.LVL10
 1194 017e F5050000 		.4byte	0x5f5
 1195 0182 0B       		.uleb128 0xb
 1196 0183 01       		.uleb128 0x1
 1197 0184 50       		.byte	0x50
 1198 0185 02       		.uleb128 0x2
 1199 0186 74       		.byte	0x74
 1200 0187 00       		.sleb128 0
 1201 0188 00       		.byte	0
 1202 0189 00       		.byte	0
 1203 018a 0C       		.uleb128 0xc
 1204 018b F8000000 		.4byte	.LASF44
 1205 018f 01       		.byte	0x1
 1206 0190 2701     		.2byte	0x127
 1207 0192 6B000000 		.4byte	0x6b
 1208 0196 00000000 		.4byte	.LFB4
 1209 019a 04000000 		.4byte	.LFE4-.LFB4
ARM GAS  C:\Users\Henry\AppData\Local\Temp\ccBvUH9e.s 			page 50


 1210 019e 01       		.uleb128 0x1
 1211 019f 9C       		.byte	0x9c
 1212 01a0 0D       		.uleb128 0xd
 1213 01a1 38010000 		.4byte	.LASF22
 1214 01a5 01       		.byte	0x1
 1215 01a6 3F01     		.2byte	0x13f
 1216 01a8 00000000 		.4byte	.LFB5
 1217 01ac 02000000 		.4byte	.LFE5-.LFB5
 1218 01b0 01       		.uleb128 0x1
 1219 01b1 9C       		.byte	0x9c
 1220 01b2 C5010000 		.4byte	0x1c5
 1221 01b6 0E       		.uleb128 0xe
 1222 01b7 54010000 		.4byte	.LASF24
 1223 01bb 01       		.byte	0x1
 1224 01bc 3F01     		.2byte	0x13f
 1225 01be 6B000000 		.4byte	0x6b
 1226 01c2 01       		.uleb128 0x1
 1227 01c3 50       		.byte	0x50
 1228 01c4 00       		.byte	0
 1229 01c5 0D       		.uleb128 0xd
 1230 01c6 4D000000 		.4byte	.LASF23
 1231 01ca 01       		.byte	0x1
 1232 01cb 6701     		.2byte	0x167
 1233 01cd 00000000 		.4byte	.LFB6
 1234 01d1 0C000000 		.4byte	.LFE6-.LFB6
 1235 01d5 01       		.uleb128 0x1
 1236 01d6 9C       		.byte	0x9c
 1237 01d7 EA010000 		.4byte	0x1ea
 1238 01db 0E       		.uleb128 0xe
 1239 01dc 4B020000 		.4byte	.LASF25
 1240 01e0 01       		.byte	0x1
 1241 01e1 6701     		.2byte	0x167
 1242 01e3 6B000000 		.4byte	0x6b
 1243 01e7 01       		.uleb128 0x1
 1244 01e8 50       		.byte	0x50
 1245 01e9 00       		.byte	0
 1246 01ea 0F       		.uleb128 0xf
 1247 01eb B9000000 		.4byte	.LASF27
 1248 01ef 01       		.byte	0x1
 1249 01f0 8801     		.2byte	0x188
 1250 01f2 6B000000 		.4byte	0x6b
 1251 01f6 00000000 		.4byte	.LFB7
 1252 01fa 0C000000 		.4byte	.LFE7-.LFB7
 1253 01fe 01       		.uleb128 0x1
 1254 01ff 9C       		.byte	0x9c
 1255 0200 13020000 		.4byte	0x213
 1256 0204 10       		.uleb128 0x10
 1257 0205 C6030000 		.4byte	.LASF26
 1258 0209 01       		.byte	0x1
 1259 020a 8A01     		.2byte	0x18a
 1260 020c 6B000000 		.4byte	0x6b
 1261 0210 01       		.uleb128 0x1
 1262 0211 50       		.byte	0x50
 1263 0212 00       		.byte	0
 1264 0213 0F       		.uleb128 0xf
 1265 0214 5A020000 		.4byte	.LASF28
 1266 0218 01       		.byte	0x1
ARM GAS  C:\Users\Henry\AppData\Local\Temp\ccBvUH9e.s 			page 51


 1267 0219 E501     		.2byte	0x1e5
 1268 021b 6B000000 		.4byte	0x6b
 1269 021f 00000000 		.4byte	.LFB8
 1270 0223 10000000 		.4byte	.LFE8-.LFB8
 1271 0227 01       		.uleb128 0x1
 1272 0228 9C       		.byte	0x9c
 1273 0229 3E020000 		.4byte	0x23e
 1274 022d 11       		.uleb128 0x11
 1275 022e 5C040000 		.4byte	.LASF29
 1276 0232 01       		.byte	0x1
 1277 0233 E701     		.2byte	0x1e7
 1278 0235 6B000000 		.4byte	0x6b
 1279 0239 26000000 		.4byte	.LLST2
 1280 023d 00       		.byte	0
 1281 023e 0F       		.uleb128 0xf
 1282 023f 00000000 		.4byte	.LASF30
 1283 0243 01       		.byte	0x1
 1284 0244 1402     		.2byte	0x214
 1285 0246 6B000000 		.4byte	0x6b
 1286 024a 00000000 		.4byte	.LFB9
 1287 024e 2C000000 		.4byte	.LFE9-.LFB9
 1288 0252 01       		.uleb128 0x1
 1289 0253 9C       		.byte	0x9c
 1290 0254 77020000 		.4byte	0x277
 1291 0258 11       		.uleb128 0x11
 1292 0259 C6030000 		.4byte	.LASF26
 1293 025d 01       		.byte	0x1
 1294 025e 1602     		.2byte	0x216
 1295 0260 6B000000 		.4byte	0x6b
 1296 0264 3E000000 		.4byte	.LLST3
 1297 0268 10       		.uleb128 0x10
 1298 0269 A9020000 		.4byte	.LASF31
 1299 026d 01       		.byte	0x1
 1300 026e 1702     		.2byte	0x217
 1301 0270 6B000000 		.4byte	0x6b
 1302 0274 01       		.uleb128 0x1
 1303 0275 53       		.byte	0x53
 1304 0276 00       		.byte	0
 1305 0277 0F       		.uleb128 0xf
 1306 0278 83020000 		.4byte	.LASF32
 1307 027c 01       		.byte	0x1
 1308 027d 7A02     		.2byte	0x27a
 1309 027f 77000000 		.4byte	0x77
 1310 0283 00000000 		.4byte	.LFB10
 1311 0287 12000000 		.4byte	.LFE10-.LFB10
 1312 028b 01       		.uleb128 0x1
 1313 028c 9C       		.byte	0x9c
 1314 028d A4020000 		.4byte	0x2a4
 1315 0291 09       		.uleb128 0x9
 1316 0292 06000000 		.4byte	.LVL23
 1317 0296 13020000 		.4byte	0x213
 1318 029a 09       		.uleb128 0x9
 1319 029b 0C000000 		.4byte	.LVL24
 1320 029f EA010000 		.4byte	0x1ea
 1321 02a3 00       		.byte	0
 1322 02a4 0F       		.uleb128 0xf
 1323 02a5 B8020000 		.4byte	.LASF33
ARM GAS  C:\Users\Henry\AppData\Local\Temp\ccBvUH9e.s 			page 52


 1324 02a9 01       		.byte	0x1
 1325 02aa AB02     		.2byte	0x2ab
 1326 02ac 6B000000 		.4byte	0x6b
 1327 02b0 00000000 		.4byte	.LFB11
 1328 02b4 18000000 		.4byte	.LFE11-.LFB11
 1329 02b8 01       		.uleb128 0x1
 1330 02b9 9C       		.byte	0x9c
 1331 02ba CD020000 		.4byte	0x2cd
 1332 02be 10       		.uleb128 0x10
 1333 02bf 1B020000 		.4byte	.LASF34
 1334 02c3 01       		.byte	0x1
 1335 02c4 AE02     		.2byte	0x2ae
 1336 02c6 6B000000 		.4byte	0x6b
 1337 02ca 01       		.uleb128 0x1
 1338 02cb 50       		.byte	0x50
 1339 02cc 00       		.byte	0
 1340 02cd 0D       		.uleb128 0xd
 1341 02ce 76040000 		.4byte	.LASF35
 1342 02d2 01       		.byte	0x1
 1343 02d3 F502     		.2byte	0x2f5
 1344 02d5 00000000 		.4byte	.LFB12
 1345 02d9 24000000 		.4byte	.LFE12-.LFB12
 1346 02dd 01       		.uleb128 0x1
 1347 02de 9C       		.byte	0x9c
 1348 02df 06030000 		.4byte	0x306
 1349 02e3 11       		.uleb128 0x11
 1350 02e4 21040000 		.4byte	.LASF21
 1351 02e8 01       		.byte	0x1
 1352 02e9 F702     		.2byte	0x2f7
 1353 02eb 6B000000 		.4byte	0x6b
 1354 02ef 74000000 		.4byte	.LLST4
 1355 02f3 09       		.uleb128 0x9
 1356 02f4 06000000 		.4byte	.LVL26
 1357 02f8 DF050000 		.4byte	0x5df
 1358 02fc 09       		.uleb128 0x9
 1359 02fd 1C000000 		.4byte	.LVL27
 1360 0301 F5050000 		.4byte	0x5f5
 1361 0305 00       		.byte	0
 1362 0306 0D       		.uleb128 0xd
 1363 0307 7E000000 		.4byte	.LASF36
 1364 030b 01       		.byte	0x1
 1365 030c 2D03     		.2byte	0x32d
 1366 030e 00000000 		.4byte	.LFB13
 1367 0312 02000000 		.4byte	.LFE13-.LFB13
 1368 0316 01       		.uleb128 0x1
 1369 0317 9C       		.byte	0x9c
 1370 0318 2B030000 		.4byte	0x32b
 1371 031c 0E       		.uleb128 0xe
 1372 031d 2C010000 		.4byte	.LASF37
 1373 0321 01       		.byte	0x1
 1374 0322 2D03     		.2byte	0x32d
 1375 0324 6B000000 		.4byte	0x6b
 1376 0328 01       		.uleb128 0x1
 1377 0329 50       		.byte	0x50
 1378 032a 00       		.byte	0
 1379 032b 0D       		.uleb128 0xd
 1380 032c 32040000 		.4byte	.LASF38
ARM GAS  C:\Users\Henry\AppData\Local\Temp\ccBvUH9e.s 			page 53


 1381 0330 01       		.byte	0x1
 1382 0331 5903     		.2byte	0x359
 1383 0333 00000000 		.4byte	.LFB14
 1384 0337 0C000000 		.4byte	.LFE14-.LFB14
 1385 033b 01       		.uleb128 0x1
 1386 033c 9C       		.byte	0x9c
 1387 033d 50030000 		.4byte	0x350
 1388 0341 0E       		.uleb128 0xe
 1389 0342 92020000 		.4byte	.LASF39
 1390 0346 01       		.byte	0x1
 1391 0347 5903     		.2byte	0x359
 1392 0349 6B000000 		.4byte	0x6b
 1393 034d 01       		.uleb128 0x1
 1394 034e 50       		.byte	0x50
 1395 034f 00       		.byte	0
 1396 0350 0D       		.uleb128 0xd
 1397 0351 47040000 		.4byte	.LASF40
 1398 0355 01       		.byte	0x1
 1399 0356 6D03     		.2byte	0x36d
 1400 0358 00000000 		.4byte	.LFB15
 1401 035c 0C000000 		.4byte	.LFE15-.LFB15
 1402 0360 01       		.uleb128 0x1
 1403 0361 9C       		.byte	0x9c
 1404 0362 75030000 		.4byte	0x375
 1405 0366 0E       		.uleb128 0xe
 1406 0367 92020000 		.4byte	.LASF39
 1407 036b 01       		.byte	0x1
 1408 036c 6D03     		.2byte	0x36d
 1409 036e 6B000000 		.4byte	0x6b
 1410 0372 01       		.uleb128 0x1
 1411 0373 50       		.byte	0x50
 1412 0374 00       		.byte	0
 1413 0375 0D       		.uleb128 0xd
 1414 0376 01020000 		.4byte	.LASF41
 1415 037a 01       		.byte	0x1
 1416 037b 8C03     		.2byte	0x38c
 1417 037d 00000000 		.4byte	.LFB16
 1418 0381 0C000000 		.4byte	.LFE16-.LFB16
 1419 0385 01       		.uleb128 0x1
 1420 0386 9C       		.byte	0x9c
 1421 0387 9A030000 		.4byte	0x39a
 1422 038b 0E       		.uleb128 0xe
 1423 038c 4B020000 		.4byte	.LASF25
 1424 0390 01       		.byte	0x1
 1425 0391 8C03     		.2byte	0x38c
 1426 0393 6B000000 		.4byte	0x6b
 1427 0397 01       		.uleb128 0x1
 1428 0398 50       		.byte	0x50
 1429 0399 00       		.byte	0
 1430 039a 0D       		.uleb128 0xd
 1431 039b 63040000 		.4byte	.LASF42
 1432 039f 01       		.byte	0x1
 1433 03a0 AE03     		.2byte	0x3ae
 1434 03a2 00000000 		.4byte	.LFB17
 1435 03a6 14000000 		.4byte	.LFE17-.LFB17
 1436 03aa 01       		.uleb128 0x1
 1437 03ab 9C       		.byte	0x9c
ARM GAS  C:\Users\Henry\AppData\Local\Temp\ccBvUH9e.s 			page 54


 1438 03ac BF030000 		.4byte	0x3bf
 1439 03b0 0E       		.uleb128 0xe
 1440 03b1 2C000000 		.4byte	.LASF43
 1441 03b5 01       		.byte	0x1
 1442 03b6 AE03     		.2byte	0x3ae
 1443 03b8 6B000000 		.4byte	0x6b
 1444 03bc 01       		.uleb128 0x1
 1445 03bd 50       		.byte	0x50
 1446 03be 00       		.byte	0
 1447 03bf 0C       		.uleb128 0xc
 1448 03c0 D4000000 		.4byte	.LASF45
 1449 03c4 01       		.byte	0x1
 1450 03c5 EB03     		.2byte	0x3eb
 1451 03c7 6B000000 		.4byte	0x6b
 1452 03cb 00000000 		.4byte	.LFB18
 1453 03cf 0C000000 		.4byte	.LFE18-.LFB18
 1454 03d3 01       		.uleb128 0x1
 1455 03d4 9C       		.byte	0x9c
 1456 03d5 0D       		.uleb128 0xd
 1457 03d6 33020000 		.4byte	.LASF46
 1458 03da 01       		.byte	0x1
 1459 03db 1104     		.2byte	0x411
 1460 03dd 00000000 		.4byte	.LFB19
 1461 03e1 18000000 		.4byte	.LFE19-.LFB19
 1462 03e5 01       		.uleb128 0x1
 1463 03e6 9C       		.byte	0x9c
 1464 03e7 FA030000 		.4byte	0x3fa
 1465 03eb 0E       		.uleb128 0xe
 1466 03ec 2C000000 		.4byte	.LASF43
 1467 03f0 01       		.byte	0x1
 1468 03f1 1104     		.2byte	0x411
 1469 03f3 6B000000 		.4byte	0x6b
 1470 03f7 01       		.uleb128 0x1
 1471 03f8 50       		.byte	0x50
 1472 03f9 00       		.byte	0
 1473 03fa 0D       		.uleb128 0xd
 1474 03fb D2030000 		.4byte	.LASF47
 1475 03ff 01       		.byte	0x1
 1476 0400 7904     		.2byte	0x479
 1477 0402 00000000 		.4byte	.LFB20
 1478 0406 24000000 		.4byte	.LFE20-.LFB20
 1479 040a 01       		.uleb128 0x1
 1480 040b 9C       		.byte	0x9c
 1481 040c 3A040000 		.4byte	0x43a
 1482 0410 12       		.uleb128 0x12
 1483 0411 37000000 		.4byte	.LASF48
 1484 0415 01       		.byte	0x1
 1485 0416 7904     		.2byte	0x479
 1486 0418 3A040000 		.4byte	0x43a
 1487 041c 87000000 		.4byte	.LLST5
 1488 0420 11       		.uleb128 0x11
 1489 0421 42020000 		.4byte	.LASF49
 1490 0425 01       		.byte	0x1
 1491 0426 7B04     		.2byte	0x47b
 1492 0428 77000000 		.4byte	0x77
 1493 042c C9000000 		.4byte	.LLST6
 1494 0430 09       		.uleb128 0x9
ARM GAS  C:\Users\Henry\AppData\Local\Temp\ccBvUH9e.s 			page 55


 1495 0431 0E000000 		.4byte	.LVL37
 1496 0435 D5030000 		.4byte	0x3d5
 1497 0439 00       		.byte	0
 1498 043a 13       		.uleb128 0x13
 1499 043b 04       		.byte	0x4
 1500 043c 40040000 		.4byte	0x440
 1501 0440 14       		.uleb128 0x14
 1502 0441 91000000 		.4byte	0x91
 1503 0445 0D       		.uleb128 0xd
 1504 0446 E8000000 		.4byte	.LASF50
 1505 044a 01       		.byte	0x1
 1506 044b A704     		.2byte	0x4a7
 1507 044d 00000000 		.4byte	.LFB21
 1508 0451 28000000 		.4byte	.LFE21-.LFB21
 1509 0455 01       		.uleb128 0x1
 1510 0456 9C       		.byte	0x9c
 1511 0457 95040000 		.4byte	0x495
 1512 045b 12       		.uleb128 0x12
 1513 045c 37000000 		.4byte	.LASF48
 1514 0460 01       		.byte	0x1
 1515 0461 A704     		.2byte	0x4a7
 1516 0463 95040000 		.4byte	0x495
 1517 0467 0A010000 		.4byte	.LLST7
 1518 046b 12       		.uleb128 0x12
 1519 046c BC030000 		.4byte	.LASF51
 1520 0470 01       		.byte	0x1
 1521 0471 A704     		.2byte	0x4a7
 1522 0473 6B000000 		.4byte	0x6b
 1523 0477 4C010000 		.4byte	.LLST8
 1524 047b 11       		.uleb128 0x11
 1525 047c 42020000 		.4byte	.LASF49
 1526 0480 01       		.byte	0x1
 1527 0481 AA04     		.2byte	0x4aa
 1528 0483 6B000000 		.4byte	0x6b
 1529 0487 86010000 		.4byte	.LLST9
 1530 048b 09       		.uleb128 0x9
 1531 048c 0E000000 		.4byte	.LVL45
 1532 0490 D5030000 		.4byte	0x3d5
 1533 0494 00       		.byte	0
 1534 0495 13       		.uleb128 0x13
 1535 0496 04       		.byte	0x4
 1536 0497 9B040000 		.4byte	0x49b
 1537 049b 14       		.uleb128 0x14
 1538 049c 6B000000 		.4byte	0x6b
 1539 04a0 0D       		.uleb128 0xd
 1540 04a1 9A020000 		.4byte	.LASF52
 1541 04a5 01       		.byte	0x1
 1542 04a6 CE04     		.2byte	0x4ce
 1543 04a8 00000000 		.4byte	.LFB22
 1544 04ac 20000000 		.4byte	.LFE22-.LFB22
 1545 04b0 01       		.uleb128 0x1
 1546 04b1 9C       		.byte	0x9c
 1547 04b2 F2040000 		.4byte	0x4f2
 1548 04b6 12       		.uleb128 0x12
 1549 04b7 2C000000 		.4byte	.LASF43
 1550 04bb 01       		.byte	0x1
 1551 04bc CE04     		.2byte	0x4ce
ARM GAS  C:\Users\Henry\AppData\Local\Temp\ccBvUH9e.s 			page 56


 1552 04be 6B000000 		.4byte	0x6b
 1553 04c2 C7010000 		.4byte	.LLST10
 1554 04c6 09       		.uleb128 0x9
 1555 04c7 0C000000 		.4byte	.LVL52
 1556 04cb D5030000 		.4byte	0x3d5
 1557 04cf 15       		.uleb128 0x15
 1558 04d0 12000000 		.4byte	.LVL53
 1559 04d4 D5030000 		.4byte	0x3d5
 1560 04d8 E2040000 		.4byte	0x4e2
 1561 04dc 0B       		.uleb128 0xb
 1562 04dd 01       		.uleb128 0x1
 1563 04de 50       		.byte	0x50
 1564 04df 01       		.uleb128 0x1
 1565 04e0 3D       		.byte	0x3d
 1566 04e1 00       		.byte	0
 1567 04e2 0A       		.uleb128 0xa
 1568 04e3 18000000 		.4byte	.LVL54
 1569 04e7 D5030000 		.4byte	0x3d5
 1570 04eb 0B       		.uleb128 0xb
 1571 04ec 01       		.uleb128 0x1
 1572 04ed 50       		.byte	0x50
 1573 04ee 01       		.uleb128 0x1
 1574 04ef 3A       		.byte	0x3a
 1575 04f0 00       		.byte	0
 1576 04f1 00       		.byte	0
 1577 04f2 0F       		.uleb128 0xf
 1578 04f3 C1010000 		.4byte	.LASF53
 1579 04f7 01       		.byte	0x1
 1580 04f8 F904     		.2byte	0x4f9
 1581 04fa 6B000000 		.4byte	0x6b
 1582 04fe 00000000 		.4byte	.LFB23
 1583 0502 24000000 		.4byte	.LFE23-.LFB23
 1584 0506 01       		.uleb128 0x1
 1585 0507 9C       		.byte	0x9c
 1586 0508 1D050000 		.4byte	0x51d
 1587 050c 11       		.uleb128 0x11
 1588 050d 1B020000 		.4byte	.LASF34
 1589 0511 01       		.byte	0x1
 1590 0512 FC04     		.2byte	0x4fc
 1591 0514 6B000000 		.4byte	0x6b
 1592 0518 E8010000 		.4byte	.LLST11
 1593 051c 00       		.byte	0
 1594 051d 0D       		.uleb128 0xd
 1595 051e 19030000 		.4byte	.LASF54
 1596 0522 01       		.byte	0x1
 1597 0523 4A05     		.2byte	0x54a
 1598 0525 00000000 		.4byte	.LFB24
 1599 0529 24000000 		.4byte	.LFE24-.LFB24
 1600 052d 01       		.uleb128 0x1
 1601 052e 9C       		.byte	0x9c
 1602 052f 56050000 		.4byte	0x556
 1603 0533 11       		.uleb128 0x11
 1604 0534 21040000 		.4byte	.LASF21
 1605 0538 01       		.byte	0x1
 1606 0539 4C05     		.2byte	0x54c
 1607 053b 6B000000 		.4byte	0x6b
 1608 053f 06020000 		.4byte	.LLST12
ARM GAS  C:\Users\Henry\AppData\Local\Temp\ccBvUH9e.s 			page 57


 1609 0543 09       		.uleb128 0x9
 1610 0544 06000000 		.4byte	.LVL57
 1611 0548 DF050000 		.4byte	0x5df
 1612 054c 09       		.uleb128 0x9
 1613 054d 1C000000 		.4byte	.LVL58
 1614 0551 F5050000 		.4byte	0x5f5
 1615 0555 00       		.byte	0
 1616 0556 0D       		.uleb128 0xd
 1617 0557 FE030000 		.4byte	.LASF55
 1618 055b 01       		.byte	0x1
 1619 055c A005     		.2byte	0x5a0
 1620 055e 00000000 		.4byte	.LFB25
 1621 0562 58000000 		.4byte	.LFE25-.LFB25
 1622 0566 01       		.uleb128 0x1
 1623 0567 9C       		.byte	0x9c
 1624 0568 A9050000 		.4byte	0x5a9
 1625 056c 12       		.uleb128 0x12
 1626 056d 96010000 		.4byte	.LASF56
 1627 0571 01       		.byte	0x1
 1628 0572 A005     		.2byte	0x5a0
 1629 0574 6B000000 		.4byte	0x6b
 1630 0578 19020000 		.4byte	.LLST13
 1631 057c 16       		.uleb128 0x16
 1632 057d 06000000 		.4byte	.LBB2
 1633 0581 52000000 		.4byte	.LBE2-.LBB2
 1634 0585 11       		.uleb128 0x11
 1635 0586 52020000 		.4byte	.LASF57
 1636 058a 01       		.byte	0x1
 1637 058b A805     		.2byte	0x5a8
 1638 058d 6B000000 		.4byte	0x6b
 1639 0591 3A020000 		.4byte	.LLST14
 1640 0595 10       		.uleb128 0x10
 1641 0596 B0000000 		.4byte	.LASF58
 1642 059a 01       		.byte	0x1
 1643 059b D005     		.2byte	0x5d0
 1644 059d 6B000000 		.4byte	0x6b
 1645 05a1 05       		.uleb128 0x5
 1646 05a2 03       		.byte	0x3
 1647 05a3 01000000 		.4byte	txPeriod.5122
 1648 05a7 00       		.byte	0
 1649 05a8 00       		.byte	0
 1650 05a9 0D       		.uleb128 0xd
 1651 05aa E4020000 		.4byte	.LASF59
 1652 05ae 01       		.byte	0x1
 1653 05af 2406     		.2byte	0x624
 1654 05b1 00000000 		.4byte	.LFB26
 1655 05b5 02000000 		.4byte	.LFE26-.LFB26
 1656 05b9 01       		.uleb128 0x1
 1657 05ba 9C       		.byte	0x9c
 1658 05bb CE050000 		.4byte	0x5ce
 1659 05bf 0E       		.uleb128 0xe
 1660 05c0 2C010000 		.4byte	.LASF37
 1661 05c4 01       		.byte	0x1
 1662 05c5 2406     		.2byte	0x624
 1663 05c7 6B000000 		.4byte	0x6b
 1664 05cb 01       		.uleb128 0x1
 1665 05cc 50       		.byte	0x50
ARM GAS  C:\Users\Henry\AppData\Local\Temp\ccBvUH9e.s 			page 58


 1666 05cd 00       		.byte	0
 1667 05ce 17       		.uleb128 0x17
 1668 05cf 3E000000 		.4byte	.LASF68
 1669 05d3 01       		.byte	0x1
 1670 05d4 1B       		.byte	0x1b
 1671 05d5 6B000000 		.4byte	0x6b
 1672 05d9 05       		.uleb128 0x5
 1673 05da 03       		.byte	0x3
 1674 05db 00000000 		.4byte	Emisor_initVar
 1675 05df 18       		.uleb128 0x18
 1676 05e0 EA010000 		.4byte	.LASF60
 1677 05e4 EA010000 		.4byte	.LASF60
 1678 05e8 03       		.byte	0x3
 1679 05e9 7D       		.byte	0x7d
 1680 05ea 18       		.uleb128 0x18
 1681 05eb AB010000 		.4byte	.LASF61
 1682 05ef AB010000 		.4byte	.LASF61
 1683 05f3 04       		.byte	0x4
 1684 05f4 27       		.byte	0x27
 1685 05f5 18       		.uleb128 0x18
 1686 05f6 16000000 		.4byte	.LASF62
 1687 05fa 16000000 		.4byte	.LASF62
 1688 05fe 03       		.byte	0x3
 1689 05ff 7E       		.byte	0x7e
 1690 0600 18       		.uleb128 0x18
 1691 0601 CF020000 		.4byte	.LASF63
 1692 0605 CF020000 		.4byte	.LASF63
 1693 0609 04       		.byte	0x4
 1694 060a 28       		.byte	0x28
 1695 060b 00       		.byte	0
 1696              		.section	.debug_abbrev,"",%progbits
 1697              	.Ldebug_abbrev0:
 1698 0000 01       		.uleb128 0x1
 1699 0001 11       		.uleb128 0x11
 1700 0002 01       		.byte	0x1
 1701 0003 25       		.uleb128 0x25
 1702 0004 0E       		.uleb128 0xe
 1703 0005 13       		.uleb128 0x13
 1704 0006 0B       		.uleb128 0xb
 1705 0007 03       		.uleb128 0x3
 1706 0008 0E       		.uleb128 0xe
 1707 0009 1B       		.uleb128 0x1b
 1708 000a 0E       		.uleb128 0xe
 1709 000b 55       		.uleb128 0x55
 1710 000c 17       		.uleb128 0x17
 1711 000d 11       		.uleb128 0x11
 1712 000e 01       		.uleb128 0x1
 1713 000f 10       		.uleb128 0x10
 1714 0010 17       		.uleb128 0x17
 1715 0011 00       		.byte	0
 1716 0012 00       		.byte	0
 1717 0013 02       		.uleb128 0x2
 1718 0014 24       		.uleb128 0x24
 1719 0015 00       		.byte	0
 1720 0016 0B       		.uleb128 0xb
 1721 0017 0B       		.uleb128 0xb
 1722 0018 3E       		.uleb128 0x3e
ARM GAS  C:\Users\Henry\AppData\Local\Temp\ccBvUH9e.s 			page 59


 1723 0019 0B       		.uleb128 0xb
 1724 001a 03       		.uleb128 0x3
 1725 001b 0E       		.uleb128 0xe
 1726 001c 00       		.byte	0
 1727 001d 00       		.byte	0
 1728 001e 03       		.uleb128 0x3
 1729 001f 24       		.uleb128 0x24
 1730 0020 00       		.byte	0
 1731 0021 0B       		.uleb128 0xb
 1732 0022 0B       		.uleb128 0xb
 1733 0023 3E       		.uleb128 0x3e
 1734 0024 0B       		.uleb128 0xb
 1735 0025 03       		.uleb128 0x3
 1736 0026 08       		.uleb128 0x8
 1737 0027 00       		.byte	0
 1738 0028 00       		.byte	0
 1739 0029 04       		.uleb128 0x4
 1740 002a 16       		.uleb128 0x16
 1741 002b 00       		.byte	0
 1742 002c 03       		.uleb128 0x3
 1743 002d 0E       		.uleb128 0xe
 1744 002e 3A       		.uleb128 0x3a
 1745 002f 0B       		.uleb128 0xb
 1746 0030 3B       		.uleb128 0x3b
 1747 0031 05       		.uleb128 0x5
 1748 0032 49       		.uleb128 0x49
 1749 0033 13       		.uleb128 0x13
 1750 0034 00       		.byte	0
 1751 0035 00       		.byte	0
 1752 0036 05       		.uleb128 0x5
 1753 0037 35       		.uleb128 0x35
 1754 0038 00       		.byte	0
 1755 0039 49       		.uleb128 0x49
 1756 003a 13       		.uleb128 0x13
 1757 003b 00       		.byte	0
 1758 003c 00       		.byte	0
 1759 003d 06       		.uleb128 0x6
 1760 003e 2E       		.uleb128 0x2e
 1761 003f 00       		.byte	0
 1762 0040 3F       		.uleb128 0x3f
 1763 0041 19       		.uleb128 0x19
 1764 0042 03       		.uleb128 0x3
 1765 0043 0E       		.uleb128 0xe
 1766 0044 3A       		.uleb128 0x3a
 1767 0045 0B       		.uleb128 0xb
 1768 0046 3B       		.uleb128 0x3b
 1769 0047 0B       		.uleb128 0xb
 1770 0048 27       		.uleb128 0x27
 1771 0049 19       		.uleb128 0x19
 1772 004a 11       		.uleb128 0x11
 1773 004b 01       		.uleb128 0x1
 1774 004c 12       		.uleb128 0x12
 1775 004d 06       		.uleb128 0x6
 1776 004e 40       		.uleb128 0x40
 1777 004f 18       		.uleb128 0x18
 1778 0050 9742     		.uleb128 0x2117
 1779 0052 19       		.uleb128 0x19
ARM GAS  C:\Users\Henry\AppData\Local\Temp\ccBvUH9e.s 			page 60


 1780 0053 00       		.byte	0
 1781 0054 00       		.byte	0
 1782 0055 07       		.uleb128 0x7
 1783 0056 2E       		.uleb128 0x2e
 1784 0057 01       		.byte	0x1
 1785 0058 3F       		.uleb128 0x3f
 1786 0059 19       		.uleb128 0x19
 1787 005a 03       		.uleb128 0x3
 1788 005b 0E       		.uleb128 0xe
 1789 005c 3A       		.uleb128 0x3a
 1790 005d 0B       		.uleb128 0xb
 1791 005e 3B       		.uleb128 0x3b
 1792 005f 0B       		.uleb128 0xb
 1793 0060 27       		.uleb128 0x27
 1794 0061 19       		.uleb128 0x19
 1795 0062 11       		.uleb128 0x11
 1796 0063 01       		.uleb128 0x1
 1797 0064 12       		.uleb128 0x12
 1798 0065 06       		.uleb128 0x6
 1799 0066 40       		.uleb128 0x40
 1800 0067 18       		.uleb128 0x18
 1801 0068 9742     		.uleb128 0x2117
 1802 006a 19       		.uleb128 0x19
 1803 006b 01       		.uleb128 0x1
 1804 006c 13       		.uleb128 0x13
 1805 006d 00       		.byte	0
 1806 006e 00       		.byte	0
 1807 006f 08       		.uleb128 0x8
 1808 0070 34       		.uleb128 0x34
 1809 0071 00       		.byte	0
 1810 0072 03       		.uleb128 0x3
 1811 0073 0E       		.uleb128 0xe
 1812 0074 3A       		.uleb128 0x3a
 1813 0075 0B       		.uleb128 0xb
 1814 0076 3B       		.uleb128 0x3b
 1815 0077 0B       		.uleb128 0xb
 1816 0078 49       		.uleb128 0x49
 1817 0079 13       		.uleb128 0x13
 1818 007a 02       		.uleb128 0x2
 1819 007b 17       		.uleb128 0x17
 1820 007c 00       		.byte	0
 1821 007d 00       		.byte	0
 1822 007e 09       		.uleb128 0x9
 1823 007f 898201   		.uleb128 0x4109
 1824 0082 00       		.byte	0
 1825 0083 11       		.uleb128 0x11
 1826 0084 01       		.uleb128 0x1
 1827 0085 31       		.uleb128 0x31
 1828 0086 13       		.uleb128 0x13
 1829 0087 00       		.byte	0
 1830 0088 00       		.byte	0
 1831 0089 0A       		.uleb128 0xa
 1832 008a 898201   		.uleb128 0x4109
 1833 008d 01       		.byte	0x1
 1834 008e 11       		.uleb128 0x11
 1835 008f 01       		.uleb128 0x1
 1836 0090 31       		.uleb128 0x31
ARM GAS  C:\Users\Henry\AppData\Local\Temp\ccBvUH9e.s 			page 61


 1837 0091 13       		.uleb128 0x13
 1838 0092 00       		.byte	0
 1839 0093 00       		.byte	0
 1840 0094 0B       		.uleb128 0xb
 1841 0095 8A8201   		.uleb128 0x410a
 1842 0098 00       		.byte	0
 1843 0099 02       		.uleb128 0x2
 1844 009a 18       		.uleb128 0x18
 1845 009b 9142     		.uleb128 0x2111
 1846 009d 18       		.uleb128 0x18
 1847 009e 00       		.byte	0
 1848 009f 00       		.byte	0
 1849 00a0 0C       		.uleb128 0xc
 1850 00a1 2E       		.uleb128 0x2e
 1851 00a2 00       		.byte	0
 1852 00a3 3F       		.uleb128 0x3f
 1853 00a4 19       		.uleb128 0x19
 1854 00a5 03       		.uleb128 0x3
 1855 00a6 0E       		.uleb128 0xe
 1856 00a7 3A       		.uleb128 0x3a
 1857 00a8 0B       		.uleb128 0xb
 1858 00a9 3B       		.uleb128 0x3b
 1859 00aa 05       		.uleb128 0x5
 1860 00ab 27       		.uleb128 0x27
 1861 00ac 19       		.uleb128 0x19
 1862 00ad 49       		.uleb128 0x49
 1863 00ae 13       		.uleb128 0x13
 1864 00af 11       		.uleb128 0x11
 1865 00b0 01       		.uleb128 0x1
 1866 00b1 12       		.uleb128 0x12
 1867 00b2 06       		.uleb128 0x6
 1868 00b3 40       		.uleb128 0x40
 1869 00b4 18       		.uleb128 0x18
 1870 00b5 9742     		.uleb128 0x2117
 1871 00b7 19       		.uleb128 0x19
 1872 00b8 00       		.byte	0
 1873 00b9 00       		.byte	0
 1874 00ba 0D       		.uleb128 0xd
 1875 00bb 2E       		.uleb128 0x2e
 1876 00bc 01       		.byte	0x1
 1877 00bd 3F       		.uleb128 0x3f
 1878 00be 19       		.uleb128 0x19
 1879 00bf 03       		.uleb128 0x3
 1880 00c0 0E       		.uleb128 0xe
 1881 00c1 3A       		.uleb128 0x3a
 1882 00c2 0B       		.uleb128 0xb
 1883 00c3 3B       		.uleb128 0x3b
 1884 00c4 05       		.uleb128 0x5
 1885 00c5 27       		.uleb128 0x27
 1886 00c6 19       		.uleb128 0x19
 1887 00c7 11       		.uleb128 0x11
 1888 00c8 01       		.uleb128 0x1
 1889 00c9 12       		.uleb128 0x12
 1890 00ca 06       		.uleb128 0x6
 1891 00cb 40       		.uleb128 0x40
 1892 00cc 18       		.uleb128 0x18
 1893 00cd 9742     		.uleb128 0x2117
ARM GAS  C:\Users\Henry\AppData\Local\Temp\ccBvUH9e.s 			page 62


 1894 00cf 19       		.uleb128 0x19
 1895 00d0 01       		.uleb128 0x1
 1896 00d1 13       		.uleb128 0x13
 1897 00d2 00       		.byte	0
 1898 00d3 00       		.byte	0
 1899 00d4 0E       		.uleb128 0xe
 1900 00d5 05       		.uleb128 0x5
 1901 00d6 00       		.byte	0
 1902 00d7 03       		.uleb128 0x3
 1903 00d8 0E       		.uleb128 0xe
 1904 00d9 3A       		.uleb128 0x3a
 1905 00da 0B       		.uleb128 0xb
 1906 00db 3B       		.uleb128 0x3b
 1907 00dc 05       		.uleb128 0x5
 1908 00dd 49       		.uleb128 0x49
 1909 00de 13       		.uleb128 0x13
 1910 00df 02       		.uleb128 0x2
 1911 00e0 18       		.uleb128 0x18
 1912 00e1 00       		.byte	0
 1913 00e2 00       		.byte	0
 1914 00e3 0F       		.uleb128 0xf
 1915 00e4 2E       		.uleb128 0x2e
 1916 00e5 01       		.byte	0x1
 1917 00e6 3F       		.uleb128 0x3f
 1918 00e7 19       		.uleb128 0x19
 1919 00e8 03       		.uleb128 0x3
 1920 00e9 0E       		.uleb128 0xe
 1921 00ea 3A       		.uleb128 0x3a
 1922 00eb 0B       		.uleb128 0xb
 1923 00ec 3B       		.uleb128 0x3b
 1924 00ed 05       		.uleb128 0x5
 1925 00ee 27       		.uleb128 0x27
 1926 00ef 19       		.uleb128 0x19
 1927 00f0 49       		.uleb128 0x49
 1928 00f1 13       		.uleb128 0x13
 1929 00f2 11       		.uleb128 0x11
 1930 00f3 01       		.uleb128 0x1
 1931 00f4 12       		.uleb128 0x12
 1932 00f5 06       		.uleb128 0x6
 1933 00f6 40       		.uleb128 0x40
 1934 00f7 18       		.uleb128 0x18
 1935 00f8 9742     		.uleb128 0x2117
 1936 00fa 19       		.uleb128 0x19
 1937 00fb 01       		.uleb128 0x1
 1938 00fc 13       		.uleb128 0x13
 1939 00fd 00       		.byte	0
 1940 00fe 00       		.byte	0
 1941 00ff 10       		.uleb128 0x10
 1942 0100 34       		.uleb128 0x34
 1943 0101 00       		.byte	0
 1944 0102 03       		.uleb128 0x3
 1945 0103 0E       		.uleb128 0xe
 1946 0104 3A       		.uleb128 0x3a
 1947 0105 0B       		.uleb128 0xb
 1948 0106 3B       		.uleb128 0x3b
 1949 0107 05       		.uleb128 0x5
 1950 0108 49       		.uleb128 0x49
ARM GAS  C:\Users\Henry\AppData\Local\Temp\ccBvUH9e.s 			page 63


 1951 0109 13       		.uleb128 0x13
 1952 010a 02       		.uleb128 0x2
 1953 010b 18       		.uleb128 0x18
 1954 010c 00       		.byte	0
 1955 010d 00       		.byte	0
 1956 010e 11       		.uleb128 0x11
 1957 010f 34       		.uleb128 0x34
 1958 0110 00       		.byte	0
 1959 0111 03       		.uleb128 0x3
 1960 0112 0E       		.uleb128 0xe
 1961 0113 3A       		.uleb128 0x3a
 1962 0114 0B       		.uleb128 0xb
 1963 0115 3B       		.uleb128 0x3b
 1964 0116 05       		.uleb128 0x5
 1965 0117 49       		.uleb128 0x49
 1966 0118 13       		.uleb128 0x13
 1967 0119 02       		.uleb128 0x2
 1968 011a 17       		.uleb128 0x17
 1969 011b 00       		.byte	0
 1970 011c 00       		.byte	0
 1971 011d 12       		.uleb128 0x12
 1972 011e 05       		.uleb128 0x5
 1973 011f 00       		.byte	0
 1974 0120 03       		.uleb128 0x3
 1975 0121 0E       		.uleb128 0xe
 1976 0122 3A       		.uleb128 0x3a
 1977 0123 0B       		.uleb128 0xb
 1978 0124 3B       		.uleb128 0x3b
 1979 0125 05       		.uleb128 0x5
 1980 0126 49       		.uleb128 0x49
 1981 0127 13       		.uleb128 0x13
 1982 0128 02       		.uleb128 0x2
 1983 0129 17       		.uleb128 0x17
 1984 012a 00       		.byte	0
 1985 012b 00       		.byte	0
 1986 012c 13       		.uleb128 0x13
 1987 012d 0F       		.uleb128 0xf
 1988 012e 00       		.byte	0
 1989 012f 0B       		.uleb128 0xb
 1990 0130 0B       		.uleb128 0xb
 1991 0131 49       		.uleb128 0x49
 1992 0132 13       		.uleb128 0x13
 1993 0133 00       		.byte	0
 1994 0134 00       		.byte	0
 1995 0135 14       		.uleb128 0x14
 1996 0136 26       		.uleb128 0x26
 1997 0137 00       		.byte	0
 1998 0138 49       		.uleb128 0x49
 1999 0139 13       		.uleb128 0x13
 2000 013a 00       		.byte	0
 2001 013b 00       		.byte	0
 2002 013c 15       		.uleb128 0x15
 2003 013d 898201   		.uleb128 0x4109
 2004 0140 01       		.byte	0x1
 2005 0141 11       		.uleb128 0x11
 2006 0142 01       		.uleb128 0x1
 2007 0143 31       		.uleb128 0x31
ARM GAS  C:\Users\Henry\AppData\Local\Temp\ccBvUH9e.s 			page 64


 2008 0144 13       		.uleb128 0x13
 2009 0145 01       		.uleb128 0x1
 2010 0146 13       		.uleb128 0x13
 2011 0147 00       		.byte	0
 2012 0148 00       		.byte	0
 2013 0149 16       		.uleb128 0x16
 2014 014a 0B       		.uleb128 0xb
 2015 014b 01       		.byte	0x1
 2016 014c 11       		.uleb128 0x11
 2017 014d 01       		.uleb128 0x1
 2018 014e 12       		.uleb128 0x12
 2019 014f 06       		.uleb128 0x6
 2020 0150 00       		.byte	0
 2021 0151 00       		.byte	0
 2022 0152 17       		.uleb128 0x17
 2023 0153 34       		.uleb128 0x34
 2024 0154 00       		.byte	0
 2025 0155 03       		.uleb128 0x3
 2026 0156 0E       		.uleb128 0xe
 2027 0157 3A       		.uleb128 0x3a
 2028 0158 0B       		.uleb128 0xb
 2029 0159 3B       		.uleb128 0x3b
 2030 015a 0B       		.uleb128 0xb
 2031 015b 49       		.uleb128 0x49
 2032 015c 13       		.uleb128 0x13
 2033 015d 3F       		.uleb128 0x3f
 2034 015e 19       		.uleb128 0x19
 2035 015f 02       		.uleb128 0x2
 2036 0160 18       		.uleb128 0x18
 2037 0161 00       		.byte	0
 2038 0162 00       		.byte	0
 2039 0163 18       		.uleb128 0x18
 2040 0164 2E       		.uleb128 0x2e
 2041 0165 00       		.byte	0
 2042 0166 3F       		.uleb128 0x3f
 2043 0167 19       		.uleb128 0x19
 2044 0168 3C       		.uleb128 0x3c
 2045 0169 19       		.uleb128 0x19
 2046 016a 6E       		.uleb128 0x6e
 2047 016b 0E       		.uleb128 0xe
 2048 016c 03       		.uleb128 0x3
 2049 016d 0E       		.uleb128 0xe
 2050 016e 3A       		.uleb128 0x3a
 2051 016f 0B       		.uleb128 0xb
 2052 0170 3B       		.uleb128 0x3b
 2053 0171 0B       		.uleb128 0xb
 2054 0172 00       		.byte	0
 2055 0173 00       		.byte	0
 2056 0174 00       		.byte	0
 2057              		.section	.debug_loc,"",%progbits
 2058              	.Ldebug_loc0:
 2059              	.LLST0:
 2060 0000 08000000 		.4byte	.LVL1
 2061 0004 32000000 		.4byte	.LVL4
 2062 0008 0100     		.2byte	0x1
 2063 000a 54       		.byte	0x54
 2064 000b 00000000 		.4byte	0
ARM GAS  C:\Users\Henry\AppData\Local\Temp\ccBvUH9e.s 			page 65


 2065 000f 00000000 		.4byte	0
 2066              	.LLST1:
 2067 0013 08000000 		.4byte	.LVL8
 2068 0017 32000000 		.4byte	.LVL11
 2069 001b 0100     		.2byte	0x1
 2070 001d 54       		.byte	0x54
 2071 001e 00000000 		.4byte	0
 2072 0022 00000000 		.4byte	0
 2073              	.LLST2:
 2074 0026 04000000 		.4byte	.LVL15
 2075 002a 08000000 		.4byte	.LVL16
 2076 002e 0600     		.2byte	0x6
 2077 0030 70       		.byte	0x70
 2078 0031 00       		.sleb128 0
 2079 0032 08       		.byte	0x8
 2080 0033 7F       		.byte	0x7f
 2081 0034 1A       		.byte	0x1a
 2082 0035 9F       		.byte	0x9f
 2083 0036 00000000 		.4byte	0
 2084 003a 00000000 		.4byte	0
 2085              	.LLST3:
 2086 003e 00000000 		.4byte	.LVL17
 2087 0042 12000000 		.4byte	.LVL19
 2088 0046 0200     		.2byte	0x2
 2089 0048 30       		.byte	0x30
 2090 0049 9F       		.byte	0x9f
 2091 004a 12000000 		.4byte	.LVL19
 2092 004e 1A000000 		.4byte	.LVL20
 2093 0052 0100     		.2byte	0x1
 2094 0054 50       		.byte	0x50
 2095 0055 1A000000 		.4byte	.LVL20
 2096 0059 1E000000 		.4byte	.LVL21
 2097 005d 0200     		.2byte	0x2
 2098 005f 30       		.byte	0x30
 2099 0060 9F       		.byte	0x9f
 2100 0061 1E000000 		.4byte	.LVL21
 2101 0065 2C000000 		.4byte	.LFE9
 2102 0069 0100     		.2byte	0x1
 2103 006b 50       		.byte	0x50
 2104 006c 00000000 		.4byte	0
 2105 0070 00000000 		.4byte	0
 2106              	.LLST4:
 2107 0074 06000000 		.4byte	.LVL26
 2108 0078 1B000000 		.4byte	.LVL27-1
 2109 007c 0100     		.2byte	0x1
 2110 007e 50       		.byte	0x50
 2111 007f 00000000 		.4byte	0
 2112 0083 00000000 		.4byte	0
 2113              	.LLST5:
 2114 0087 00000000 		.4byte	.LVL34
 2115 008b 0A000000 		.4byte	.LVL36
 2116 008f 0100     		.2byte	0x1
 2117 0091 50       		.byte	0x50
 2118 0092 0A000000 		.4byte	.LVL36
 2119 0096 14000000 		.4byte	.LVL40
 2120 009a 0100     		.2byte	0x1
 2121 009c 55       		.byte	0x55
ARM GAS  C:\Users\Henry\AppData\Local\Temp\ccBvUH9e.s 			page 66


 2122 009d 14000000 		.4byte	.LVL40
 2123 00a1 18000000 		.4byte	.LVL41
 2124 00a5 0100     		.2byte	0x1
 2125 00a7 50       		.byte	0x50
 2126 00a8 18000000 		.4byte	.LVL41
 2127 00ac 20000000 		.4byte	.LVL42
 2128 00b0 0100     		.2byte	0x1
 2129 00b2 55       		.byte	0x55
 2130 00b3 20000000 		.4byte	.LVL42
 2131 00b7 24000000 		.4byte	.LFE20
 2132 00bb 0400     		.2byte	0x4
 2133 00bd F3       		.byte	0xf3
 2134 00be 01       		.uleb128 0x1
 2135 00bf 50       		.byte	0x50
 2136 00c0 9F       		.byte	0x9f
 2137 00c1 00000000 		.4byte	0
 2138 00c5 00000000 		.4byte	0
 2139              	.LLST6:
 2140 00c9 02000000 		.4byte	.LVL35
 2141 00cd 0A000000 		.4byte	.LVL36
 2142 00d1 0200     		.2byte	0x2
 2143 00d3 30       		.byte	0x30
 2144 00d4 9F       		.byte	0x9f
 2145 00d5 0A000000 		.4byte	.LVL36
 2146 00d9 10000000 		.4byte	.LVL38
 2147 00dd 0100     		.2byte	0x1
 2148 00df 54       		.byte	0x54
 2149 00e0 12000000 		.4byte	.LVL39
 2150 00e4 14000000 		.4byte	.LVL40
 2151 00e8 0100     		.2byte	0x1
 2152 00ea 54       		.byte	0x54
 2153 00eb 14000000 		.4byte	.LVL40
 2154 00ef 18000000 		.4byte	.LVL41
 2155 00f3 0200     		.2byte	0x2
 2156 00f5 30       		.byte	0x30
 2157 00f6 9F       		.byte	0x9f
 2158 00f7 18000000 		.4byte	.LVL41
 2159 00fb 20000000 		.4byte	.LVL42
 2160 00ff 0100     		.2byte	0x1
 2161 0101 54       		.byte	0x54
 2162 0102 00000000 		.4byte	0
 2163 0106 00000000 		.4byte	0
 2164              	.LLST7:
 2165 010a 00000000 		.4byte	.LVL43
 2166 010e 08000000 		.4byte	.LVL44
 2167 0112 0100     		.2byte	0x1
 2168 0114 50       		.byte	0x50
 2169 0115 08000000 		.4byte	.LVL44
 2170 0119 14000000 		.4byte	.LVL48
 2171 011d 0100     		.2byte	0x1
 2172 011f 56       		.byte	0x56
 2173 0120 14000000 		.4byte	.LVL48
 2174 0124 1C000000 		.4byte	.LVL49
 2175 0128 0100     		.2byte	0x1
 2176 012a 50       		.byte	0x50
 2177 012b 1C000000 		.4byte	.LVL49
 2178 012f 22000000 		.4byte	.LVL50
ARM GAS  C:\Users\Henry\AppData\Local\Temp\ccBvUH9e.s 			page 67


 2179 0133 0100     		.2byte	0x1
 2180 0135 56       		.byte	0x56
 2181 0136 22000000 		.4byte	.LVL50
 2182 013a 28000000 		.4byte	.LFE21
 2183 013e 0400     		.2byte	0x4
 2184 0140 F3       		.byte	0xf3
 2185 0141 01       		.uleb128 0x1
 2186 0142 50       		.byte	0x50
 2187 0143 9F       		.byte	0x9f
 2188 0144 00000000 		.4byte	0
 2189 0148 00000000 		.4byte	0
 2190              	.LLST8:
 2191 014c 00000000 		.4byte	.LVL43
 2192 0150 08000000 		.4byte	.LVL44
 2193 0154 0100     		.2byte	0x1
 2194 0156 51       		.byte	0x51
 2195 0157 08000000 		.4byte	.LVL44
 2196 015b 14000000 		.4byte	.LVL48
 2197 015f 0400     		.2byte	0x4
 2198 0161 F3       		.byte	0xf3
 2199 0162 01       		.uleb128 0x1
 2200 0163 51       		.byte	0x51
 2201 0164 9F       		.byte	0x9f
 2202 0165 14000000 		.4byte	.LVL48
 2203 0169 1C000000 		.4byte	.LVL49
 2204 016d 0100     		.2byte	0x1
 2205 016f 51       		.byte	0x51
 2206 0170 1C000000 		.4byte	.LVL49
 2207 0174 28000000 		.4byte	.LFE21
 2208 0178 0400     		.2byte	0x4
 2209 017a F3       		.byte	0xf3
 2210 017b 01       		.uleb128 0x1
 2211 017c 51       		.byte	0x51
 2212 017d 9F       		.byte	0x9f
 2213 017e 00000000 		.4byte	0
 2214 0182 00000000 		.4byte	0
 2215              	.LLST9:
 2216 0186 00000000 		.4byte	.LVL43
 2217 018a 08000000 		.4byte	.LVL44
 2218 018e 0200     		.2byte	0x2
 2219 0190 30       		.byte	0x30
 2220 0191 9F       		.byte	0x9f
 2221 0192 08000000 		.4byte	.LVL44
 2222 0196 10000000 		.4byte	.LVL46
 2223 019a 0100     		.2byte	0x1
 2224 019c 54       		.byte	0x54
 2225 019d 12000000 		.4byte	.LVL47
 2226 01a1 14000000 		.4byte	.LVL48
 2227 01a5 0100     		.2byte	0x1
 2228 01a7 54       		.byte	0x54
 2229 01a8 14000000 		.4byte	.LVL48
 2230 01ac 1C000000 		.4byte	.LVL49
 2231 01b0 0200     		.2byte	0x2
 2232 01b2 30       		.byte	0x30
 2233 01b3 9F       		.byte	0x9f
 2234 01b4 1C000000 		.4byte	.LVL49
 2235 01b8 22000000 		.4byte	.LVL50
ARM GAS  C:\Users\Henry\AppData\Local\Temp\ccBvUH9e.s 			page 68


 2236 01bc 0100     		.2byte	0x1
 2237 01be 54       		.byte	0x54
 2238 01bf 00000000 		.4byte	0
 2239 01c3 00000000 		.4byte	0
 2240              	.LLST10:
 2241 01c7 00000000 		.4byte	.LVL51
 2242 01cb 0B000000 		.4byte	.LVL52-1
 2243 01cf 0100     		.2byte	0x1
 2244 01d1 50       		.byte	0x50
 2245 01d2 0B000000 		.4byte	.LVL52-1
 2246 01d6 20000000 		.4byte	.LFE22
 2247 01da 0400     		.2byte	0x4
 2248 01dc F3       		.byte	0xf3
 2249 01dd 01       		.uleb128 0x1
 2250 01de 50       		.byte	0x50
 2251 01df 9F       		.byte	0x9f
 2252 01e0 00000000 		.4byte	0
 2253 01e4 00000000 		.4byte	0
 2254              	.LLST11:
 2255 01e8 06000000 		.4byte	.LVL55
 2256 01ec 1C000000 		.4byte	.LVL56
 2257 01f0 0100     		.2byte	0x1
 2258 01f2 53       		.byte	0x53
 2259 01f3 1C000000 		.4byte	.LVL56
 2260 01f7 24000000 		.4byte	.LFE23
 2261 01fb 0100     		.2byte	0x1
 2262 01fd 50       		.byte	0x50
 2263 01fe 00000000 		.4byte	0
 2264 0202 00000000 		.4byte	0
 2265              	.LLST12:
 2266 0206 06000000 		.4byte	.LVL57
 2267 020a 1B000000 		.4byte	.LVL58-1
 2268 020e 0100     		.2byte	0x1
 2269 0210 50       		.byte	0x50
 2270 0211 00000000 		.4byte	0
 2271 0215 00000000 		.4byte	0
 2272              	.LLST13:
 2273 0219 00000000 		.4byte	.LVL59
 2274 021d 3C000000 		.4byte	.LVL64
 2275 0221 0100     		.2byte	0x1
 2276 0223 50       		.byte	0x50
 2277 0224 3C000000 		.4byte	.LVL64
 2278 0228 58000000 		.4byte	.LFE25
 2279 022c 0400     		.2byte	0x4
 2280 022e F3       		.byte	0xf3
 2281 022f 01       		.uleb128 0x1
 2282 0230 50       		.byte	0x50
 2283 0231 9F       		.byte	0x9f
 2284 0232 00000000 		.4byte	0
 2285 0236 00000000 		.4byte	0
 2286              	.LLST14:
 2287 023a 22000000 		.4byte	.LVL60
 2288 023e 28000000 		.4byte	.LVL61
 2289 0242 0100     		.2byte	0x1
 2290 0244 53       		.byte	0x53
 2291 0245 34000000 		.4byte	.LVL62
 2292 0249 3A000000 		.4byte	.LVL63
ARM GAS  C:\Users\Henry\AppData\Local\Temp\ccBvUH9e.s 			page 69


 2293 024d 0100     		.2byte	0x1
 2294 024f 53       		.byte	0x53
 2295 0250 00000000 		.4byte	0
 2296 0254 00000000 		.4byte	0
 2297              		.section	.debug_aranges,"",%progbits
 2298 0000 EC000000 		.4byte	0xec
 2299 0004 0200     		.2byte	0x2
 2300 0006 00000000 		.4byte	.Ldebug_info0
 2301 000a 04       		.byte	0x4
 2302 000b 00       		.byte	0
 2303 000c 0000     		.2byte	0
 2304 000e 0000     		.2byte	0
 2305 0010 00000000 		.4byte	.LFB1
 2306 0014 24000000 		.4byte	.LFE1-.LFB1
 2307 0018 00000000 		.4byte	.LFB2
 2308 001c 38000000 		.4byte	.LFE2-.LFB2
 2309 0020 00000000 		.4byte	.LFB0
 2310 0024 1C000000 		.4byte	.LFE0-.LFB0
 2311 0028 00000000 		.4byte	.LFB3
 2312 002c 3C000000 		.4byte	.LFE3-.LFB3
 2313 0030 00000000 		.4byte	.LFB4
 2314 0034 04000000 		.4byte	.LFE4-.LFB4
 2315 0038 00000000 		.4byte	.LFB5
 2316 003c 02000000 		.4byte	.LFE5-.LFB5
 2317 0040 00000000 		.4byte	.LFB6
 2318 0044 0C000000 		.4byte	.LFE6-.LFB6
 2319 0048 00000000 		.4byte	.LFB7
 2320 004c 0C000000 		.4byte	.LFE7-.LFB7
 2321 0050 00000000 		.4byte	.LFB8
 2322 0054 10000000 		.4byte	.LFE8-.LFB8
 2323 0058 00000000 		.4byte	.LFB9
 2324 005c 2C000000 		.4byte	.LFE9-.LFB9
 2325 0060 00000000 		.4byte	.LFB10
 2326 0064 12000000 		.4byte	.LFE10-.LFB10
 2327 0068 00000000 		.4byte	.LFB11
 2328 006c 18000000 		.4byte	.LFE11-.LFB11
 2329 0070 00000000 		.4byte	.LFB12
 2330 0074 24000000 		.4byte	.LFE12-.LFB12
 2331 0078 00000000 		.4byte	.LFB13
 2332 007c 02000000 		.4byte	.LFE13-.LFB13
 2333 0080 00000000 		.4byte	.LFB14
 2334 0084 0C000000 		.4byte	.LFE14-.LFB14
 2335 0088 00000000 		.4byte	.LFB15
 2336 008c 0C000000 		.4byte	.LFE15-.LFB15
 2337 0090 00000000 		.4byte	.LFB16
 2338 0094 0C000000 		.4byte	.LFE16-.LFB16
 2339 0098 00000000 		.4byte	.LFB17
 2340 009c 14000000 		.4byte	.LFE17-.LFB17
 2341 00a0 00000000 		.4byte	.LFB18
 2342 00a4 0C000000 		.4byte	.LFE18-.LFB18
 2343 00a8 00000000 		.4byte	.LFB19
 2344 00ac 18000000 		.4byte	.LFE19-.LFB19
 2345 00b0 00000000 		.4byte	.LFB20
 2346 00b4 24000000 		.4byte	.LFE20-.LFB20
 2347 00b8 00000000 		.4byte	.LFB21
 2348 00bc 28000000 		.4byte	.LFE21-.LFB21
 2349 00c0 00000000 		.4byte	.LFB22
ARM GAS  C:\Users\Henry\AppData\Local\Temp\ccBvUH9e.s 			page 70


 2350 00c4 20000000 		.4byte	.LFE22-.LFB22
 2351 00c8 00000000 		.4byte	.LFB23
 2352 00cc 24000000 		.4byte	.LFE23-.LFB23
 2353 00d0 00000000 		.4byte	.LFB24
 2354 00d4 24000000 		.4byte	.LFE24-.LFB24
 2355 00d8 00000000 		.4byte	.LFB25
 2356 00dc 58000000 		.4byte	.LFE25-.LFB25
 2357 00e0 00000000 		.4byte	.LFB26
 2358 00e4 02000000 		.4byte	.LFE26-.LFB26
 2359 00e8 00000000 		.4byte	0
 2360 00ec 00000000 		.4byte	0
 2361              		.section	.debug_ranges,"",%progbits
 2362              	.Ldebug_ranges0:
 2363 0000 00000000 		.4byte	.LFB1
 2364 0004 24000000 		.4byte	.LFE1
 2365 0008 00000000 		.4byte	.LFB2
 2366 000c 38000000 		.4byte	.LFE2
 2367 0010 00000000 		.4byte	.LFB0
 2368 0014 1C000000 		.4byte	.LFE0
 2369 0018 00000000 		.4byte	.LFB3
 2370 001c 3C000000 		.4byte	.LFE3
 2371 0020 00000000 		.4byte	.LFB4
 2372 0024 04000000 		.4byte	.LFE4
 2373 0028 00000000 		.4byte	.LFB5
 2374 002c 02000000 		.4byte	.LFE5
 2375 0030 00000000 		.4byte	.LFB6
 2376 0034 0C000000 		.4byte	.LFE6
 2377 0038 00000000 		.4byte	.LFB7
 2378 003c 0C000000 		.4byte	.LFE7
 2379 0040 00000000 		.4byte	.LFB8
 2380 0044 10000000 		.4byte	.LFE8
 2381 0048 00000000 		.4byte	.LFB9
 2382 004c 2C000000 		.4byte	.LFE9
 2383 0050 00000000 		.4byte	.LFB10
 2384 0054 12000000 		.4byte	.LFE10
 2385 0058 00000000 		.4byte	.LFB11
 2386 005c 18000000 		.4byte	.LFE11
 2387 0060 00000000 		.4byte	.LFB12
 2388 0064 24000000 		.4byte	.LFE12
 2389 0068 00000000 		.4byte	.LFB13
 2390 006c 02000000 		.4byte	.LFE13
 2391 0070 00000000 		.4byte	.LFB14
 2392 0074 0C000000 		.4byte	.LFE14
 2393 0078 00000000 		.4byte	.LFB15
 2394 007c 0C000000 		.4byte	.LFE15
 2395 0080 00000000 		.4byte	.LFB16
 2396 0084 0C000000 		.4byte	.LFE16
 2397 0088 00000000 		.4byte	.LFB17
 2398 008c 14000000 		.4byte	.LFE17
 2399 0090 00000000 		.4byte	.LFB18
 2400 0094 0C000000 		.4byte	.LFE18
 2401 0098 00000000 		.4byte	.LFB19
 2402 009c 18000000 		.4byte	.LFE19
 2403 00a0 00000000 		.4byte	.LFB20
 2404 00a4 24000000 		.4byte	.LFE20
 2405 00a8 00000000 		.4byte	.LFB21
 2406 00ac 28000000 		.4byte	.LFE21
ARM GAS  C:\Users\Henry\AppData\Local\Temp\ccBvUH9e.s 			page 71


 2407 00b0 00000000 		.4byte	.LFB22
 2408 00b4 20000000 		.4byte	.LFE22
 2409 00b8 00000000 		.4byte	.LFB23
 2410 00bc 24000000 		.4byte	.LFE23
 2411 00c0 00000000 		.4byte	.LFB24
 2412 00c4 24000000 		.4byte	.LFE24
 2413 00c8 00000000 		.4byte	.LFB25
 2414 00cc 58000000 		.4byte	.LFE25
 2415 00d0 00000000 		.4byte	.LFB26
 2416 00d4 02000000 		.4byte	.LFE26
 2417 00d8 00000000 		.4byte	0
 2418 00dc 00000000 		.4byte	0
 2419              		.section	.debug_line,"",%progbits
 2420              	.Ldebug_line0:
 2421 0000 BC020000 		.section	.debug_str,"MS",%progbits,1
 2421      02006300 
 2421      00000201 
 2421      FB0E0D00 
 2421      01010101 
 2422              	.LASF30:
 2423 0000 456D6973 		.ascii	"Emisor_GetChar\000"
 2423      6F725F47 
 2423      65744368 
 2423      617200
 2424              	.LASF10:
 2425 000f 75696E74 		.ascii	"uint16\000"
 2425      313600
 2426              	.LASF62:
 2427 0016 43794578 		.ascii	"CyExitCriticalSection\000"
 2427      69744372 
 2427      69746963 
 2427      616C5365 
 2427      6374696F 
 2428              	.LASF43:
 2429 002c 74784461 		.ascii	"txDataByte\000"
 2429      74614279 
 2429      746500
 2430              	.LASF48:
 2431 0037 73747269 		.ascii	"string\000"
 2431      6E6700
 2432              	.LASF68:
 2433 003e 456D6973 		.ascii	"Emisor_initVar\000"
 2433      6F725F69 
 2433      6E697456 
 2433      617200
 2434              	.LASF23:
 2435 004d 456D6973 		.ascii	"Emisor_SetRxInterruptMode\000"
 2435      6F725F53 
 2435      65745278 
 2435      496E7465 
 2435      72727570 
 2436              	.LASF7:
 2437 0067 6C6F6E67 		.ascii	"long long unsigned int\000"
 2437      206C6F6E 
 2437      6720756E 
 2437      7369676E 
 2437      65642069 
ARM GAS  C:\Users\Henry\AppData\Local\Temp\ccBvUH9e.s 			page 72


 2438              	.LASF36:
 2439 007e 456D6973 		.ascii	"Emisor_SetRxAddressMode\000"
 2439      6F725F53 
 2439      65745278 
 2439      41646472 
 2439      6573734D 
 2440              	.LASF6:
 2441 0096 6C6F6E67 		.ascii	"long long int\000"
 2441      206C6F6E 
 2441      6720696E 
 2441      7400
 2442              	.LASF0:
 2443 00a4 7369676E 		.ascii	"signed char\000"
 2443      65642063 
 2443      68617200 
 2444              	.LASF58:
 2445 00b0 74785065 		.ascii	"txPeriod\000"
 2445      72696F64 
 2445      00
 2446              	.LASF27:
 2447 00b9 456D6973 		.ascii	"Emisor_ReadRxData\000"
 2447      6F725F52 
 2447      65616452 
 2447      78446174 
 2447      6100
 2448              	.LASF4:
 2449 00cb 6C6F6E67 		.ascii	"long int\000"
 2449      20696E74 
 2449      00
 2450              	.LASF45:
 2451 00d4 456D6973 		.ascii	"Emisor_ReadTxStatus\000"
 2451      6F725F52 
 2451      65616454 
 2451      78537461 
 2451      74757300 
 2452              	.LASF50:
 2453 00e8 456D6973 		.ascii	"Emisor_PutArray\000"
 2453      6F725F50 
 2453      75744172 
 2453      72617900 
 2454              	.LASF44:
 2455 00f8 456D6973 		.ascii	"Emisor_ReadControlRegister\000"
 2455      6F725F52 
 2455      65616443 
 2455      6F6E7472 
 2455      6F6C5265 
 2456              	.LASF67:
 2457 0113 456D6973 		.ascii	"Emisor_Init\000"
 2457      6F725F49 
 2457      6E697400 
 2458              	.LASF9:
 2459 011f 75696E74 		.ascii	"uint8\000"
 2459      3800
 2460              	.LASF12:
 2461 0125 646F7562 		.ascii	"double\000"
 2461      6C6500
 2462              	.LASF37:
ARM GAS  C:\Users\Henry\AppData\Local\Temp\ccBvUH9e.s 			page 73


 2463 012c 61646472 		.ascii	"addressMode\000"
 2463      6573734D 
 2463      6F646500 
 2464              	.LASF22:
 2465 0138 456D6973 		.ascii	"Emisor_WriteControlRegister\000"
 2465      6F725F57 
 2465      72697465 
 2465      436F6E74 
 2465      726F6C52 
 2466              	.LASF24:
 2467 0154 636F6E74 		.ascii	"control\000"
 2467      726F6C00 
 2468              	.LASF66:
 2469 015c 433A5C55 		.ascii	"C:\\Users\\Henry\\Documents\\PSoC Creator\\Serial\\"
 2469      73657273 
 2469      5C48656E 
 2469      72795C44 
 2469      6F63756D 
 2470 0189 456D6973 		.ascii	"Emisor.cydsn\000"
 2470      6F722E63 
 2470      7964736E 
 2470      00
 2471              	.LASF56:
 2472 0196 7265744D 		.ascii	"retMode\000"
 2472      6F646500 
 2473              	.LASF8:
 2474 019e 756E7369 		.ascii	"unsigned int\000"
 2474      676E6564 
 2474      20696E74 
 2474      00
 2475              	.LASF61:
 2476 01ab 456D6973 		.ascii	"Emisor_IntClock_Start\000"
 2476      6F725F49 
 2476      6E74436C 
 2476      6F636B5F 
 2476      53746172 
 2477              	.LASF53:
 2478 01c1 456D6973 		.ascii	"Emisor_GetTxBufferSize\000"
 2478      6F725F47 
 2478      65745478 
 2478      42756666 
 2478      65725369 
 2479              	.LASF5:
 2480 01d8 6C6F6E67 		.ascii	"long unsigned int\000"
 2480      20756E73 
 2480      69676E65 
 2480      6420696E 
 2480      7400
 2481              	.LASF60:
 2482 01ea 4379456E 		.ascii	"CyEnterCriticalSection\000"
 2482      74657243 
 2482      72697469 
 2482      63616C53 
 2482      65637469 
 2483              	.LASF41:
 2484 0201 456D6973 		.ascii	"Emisor_SetTxInterruptMode\000"
 2484      6F725F53 
ARM GAS  C:\Users\Henry\AppData\Local\Temp\ccBvUH9e.s 			page 74


 2484      65745478 
 2484      496E7465 
 2484      72727570 
 2485              	.LASF34:
 2486 021b 73697A65 		.ascii	"size\000"
 2486      00
 2487              	.LASF3:
 2488 0220 73686F72 		.ascii	"short unsigned int\000"
 2488      7420756E 
 2488      7369676E 
 2488      65642069 
 2488      6E7400
 2489              	.LASF46:
 2490 0233 456D6973 		.ascii	"Emisor_PutChar\000"
 2490      6F725F50 
 2490      75744368 
 2490      617200
 2491              	.LASF49:
 2492 0242 62756649 		.ascii	"bufIndex\000"
 2492      6E646578 
 2492      00
 2493              	.LASF25:
 2494 024b 696E7453 		.ascii	"intSrc\000"
 2494      726300
 2495              	.LASF57:
 2496 0252 746D7053 		.ascii	"tmpStat\000"
 2496      74617400 
 2497              	.LASF28:
 2498 025a 456D6973 		.ascii	"Emisor_ReadRxStatus\000"
 2498      6F725F52 
 2498      65616452 
 2498      78537461 
 2498      74757300 
 2499              	.LASF17:
 2500 026e 73697A65 		.ascii	"sizetype\000"
 2500      74797065 
 2500      00
 2501              	.LASF16:
 2502 0277 6C6F6E67 		.ascii	"long double\000"
 2502      20646F75 
 2502      626C6500 
 2503              	.LASF32:
 2504 0283 456D6973 		.ascii	"Emisor_GetByte\000"
 2504      6F725F47 
 2504      65744279 
 2504      746500
 2505              	.LASF39:
 2506 0292 61646472 		.ascii	"address\000"
 2506      65737300 
 2507              	.LASF52:
 2508 029a 456D6973 		.ascii	"Emisor_PutCRLF\000"
 2508      6F725F50 
 2508      75744352 
 2508      4C4600
 2509              	.LASF31:
 2510 02a9 72785374 		.ascii	"rxStatus\000"
 2510      61747573 
ARM GAS  C:\Users\Henry\AppData\Local\Temp\ccBvUH9e.s 			page 75


 2510      00
 2511              	.LASF11:
 2512 02b2 666C6F61 		.ascii	"float\000"
 2512      7400
 2513              	.LASF33:
 2514 02b8 456D6973 		.ascii	"Emisor_GetRxBufferSize\000"
 2514      6F725F47 
 2514      65745278 
 2514      42756666 
 2514      65725369 
 2515              	.LASF63:
 2516 02cf 456D6973 		.ascii	"Emisor_IntClock_Stop\000"
 2516      6F725F49 
 2516      6E74436C 
 2516      6F636B5F 
 2516      53746F70 
 2517              	.LASF59:
 2518 02e4 456D6973 		.ascii	"Emisor_SetTxAddressMode\000"
 2518      6F725F53 
 2518      65745478 
 2518      41646472 
 2518      6573734D 
 2519              	.LASF15:
 2520 02fc 72656738 		.ascii	"reg8\000"
 2520      00
 2521              	.LASF1:
 2522 0301 756E7369 		.ascii	"unsigned char\000"
 2522      676E6564 
 2522      20636861 
 2522      7200
 2523              	.LASF2:
 2524 030f 73686F72 		.ascii	"short int\000"
 2524      7420696E 
 2524      7400
 2525              	.LASF54:
 2526 0319 456D6973 		.ascii	"Emisor_ClearTxBuffer\000"
 2526      6F725F43 
 2526      6C656172 
 2526      54784275 
 2526      66666572 
 2527              	.LASF64:
 2528 032e 474E5520 		.ascii	"GNU C11 5.4.1 20160609 (release) [ARM/embedded-5-br"
 2528      43313120 
 2528      352E342E 
 2528      31203230 
 2528      31363036 
 2529 0361 616E6368 		.ascii	"anch revision 237715] -mcpu=cortex-m3 -mthumb -g -O"
 2529      20726576 
 2529      6973696F 
 2529      6E203233 
 2529      37373135 
 2530 0394 67202D66 		.ascii	"g -ffunction-sections -ffat-lto-objects\000"
 2530      66756E63 
 2530      74696F6E 
 2530      2D736563 
 2530      74696F6E 
 2531              	.LASF51:
ARM GAS  C:\Users\Henry\AppData\Local\Temp\ccBvUH9e.s 			page 76


 2532 03bc 62797465 		.ascii	"byteCount\000"
 2532      436F756E 
 2532      7400
 2533              	.LASF26:
 2534 03c6 72784461 		.ascii	"rxData\000"
 2534      746100
 2535              	.LASF14:
 2536 03cd 63686172 		.ascii	"char\000"
 2536      00
 2537              	.LASF47:
 2538 03d2 456D6973 		.ascii	"Emisor_PutString\000"
 2538      6F725F50 
 2538      75745374 
 2538      72696E67 
 2538      00
 2539              	.LASF18:
 2540 03e3 456D6973 		.ascii	"Emisor_Enable\000"
 2540      6F725F45 
 2540      6E61626C 
 2540      6500
 2541              	.LASF19:
 2542 03f1 456D6973 		.ascii	"Emisor_Start\000"
 2542      6F725F53 
 2542      74617274 
 2542      00
 2543              	.LASF55:
 2544 03fe 456D6973 		.ascii	"Emisor_SendBreak\000"
 2544      6F725F53 
 2544      656E6442 
 2544      7265616B 
 2544      00
 2545              	.LASF13:
 2546 040f 63686172 		.ascii	"char8\000"
 2546      3800
 2547              	.LASF20:
 2548 0415 456D6973 		.ascii	"Emisor_Stop\000"
 2548      6F725F53 
 2548      746F7000 
 2549              	.LASF21:
 2550 0421 656E6162 		.ascii	"enableInterrupts\000"
 2550      6C65496E 
 2550      74657272 
 2550      75707473 
 2550      00
 2551              	.LASF38:
 2552 0432 456D6973 		.ascii	"Emisor_SetRxAddress1\000"
 2552      6F725F53 
 2552      65745278 
 2552      41646472 
 2552      65737331 
 2553              	.LASF40:
 2554 0447 456D6973 		.ascii	"Emisor_SetRxAddress2\000"
 2554      6F725F53 
 2554      65745278 
 2554      41646472 
 2554      65737332 
 2555              	.LASF29:
ARM GAS  C:\Users\Henry\AppData\Local\Temp\ccBvUH9e.s 			page 77


 2556 045c 73746174 		.ascii	"status\000"
 2556      757300
 2557              	.LASF42:
 2558 0463 456D6973 		.ascii	"Emisor_WriteTxData\000"
 2558      6F725F57 
 2558      72697465 
 2558      54784461 
 2558      746100
 2559              	.LASF35:
 2560 0476 456D6973 		.ascii	"Emisor_ClearRxBuffer\000"
 2560      6F725F43 
 2560      6C656172 
 2560      52784275 
 2560      66666572 
 2561              	.LASF65:
 2562 048b 47656E65 		.ascii	"Generated_Source\\PSoC5\\Emisor.c\000"
 2562      72617465 
 2562      645F536F 
 2562      75726365 
 2562      5C50536F 
 2563              		.ident	"GCC: (GNU Tools for ARM Embedded Processors) 5.4.1 20160609 (release) [ARM/embedded-5-bran
