ARM GAS  C:\Users\Henry\AppData\Local\Temp\ccLSTckw.s 			page 1


   1              		.syntax unified
   2              		.cpu cortex-m3
   3              		.fpu softvfp
   4              		.eabi_attribute 20, 1
   5              		.eabi_attribute 21, 1
   6              		.eabi_attribute 23, 3
   7              		.eabi_attribute 24, 1
   8              		.eabi_attribute 25, 1
   9              		.eabi_attribute 26, 1
  10              		.eabi_attribute 30, 1
  11              		.eabi_attribute 34, 1
  12              		.eabi_attribute 18, 4
  13              		.thumb
  14              		.syntax unified
  15              		.file	"cyfitter_cfg.c"
  16              		.text
  17              	.Ltext0:
  18              		.cfi_sections	.debug_frame
  19              		.section	.text.CyClockStartupError,"ax",%progbits
  20              		.align	2
  21              		.thumb
  22              		.thumb_func
  23              		.type	CyClockStartupError, %function
  24              	CyClockStartupError:
  25              	.LFB3:
  26              		.file 1 "Generated_Source\\PSoC5\\cyfitter_cfg.c"
   1:Generated_Source\PSoC5/cyfitter_cfg.c **** 
   2:Generated_Source\PSoC5/cyfitter_cfg.c **** /*******************************************************************************
   3:Generated_Source\PSoC5/cyfitter_cfg.c **** * File Name: cyfitter_cfg.c
   4:Generated_Source\PSoC5/cyfitter_cfg.c **** * 
   5:Generated_Source\PSoC5/cyfitter_cfg.c **** * PSoC Creator  4.4
   6:Generated_Source\PSoC5/cyfitter_cfg.c **** *
   7:Generated_Source\PSoC5/cyfitter_cfg.c **** * Description:
   8:Generated_Source\PSoC5/cyfitter_cfg.c **** * This file contains device initialization code.
   9:Generated_Source\PSoC5/cyfitter_cfg.c **** * Except for the user defined sections in CyClockStartupError(), this file should not be modified.
  10:Generated_Source\PSoC5/cyfitter_cfg.c **** * This file is automatically generated by PSoC Creator.
  11:Generated_Source\PSoC5/cyfitter_cfg.c **** *
  12:Generated_Source\PSoC5/cyfitter_cfg.c **** ********************************************************************************
  13:Generated_Source\PSoC5/cyfitter_cfg.c **** * Copyright (c) 2007-2020 Cypress Semiconductor.  All rights reserved.
  14:Generated_Source\PSoC5/cyfitter_cfg.c **** * You may use this file only in accordance with the license, terms, conditions, 
  15:Generated_Source\PSoC5/cyfitter_cfg.c **** * disclaimers, and limitations in the end user license agreement accompanying 
  16:Generated_Source\PSoC5/cyfitter_cfg.c **** * the software package with which this file was provided.
  17:Generated_Source\PSoC5/cyfitter_cfg.c **** ********************************************************************************/
  18:Generated_Source\PSoC5/cyfitter_cfg.c **** 
  19:Generated_Source\PSoC5/cyfitter_cfg.c **** #include <string.h>
  20:Generated_Source\PSoC5/cyfitter_cfg.c **** #include "cytypes.h"
  21:Generated_Source\PSoC5/cyfitter_cfg.c **** #include "cydevice_trm.h"
  22:Generated_Source\PSoC5/cyfitter_cfg.c **** #include "cyfitter.h"
  23:Generated_Source\PSoC5/cyfitter_cfg.c **** #include "CyLib.h"
  24:Generated_Source\PSoC5/cyfitter_cfg.c **** #include "cyfitter_cfg.h"
  25:Generated_Source\PSoC5/cyfitter_cfg.c **** #include "cyapicallbacks.h"
  26:Generated_Source\PSoC5/cyfitter_cfg.c **** 
  27:Generated_Source\PSoC5/cyfitter_cfg.c **** #define CY_NEED_CYCLOCKSTARTUPERROR 1
  28:Generated_Source\PSoC5/cyfitter_cfg.c **** 
  29:Generated_Source\PSoC5/cyfitter_cfg.c **** 
  30:Generated_Source\PSoC5/cyfitter_cfg.c **** #if defined(__GNUC__) || defined(__ARMCC_VERSION)
  31:Generated_Source\PSoC5/cyfitter_cfg.c ****     #define CYPACKED 
ARM GAS  C:\Users\Henry\AppData\Local\Temp\ccLSTckw.s 			page 2


  32:Generated_Source\PSoC5/cyfitter_cfg.c ****     #define CYPACKED_ATTR __attribute__ ((packed))
  33:Generated_Source\PSoC5/cyfitter_cfg.c ****     #define CYALIGNED __attribute__ ((aligned))
  34:Generated_Source\PSoC5/cyfitter_cfg.c ****     #define CY_CFG_UNUSED __attribute__ ((unused))
  35:Generated_Source\PSoC5/cyfitter_cfg.c ****     #ifndef CY_CFG_SECTION
  36:Generated_Source\PSoC5/cyfitter_cfg.c ****         #define CY_CFG_SECTION __attribute__ ((section(".psocinit")))
  37:Generated_Source\PSoC5/cyfitter_cfg.c ****     #endif
  38:Generated_Source\PSoC5/cyfitter_cfg.c ****     
  39:Generated_Source\PSoC5/cyfitter_cfg.c ****     #if defined(__ARMCC_VERSION)
  40:Generated_Source\PSoC5/cyfitter_cfg.c ****         #define CY_CFG_MEMORY_BARRIER() __memory_changed()
  41:Generated_Source\PSoC5/cyfitter_cfg.c ****     #else
  42:Generated_Source\PSoC5/cyfitter_cfg.c ****         #define CY_CFG_MEMORY_BARRIER() __sync_synchronize()
  43:Generated_Source\PSoC5/cyfitter_cfg.c ****     #endif
  44:Generated_Source\PSoC5/cyfitter_cfg.c ****     
  45:Generated_Source\PSoC5/cyfitter_cfg.c **** #elif defined(__ICCARM__)
  46:Generated_Source\PSoC5/cyfitter_cfg.c ****     #include <intrinsics.h>
  47:Generated_Source\PSoC5/cyfitter_cfg.c **** 
  48:Generated_Source\PSoC5/cyfitter_cfg.c ****     #define CYPACKED __packed
  49:Generated_Source\PSoC5/cyfitter_cfg.c ****     #define CYPACKED_ATTR 
  50:Generated_Source\PSoC5/cyfitter_cfg.c ****     #define CYALIGNED _Pragma("data_alignment=4")
  51:Generated_Source\PSoC5/cyfitter_cfg.c ****     #define CY_CFG_UNUSED _Pragma("diag_suppress=Pe177")
  52:Generated_Source\PSoC5/cyfitter_cfg.c ****     #define CY_CFG_SECTION _Pragma("location=\".psocinit\"")
  53:Generated_Source\PSoC5/cyfitter_cfg.c ****     
  54:Generated_Source\PSoC5/cyfitter_cfg.c ****     #define CY_CFG_MEMORY_BARRIER() __DMB()
  55:Generated_Source\PSoC5/cyfitter_cfg.c ****     
  56:Generated_Source\PSoC5/cyfitter_cfg.c **** #else
  57:Generated_Source\PSoC5/cyfitter_cfg.c ****     #error Unsupported toolchain
  58:Generated_Source\PSoC5/cyfitter_cfg.c **** #endif
  59:Generated_Source\PSoC5/cyfitter_cfg.c **** 
  60:Generated_Source\PSoC5/cyfitter_cfg.c **** #ifndef CYCODE
  61:Generated_Source\PSoC5/cyfitter_cfg.c ****     #define CYCODE
  62:Generated_Source\PSoC5/cyfitter_cfg.c **** #endif
  63:Generated_Source\PSoC5/cyfitter_cfg.c **** #ifndef CYDATA
  64:Generated_Source\PSoC5/cyfitter_cfg.c ****     #define CYDATA
  65:Generated_Source\PSoC5/cyfitter_cfg.c **** #endif
  66:Generated_Source\PSoC5/cyfitter_cfg.c **** #ifndef CYFAR
  67:Generated_Source\PSoC5/cyfitter_cfg.c ****     #define CYFAR
  68:Generated_Source\PSoC5/cyfitter_cfg.c **** #endif
  69:Generated_Source\PSoC5/cyfitter_cfg.c **** #ifndef CYXDATA
  70:Generated_Source\PSoC5/cyfitter_cfg.c ****     #define CYXDATA
  71:Generated_Source\PSoC5/cyfitter_cfg.c **** #endif
  72:Generated_Source\PSoC5/cyfitter_cfg.c **** 
  73:Generated_Source\PSoC5/cyfitter_cfg.c **** 
  74:Generated_Source\PSoC5/cyfitter_cfg.c **** CY_CFG_UNUSED
  75:Generated_Source\PSoC5/cyfitter_cfg.c **** static void CYMEMZERO(void *s, size_t n);
  76:Generated_Source\PSoC5/cyfitter_cfg.c **** CY_CFG_UNUSED
  77:Generated_Source\PSoC5/cyfitter_cfg.c **** static void CYMEMZERO(void *s, size_t n)
  78:Generated_Source\PSoC5/cyfitter_cfg.c **** {
  79:Generated_Source\PSoC5/cyfitter_cfg.c **** 	(void)memset(s, 0, n);
  80:Generated_Source\PSoC5/cyfitter_cfg.c **** }
  81:Generated_Source\PSoC5/cyfitter_cfg.c **** CY_CFG_UNUSED
  82:Generated_Source\PSoC5/cyfitter_cfg.c **** static void CYCONFIGCPY(void *dest, const void *src, size_t n);
  83:Generated_Source\PSoC5/cyfitter_cfg.c **** CY_CFG_UNUSED
  84:Generated_Source\PSoC5/cyfitter_cfg.c **** static void CYCONFIGCPY(void *dest, const void *src, size_t n)
  85:Generated_Source\PSoC5/cyfitter_cfg.c **** {
  86:Generated_Source\PSoC5/cyfitter_cfg.c **** 	(void)memcpy(dest, src, n);
  87:Generated_Source\PSoC5/cyfitter_cfg.c **** }
  88:Generated_Source\PSoC5/cyfitter_cfg.c **** CY_CFG_UNUSED
ARM GAS  C:\Users\Henry\AppData\Local\Temp\ccLSTckw.s 			page 3


  89:Generated_Source\PSoC5/cyfitter_cfg.c **** static void CYCONFIGCPYCODE(void *dest, const void *src, size_t n);
  90:Generated_Source\PSoC5/cyfitter_cfg.c **** CY_CFG_UNUSED
  91:Generated_Source\PSoC5/cyfitter_cfg.c **** static void CYCONFIGCPYCODE(void *dest, const void *src, size_t n)
  92:Generated_Source\PSoC5/cyfitter_cfg.c **** {
  93:Generated_Source\PSoC5/cyfitter_cfg.c **** 	(void)memcpy(dest, src, n);
  94:Generated_Source\PSoC5/cyfitter_cfg.c **** }
  95:Generated_Source\PSoC5/cyfitter_cfg.c **** 
  96:Generated_Source\PSoC5/cyfitter_cfg.c **** 
  97:Generated_Source\PSoC5/cyfitter_cfg.c **** 
  98:Generated_Source\PSoC5/cyfitter_cfg.c **** 
  99:Generated_Source\PSoC5/cyfitter_cfg.c **** /* Clock startup error codes                                                   */
 100:Generated_Source\PSoC5/cyfitter_cfg.c **** #define CYCLOCKSTART_NO_ERROR    0u
 101:Generated_Source\PSoC5/cyfitter_cfg.c **** #define CYCLOCKSTART_XTAL_ERROR  1u
 102:Generated_Source\PSoC5/cyfitter_cfg.c **** #define CYCLOCKSTART_32KHZ_ERROR 2u
 103:Generated_Source\PSoC5/cyfitter_cfg.c **** #define CYCLOCKSTART_PLL_ERROR   3u
 104:Generated_Source\PSoC5/cyfitter_cfg.c **** #define CYCLOCKSTART_FLL_ERROR   4u
 105:Generated_Source\PSoC5/cyfitter_cfg.c **** #define CYCLOCKSTART_WCO_ERROR   5u
 106:Generated_Source\PSoC5/cyfitter_cfg.c **** 
 107:Generated_Source\PSoC5/cyfitter_cfg.c **** 
 108:Generated_Source\PSoC5/cyfitter_cfg.c **** #ifdef CY_NEED_CYCLOCKSTARTUPERROR
 109:Generated_Source\PSoC5/cyfitter_cfg.c **** /*******************************************************************************
 110:Generated_Source\PSoC5/cyfitter_cfg.c **** * Function Name: CyClockStartupError
 111:Generated_Source\PSoC5/cyfitter_cfg.c **** ********************************************************************************
 112:Generated_Source\PSoC5/cyfitter_cfg.c **** * Summary:
 113:Generated_Source\PSoC5/cyfitter_cfg.c **** *  If an error is encountered during clock configuration (crystal startup error,
 114:Generated_Source\PSoC5/cyfitter_cfg.c **** *  PLL lock error, etc.), the system will end up here.  Unless reimplemented by
 115:Generated_Source\PSoC5/cyfitter_cfg.c **** *  the customer, this function will stop in an infinite loop.
 116:Generated_Source\PSoC5/cyfitter_cfg.c **** *
 117:Generated_Source\PSoC5/cyfitter_cfg.c **** * Parameters:
 118:Generated_Source\PSoC5/cyfitter_cfg.c **** *   void
 119:Generated_Source\PSoC5/cyfitter_cfg.c **** *
 120:Generated_Source\PSoC5/cyfitter_cfg.c **** * Return:
 121:Generated_Source\PSoC5/cyfitter_cfg.c **** *   void
 122:Generated_Source\PSoC5/cyfitter_cfg.c **** *
 123:Generated_Source\PSoC5/cyfitter_cfg.c **** *******************************************************************************/
 124:Generated_Source\PSoC5/cyfitter_cfg.c **** CY_CFG_UNUSED
 125:Generated_Source\PSoC5/cyfitter_cfg.c **** static void CyClockStartupError(uint8 errorCode);
 126:Generated_Source\PSoC5/cyfitter_cfg.c **** CY_CFG_UNUSED
 127:Generated_Source\PSoC5/cyfitter_cfg.c **** static void CyClockStartupError(uint8 errorCode)
 128:Generated_Source\PSoC5/cyfitter_cfg.c **** {
  27              		.loc 1 128 0
  28              		.cfi_startproc
  29              		@ Volatile: function does not return.
  30              		@ args = 0, pretend = 0, frame = 0
  31              		@ frame_needed = 0, uses_anonymous_args = 0
  32              		@ link register save eliminated.
  33              	.LVL0:
  34              	.L2:
  35 0000 FEE7     		b	.L2
  36              		.cfi_endproc
  37              	.LFE3:
  38              		.size	CyClockStartupError, .-CyClockStartupError
  39 0002 00BF     		.section	.text.cfg_write_bytes32,"ax",%progbits
  40              		.align	2
  41              		.thumb
  42              		.thumb_func
  43              		.type	cfg_write_bytes32, %function
ARM GAS  C:\Users\Henry\AppData\Local\Temp\ccLSTckw.s 			page 4


  44              	cfg_write_bytes32:
  45              	.LFB4:
 129:Generated_Source\PSoC5/cyfitter_cfg.c ****     /* To remove the compiler warning if errorCode not used.                */
 130:Generated_Source\PSoC5/cyfitter_cfg.c ****     errorCode = errorCode;
 131:Generated_Source\PSoC5/cyfitter_cfg.c **** 
 132:Generated_Source\PSoC5/cyfitter_cfg.c ****     /* If we have a clock startup error (bad MHz crystal, PLL lock, etc.),  */
 133:Generated_Source\PSoC5/cyfitter_cfg.c ****     /* we will end up here to allow the customer to implement something to  */
 134:Generated_Source\PSoC5/cyfitter_cfg.c ****     /* deal with the clock condition.                                       */
 135:Generated_Source\PSoC5/cyfitter_cfg.c **** 
 136:Generated_Source\PSoC5/cyfitter_cfg.c **** #ifdef CY_CFG_CLOCK_STARTUP_ERROR_CALLBACK
 137:Generated_Source\PSoC5/cyfitter_cfg.c ****     CY_CFG_Clock_Startup_ErrorCallback();
 138:Generated_Source\PSoC5/cyfitter_cfg.c **** #else
 139:Generated_Source\PSoC5/cyfitter_cfg.c ****     /*  If not using CY_CFG_CLOCK_STARTUP_ERROR_CALLBACK, place your clock startup code here. */
 140:Generated_Source\PSoC5/cyfitter_cfg.c ****     /* `#START CyClockStartupError` */
 141:Generated_Source\PSoC5/cyfitter_cfg.c **** 
 142:Generated_Source\PSoC5/cyfitter_cfg.c **** 
 143:Generated_Source\PSoC5/cyfitter_cfg.c **** 
 144:Generated_Source\PSoC5/cyfitter_cfg.c ****     /* `#END` */
 145:Generated_Source\PSoC5/cyfitter_cfg.c **** 
 146:Generated_Source\PSoC5/cyfitter_cfg.c ****     while(1) {}
 147:Generated_Source\PSoC5/cyfitter_cfg.c **** #endif /* CY_CFG_CLOCK_STARTUP_ERROR_CALLBACK */
 148:Generated_Source\PSoC5/cyfitter_cfg.c **** }
 149:Generated_Source\PSoC5/cyfitter_cfg.c **** #endif
 150:Generated_Source\PSoC5/cyfitter_cfg.c **** 
 151:Generated_Source\PSoC5/cyfitter_cfg.c **** #define CY_CFG_BASE_ADDR_COUNT 9u
 152:Generated_Source\PSoC5/cyfitter_cfg.c **** CYPACKED typedef struct
 153:Generated_Source\PSoC5/cyfitter_cfg.c **** {
 154:Generated_Source\PSoC5/cyfitter_cfg.c **** 	uint8 offset;
 155:Generated_Source\PSoC5/cyfitter_cfg.c **** 	uint8 value;
 156:Generated_Source\PSoC5/cyfitter_cfg.c **** } CYPACKED_ATTR cy_cfg_addrvalue_t;
 157:Generated_Source\PSoC5/cyfitter_cfg.c **** 
 158:Generated_Source\PSoC5/cyfitter_cfg.c **** #define cy_cfg_addr_table ((const uint32 CYFAR *)0x48000000u)
 159:Generated_Source\PSoC5/cyfitter_cfg.c **** #define cy_cfg_data_table ((const cy_cfg_addrvalue_t CYFAR *)0x48000024u)
 160:Generated_Source\PSoC5/cyfitter_cfg.c **** 
 161:Generated_Source\PSoC5/cyfitter_cfg.c **** /* IOPINS0_1 Address: CYREG_PRT1_DM0 Size (bytes): 8 */
 162:Generated_Source\PSoC5/cyfitter_cfg.c **** #define BS_IOPINS0_1_VAL ((const uint8 CYFAR *)0x4800003Cu)
 163:Generated_Source\PSoC5/cyfitter_cfg.c **** 
 164:Generated_Source\PSoC5/cyfitter_cfg.c **** /* IOPINS0_2 Address: CYREG_PRT2_DM0 Size (bytes): 8 */
 165:Generated_Source\PSoC5/cyfitter_cfg.c **** #define BS_IOPINS0_2_VAL ((const uint8 CYFAR *)0x48000044u)
 166:Generated_Source\PSoC5/cyfitter_cfg.c **** 
 167:Generated_Source\PSoC5/cyfitter_cfg.c **** /* IOPINS0_6 Address: CYREG_PRT6_DM0 Size (bytes): 8 */
 168:Generated_Source\PSoC5/cyfitter_cfg.c **** #define BS_IOPINS0_6_VAL ((const uint8 CYFAR *)0x4800004Cu)
 169:Generated_Source\PSoC5/cyfitter_cfg.c **** 
 170:Generated_Source\PSoC5/cyfitter_cfg.c **** /* CYDEV_CLKDIST_ACFG0_CFG0 Address: CYREG_CLKDIST_ACFG0_CFG0 Size (bytes): 4 */
 171:Generated_Source\PSoC5/cyfitter_cfg.c **** #define BS_CYDEV_CLKDIST_ACFG0_CFG0_VAL ((const uint8 CYFAR *)0x48000054u)
 172:Generated_Source\PSoC5/cyfitter_cfg.c **** 
 173:Generated_Source\PSoC5/cyfitter_cfg.c **** 
 174:Generated_Source\PSoC5/cyfitter_cfg.c **** /*******************************************************************************
 175:Generated_Source\PSoC5/cyfitter_cfg.c **** * Function Name: cfg_write_bytes32
 176:Generated_Source\PSoC5/cyfitter_cfg.c **** ********************************************************************************
 177:Generated_Source\PSoC5/cyfitter_cfg.c **** * Summary:
 178:Generated_Source\PSoC5/cyfitter_cfg.c **** *  This function is used for setting up the chip configuration areas that
 179:Generated_Source\PSoC5/cyfitter_cfg.c **** *  contain relatively sparse data.
 180:Generated_Source\PSoC5/cyfitter_cfg.c **** *
 181:Generated_Source\PSoC5/cyfitter_cfg.c **** * Parameters:
 182:Generated_Source\PSoC5/cyfitter_cfg.c **** *   void
 183:Generated_Source\PSoC5/cyfitter_cfg.c **** *
ARM GAS  C:\Users\Henry\AppData\Local\Temp\ccLSTckw.s 			page 5


 184:Generated_Source\PSoC5/cyfitter_cfg.c **** * Return:
 185:Generated_Source\PSoC5/cyfitter_cfg.c **** *   void
 186:Generated_Source\PSoC5/cyfitter_cfg.c **** *
 187:Generated_Source\PSoC5/cyfitter_cfg.c **** *******************************************************************************/
 188:Generated_Source\PSoC5/cyfitter_cfg.c **** static void cfg_write_bytes32(const uint32 addr_table[], const cy_cfg_addrvalue_t data_table[]);
 189:Generated_Source\PSoC5/cyfitter_cfg.c **** static void cfg_write_bytes32(const uint32 addr_table[], const cy_cfg_addrvalue_t data_table[])
 190:Generated_Source\PSoC5/cyfitter_cfg.c **** {
  46              		.loc 1 190 0
  47              		.cfi_startproc
  48              		@ args = 0, pretend = 0, frame = 0
  49              		@ frame_needed = 0, uses_anonymous_args = 0
  50              		@ link register save eliminated.
  51              	.LVL1:
  52              		.loc 1 190 0
  53 0000 F0B4     		push	{r4, r5, r6, r7}
  54              		.cfi_def_cfa_offset 16
  55              		.cfi_offset 4, -16
  56              		.cfi_offset 5, -12
  57              		.cfi_offset 6, -8
  58              		.cfi_offset 7, -4
  59              	.LVL2:
 191:Generated_Source\PSoC5/cyfitter_cfg.c **** 	/* For 32-bit little-endian architectures */
 192:Generated_Source\PSoC5/cyfitter_cfg.c **** 	uint32 i, j = 0u;
  60              		.loc 1 192 0
  61 0002 0022     		movs	r2, #0
 193:Generated_Source\PSoC5/cyfitter_cfg.c **** 	for (i = 0u; i < CY_CFG_BASE_ADDR_COUNT; i++)
  62              		.loc 1 193 0
  63 0004 1746     		mov	r7, r2
  64 0006 11E0     		b	.L4
  65              	.LVL3:
  66              	.L7:
  67              	.LBB2:
 194:Generated_Source\PSoC5/cyfitter_cfg.c **** 	{
 195:Generated_Source\PSoC5/cyfitter_cfg.c **** 		uint32 baseAddr = addr_table[i];
  68              		.loc 1 195 0
  69 0008 50F82760 		ldr	r6, [r0, r7, lsl #2]
  70              	.LVL4:
 196:Generated_Source\PSoC5/cyfitter_cfg.c **** 		uint8 count = (uint8)baseAddr;
  71              		.loc 1 196 0
  72 000c F3B2     		uxtb	r3, r6
  73              	.LVL5:
 197:Generated_Source\PSoC5/cyfitter_cfg.c **** 		baseAddr &= 0xFFFFFF00u;
  74              		.loc 1 197 0
  75 000e 26F0FF06 		bic	r6, r6, #255
  76              	.LVL6:
 198:Generated_Source\PSoC5/cyfitter_cfg.c **** 		while (count != 0u)
  77              		.loc 1 198 0
  78 0012 08E0     		b	.L5
  79              	.L6:
 199:Generated_Source\PSoC5/cyfitter_cfg.c **** 		{
 200:Generated_Source\PSoC5/cyfitter_cfg.c **** 			CY_SET_REG8((void *)(baseAddr + data_table[j].offset), data_table[j].value);
  80              		.loc 1 200 0
  81 0014 01EB4205 		add	r5, r1, r2, lsl #1
  82 0018 11F81240 		ldrb	r4, [r1, r2, lsl #1]	@ zero_extendqisi2
  83 001c 6D78     		ldrb	r5, [r5, #1]	@ zero_extendqisi2
  84 001e A555     		strb	r5, [r4, r6]
 201:Generated_Source\PSoC5/cyfitter_cfg.c **** 			j++;
ARM GAS  C:\Users\Henry\AppData\Local\Temp\ccLSTckw.s 			page 6


  85              		.loc 1 201 0
  86 0020 0132     		adds	r2, r2, #1
  87              	.LVL7:
 202:Generated_Source\PSoC5/cyfitter_cfg.c **** 			count--;
  88              		.loc 1 202 0
  89 0022 013B     		subs	r3, r3, #1
  90              	.LVL8:
  91 0024 DBB2     		uxtb	r3, r3
  92              	.LVL9:
  93              	.L5:
 198:Generated_Source\PSoC5/cyfitter_cfg.c **** 		{
  94              		.loc 1 198 0
  95 0026 002B     		cmp	r3, #0
  96 0028 F4D1     		bne	.L6
  97              	.LBE2:
 193:Generated_Source\PSoC5/cyfitter_cfg.c **** 	{
  98              		.loc 1 193 0 discriminator 2
  99 002a 0137     		adds	r7, r7, #1
 100              	.LVL10:
 101              	.L4:
 193:Generated_Source\PSoC5/cyfitter_cfg.c **** 	{
 102              		.loc 1 193 0 is_stmt 0 discriminator 1
 103 002c 082F     		cmp	r7, #8
 104 002e EBD9     		bls	.L7
 203:Generated_Source\PSoC5/cyfitter_cfg.c **** 		}
 204:Generated_Source\PSoC5/cyfitter_cfg.c **** 	}
 205:Generated_Source\PSoC5/cyfitter_cfg.c **** }
 105              		.loc 1 205 0 is_stmt 1
 106 0030 F0BC     		pop	{r4, r5, r6, r7}
 107              		.cfi_restore 7
 108              		.cfi_restore 6
 109              		.cfi_restore 5
 110              		.cfi_restore 4
 111              		.cfi_def_cfa_offset 0
 112              	.LVL11:
 113 0032 7047     		bx	lr
 114              		.cfi_endproc
 115              	.LFE4:
 116              		.size	cfg_write_bytes32, .-cfg_write_bytes32
 117              		.section	.text.CYMEMZERO,"ax",%progbits
 118              		.align	2
 119              		.thumb
 120              		.thumb_func
 121              		.type	CYMEMZERO, %function
 122              	CYMEMZERO:
 123              	.LFB0:
  78:Generated_Source\PSoC5/cyfitter_cfg.c **** 	(void)memset(s, 0, n);
 124              		.loc 1 78 0
 125              		.cfi_startproc
 126              		@ args = 0, pretend = 0, frame = 0
 127              		@ frame_needed = 0, uses_anonymous_args = 0
 128              	.LVL12:
 129 0000 08B5     		push	{r3, lr}
 130              		.cfi_def_cfa_offset 8
 131              		.cfi_offset 3, -8
 132              		.cfi_offset 14, -4
  79:Generated_Source\PSoC5/cyfitter_cfg.c **** }
ARM GAS  C:\Users\Henry\AppData\Local\Temp\ccLSTckw.s 			page 7


 133              		.loc 1 79 0
 134 0002 0A46     		mov	r2, r1
 135 0004 0021     		movs	r1, #0
 136              	.LVL13:
 137 0006 FFF7FEFF 		bl	memset
 138              	.LVL14:
 139 000a 08BD     		pop	{r3, pc}
 140              		.cfi_endproc
 141              	.LFE0:
 142              		.size	CYMEMZERO, .-CYMEMZERO
 143              		.section	.text.AnalogSetDefault,"ax",%progbits
 144              		.align	2
 145              		.thumb
 146              		.thumb_func
 147              		.type	AnalogSetDefault, %function
 148              	AnalogSetDefault:
 149              	.LFB6:
 206:Generated_Source\PSoC5/cyfitter_cfg.c **** 
 207:Generated_Source\PSoC5/cyfitter_cfg.c **** /*******************************************************************************
 208:Generated_Source\PSoC5/cyfitter_cfg.c **** * Function Name: ClockSetup
 209:Generated_Source\PSoC5/cyfitter_cfg.c **** ********************************************************************************
 210:Generated_Source\PSoC5/cyfitter_cfg.c **** *
 211:Generated_Source\PSoC5/cyfitter_cfg.c **** * Summary:
 212:Generated_Source\PSoC5/cyfitter_cfg.c **** *  Performs the initialization of all of the clocks in the device based on the
 213:Generated_Source\PSoC5/cyfitter_cfg.c **** *  settings in the Clock tab of the DWR.  This includes enabling the requested
 214:Generated_Source\PSoC5/cyfitter_cfg.c **** *  clocks and setting the necessary dividers to produce the desired frequency. 
 215:Generated_Source\PSoC5/cyfitter_cfg.c **** *
 216:Generated_Source\PSoC5/cyfitter_cfg.c **** * Parameters:
 217:Generated_Source\PSoC5/cyfitter_cfg.c **** *  void
 218:Generated_Source\PSoC5/cyfitter_cfg.c **** *
 219:Generated_Source\PSoC5/cyfitter_cfg.c **** * Return:
 220:Generated_Source\PSoC5/cyfitter_cfg.c **** *  void
 221:Generated_Source\PSoC5/cyfitter_cfg.c **** *
 222:Generated_Source\PSoC5/cyfitter_cfg.c **** *******************************************************************************/
 223:Generated_Source\PSoC5/cyfitter_cfg.c **** static void ClockSetup(void);
 224:Generated_Source\PSoC5/cyfitter_cfg.c **** static void ClockSetup(void)
 225:Generated_Source\PSoC5/cyfitter_cfg.c **** {
 226:Generated_Source\PSoC5/cyfitter_cfg.c **** 	uint32 timeout;
 227:Generated_Source\PSoC5/cyfitter_cfg.c **** 	uint8 pllLock;
 228:Generated_Source\PSoC5/cyfitter_cfg.c **** 
 229:Generated_Source\PSoC5/cyfitter_cfg.c **** 
 230:Generated_Source\PSoC5/cyfitter_cfg.c **** 	/* Configure Analog Clocks based on settings from Clock DWR */
 231:Generated_Source\PSoC5/cyfitter_cfg.c **** 	CYCONFIGCPY((void CYFAR *)(CYREG_CLKDIST_ACFG0_CFG0), (const void CYFAR *)(BS_CYDEV_CLKDIST_ACFG0_
 232:Generated_Source\PSoC5/cyfitter_cfg.c **** 
 233:Generated_Source\PSoC5/cyfitter_cfg.c **** 	/* Configure ILO based on settings from Clock DWR */
 234:Generated_Source\PSoC5/cyfitter_cfg.c **** 	CY_SET_XTND_REG8((void CYFAR *)(CYREG_SLOWCLK_ILO_CR0), 0x02u);
 235:Generated_Source\PSoC5/cyfitter_cfg.c **** 	CY_SET_XTND_REG8((void CYFAR *)(CYREG_CLKDIST_CR), 0x08u);
 236:Generated_Source\PSoC5/cyfitter_cfg.c **** 
 237:Generated_Source\PSoC5/cyfitter_cfg.c **** 	/* Configure IMO based on settings from Clock DWR */
 238:Generated_Source\PSoC5/cyfitter_cfg.c **** 	CY_SET_XTND_REG8((void CYFAR *)(CYREG_FASTCLK_IMO_CR), 0x03u);
 239:Generated_Source\PSoC5/cyfitter_cfg.c **** 	CY_SET_XTND_REG8((void CYFAR *)(CYREG_IMO_TR1), (CY_GET_XTND_REG8((void CYFAR *)CYREG_FLSHID_CUST_
 240:Generated_Source\PSoC5/cyfitter_cfg.c **** 
 241:Generated_Source\PSoC5/cyfitter_cfg.c **** 	/* Configure PLL based on settings from Clock DWR */
 242:Generated_Source\PSoC5/cyfitter_cfg.c **** 	CY_SET_XTND_REG16((void CYFAR *)(CYREG_FASTCLK_PLL_P), 0x0008u);
 243:Generated_Source\PSoC5/cyfitter_cfg.c **** 	CY_SET_XTND_REG16((void CYFAR *)(CYREG_FASTCLK_PLL_CFG0), 0x1251u);
 244:Generated_Source\PSoC5/cyfitter_cfg.c **** 	/* Wait up to 250us for the PLL to lock */
 245:Generated_Source\PSoC5/cyfitter_cfg.c **** 	pllLock = 0u;
ARM GAS  C:\Users\Henry\AppData\Local\Temp\ccLSTckw.s 			page 8


 246:Generated_Source\PSoC5/cyfitter_cfg.c **** 	for (timeout = 250u / 10u; (timeout > 0u) && (pllLock != 0x03u); timeout--)
 247:Generated_Source\PSoC5/cyfitter_cfg.c **** 	{ 
 248:Generated_Source\PSoC5/cyfitter_cfg.c **** 		pllLock = 0x03u & ((uint8)((uint8)pllLock << 1) | ((CY_GET_XTND_REG8((void CYFAR *)CYREG_FASTCLK_
 249:Generated_Source\PSoC5/cyfitter_cfg.c **** 		CyDelayCycles(10u * 48u); /* Delay 10us based on 48MHz clock */
 250:Generated_Source\PSoC5/cyfitter_cfg.c **** 	}
 251:Generated_Source\PSoC5/cyfitter_cfg.c **** 	/* If we ran out of time the PLL didn't lock so go to the error function */
 252:Generated_Source\PSoC5/cyfitter_cfg.c **** 	if (timeout == 0u)
 253:Generated_Source\PSoC5/cyfitter_cfg.c **** 	{
 254:Generated_Source\PSoC5/cyfitter_cfg.c **** 		CyClockStartupError(CYCLOCKSTART_PLL_ERROR);
 255:Generated_Source\PSoC5/cyfitter_cfg.c **** 	}
 256:Generated_Source\PSoC5/cyfitter_cfg.c **** 
 257:Generated_Source\PSoC5/cyfitter_cfg.c **** 	/* Configure Bus/Master Clock based on settings from Clock DWR */
 258:Generated_Source\PSoC5/cyfitter_cfg.c **** 	CY_SET_XTND_REG16((void CYFAR *)(CYREG_CLKDIST_MSTR0), 0x0100u);
 259:Generated_Source\PSoC5/cyfitter_cfg.c **** 	CY_SET_XTND_REG8((void CYFAR *)(CYREG_CLKDIST_MSTR0), 0x07u);
 260:Generated_Source\PSoC5/cyfitter_cfg.c **** 	CY_SET_XTND_REG8((void CYFAR *)(CYREG_CLKDIST_BCFG0), 0x00u);
 261:Generated_Source\PSoC5/cyfitter_cfg.c **** 	CY_SET_XTND_REG8((void CYFAR *)(CYREG_CLKDIST_BCFG2), 0x48u);
 262:Generated_Source\PSoC5/cyfitter_cfg.c **** 	CY_SET_XTND_REG8((void CYFAR *)(CYREG_CLKDIST_MSTR0), 0x00u);
 263:Generated_Source\PSoC5/cyfitter_cfg.c **** 	CY_SET_XTND_REG8((void CYFAR *)(CYREG_CLKDIST_LD), 0x02u);
 264:Generated_Source\PSoC5/cyfitter_cfg.c **** 	CY_SET_XTND_REG8((void CYFAR *)(CYREG_CLKDIST_DLY1), 0x04u);
 265:Generated_Source\PSoC5/cyfitter_cfg.c **** 
 266:Generated_Source\PSoC5/cyfitter_cfg.c **** 	CY_SET_XTND_REG8((void CYFAR *)(CYREG_PM_ACT_CFG1), ((CY_GET_XTND_REG8((void CYFAR *)CYREG_PM_ACT_
 267:Generated_Source\PSoC5/cyfitter_cfg.c **** 	CY_SET_XTND_REG8((void CYFAR *)(CYREG_PM_ACT_CFG0), ((CY_GET_XTND_REG8((void CYFAR *)CYREG_PM_ACT_
 268:Generated_Source\PSoC5/cyfitter_cfg.c **** }
 269:Generated_Source\PSoC5/cyfitter_cfg.c **** 
 270:Generated_Source\PSoC5/cyfitter_cfg.c **** 
 271:Generated_Source\PSoC5/cyfitter_cfg.c **** /* Analog API Functions */
 272:Generated_Source\PSoC5/cyfitter_cfg.c **** 
 273:Generated_Source\PSoC5/cyfitter_cfg.c **** 
 274:Generated_Source\PSoC5/cyfitter_cfg.c **** /*******************************************************************************
 275:Generated_Source\PSoC5/cyfitter_cfg.c **** * Function Name: AnalogSetDefault
 276:Generated_Source\PSoC5/cyfitter_cfg.c **** ********************************************************************************
 277:Generated_Source\PSoC5/cyfitter_cfg.c **** *
 278:Generated_Source\PSoC5/cyfitter_cfg.c **** * Summary:
 279:Generated_Source\PSoC5/cyfitter_cfg.c **** *  Sets up the analog portions of the chip to default values based on chip
 280:Generated_Source\PSoC5/cyfitter_cfg.c **** *  configuration options from the project.
 281:Generated_Source\PSoC5/cyfitter_cfg.c **** *
 282:Generated_Source\PSoC5/cyfitter_cfg.c **** * Parameters:
 283:Generated_Source\PSoC5/cyfitter_cfg.c **** *  void
 284:Generated_Source\PSoC5/cyfitter_cfg.c **** *
 285:Generated_Source\PSoC5/cyfitter_cfg.c **** * Return:
 286:Generated_Source\PSoC5/cyfitter_cfg.c **** *  void
 287:Generated_Source\PSoC5/cyfitter_cfg.c **** *
 288:Generated_Source\PSoC5/cyfitter_cfg.c **** *******************************************************************************/
 289:Generated_Source\PSoC5/cyfitter_cfg.c **** static void AnalogSetDefault(void);
 290:Generated_Source\PSoC5/cyfitter_cfg.c **** static void AnalogSetDefault(void)
 291:Generated_Source\PSoC5/cyfitter_cfg.c **** {
 150              		.loc 1 291 0
 151              		.cfi_startproc
 152              		@ args = 0, pretend = 0, frame = 0
 153              		@ frame_needed = 0, uses_anonymous_args = 0
 154 0000 F8B5     		push	{r3, r4, r5, r6, r7, lr}
 155              		.cfi_def_cfa_offset 24
 156              		.cfi_offset 3, -24
 157              		.cfi_offset 4, -20
 158              		.cfi_offset 5, -16
 159              		.cfi_offset 6, -12
 160              		.cfi_offset 7, -8
ARM GAS  C:\Users\Henry\AppData\Local\Temp\ccLSTckw.s 			page 9


 161              		.cfi_offset 14, -4
 292:Generated_Source\PSoC5/cyfitter_cfg.c **** 	uint8 bg_xover_inl_trim = CY_GET_XTND_REG8((void CYFAR *)(CYREG_FLSHID_MFG_CFG_BG_XOVER_INL_TRIM +
 162              		.loc 1 292 0
 163 0002 164B     		ldr	r3, .L13
 164 0004 1B78     		ldrb	r3, [r3]	@ zero_extendqisi2
 165 0006 DBB2     		uxtb	r3, r3
 166              	.LVL15:
 293:Generated_Source\PSoC5/cyfitter_cfg.c **** 	uint8 cr4 = CY_GET_XTND_REG8((void CYFAR *)(CYREG_RESET_CR4));
 167              		.loc 1 293 0
 168 0008 154E     		ldr	r6, .L13+4
 169 000a 3478     		ldrb	r4, [r6]	@ zero_extendqisi2
 170 000c E4B2     		uxtb	r4, r4
 171              	.LVL16:
 294:Generated_Source\PSoC5/cyfitter_cfg.c **** 	uint8 cr5 = CY_GET_XTND_REG8((void CYFAR *)(CYREG_RESET_CR5));
 172              		.loc 1 294 0
 173 000e 154F     		ldr	r7, .L13+8
 174 0010 3D78     		ldrb	r5, [r7]	@ zero_extendqisi2
 175 0012 EDB2     		uxtb	r5, r5
 176              	.LVL17:
 295:Generated_Source\PSoC5/cyfitter_cfg.c **** 	CY_SET_XTND_REG8((void CYFAR *)(CYREG_BG_DFT0), (bg_xover_inl_trim & 0x07u));
 177              		.loc 1 295 0
 178 0014 03F00701 		and	r1, r3, #7
 179 0018 134A     		ldr	r2, .L13+12
 180 001a 1170     		strb	r1, [r2]
 296:Generated_Source\PSoC5/cyfitter_cfg.c **** 	CY_SET_XTND_REG8((void CYFAR *)(CYREG_BG_DFT1), ((bg_xover_inl_trim >> 4) & 0x0Fu));
 181              		.loc 1 296 0
 182 001c 1B09     		lsrs	r3, r3, #4
 183              	.LVL18:
 184 001e 0132     		adds	r2, r2, #1
 185 0020 1370     		strb	r3, [r2]
 297:Generated_Source\PSoC5/cyfitter_cfg.c **** 	/* Disable PRES while setting up SAR voltage reference */
 298:Generated_Source\PSoC5/cyfitter_cfg.c **** 	CY_SET_XTND_REG8((void CYFAR *)(CYREG_RESET_CR4), (cr4 | 0x03u));
 186              		.loc 1 298 0
 187 0022 44F00303 		orr	r3, r4, #3
 188 0026 3370     		strb	r3, [r6]
 299:Generated_Source\PSoC5/cyfitter_cfg.c **** 	CY_SET_XTND_REG8((void CYFAR *)(CYREG_RESET_CR5), (cr5 | 0x03u));
 189              		.loc 1 299 0
 190 0028 45F00303 		orr	r3, r5, #3
 191 002c 3B70     		strb	r3, [r7]
 300:Generated_Source\PSoC5/cyfitter_cfg.c **** 	CY_SET_XTND_REG8((void CYFAR *)CYREG_PRT6_AG, 0x20u);
 192              		.loc 1 300 0
 193 002e 2023     		movs	r3, #32
 194 0030 A2F20272 		subw	r2, r2, #1794
 195 0034 1370     		strb	r3, [r2]
 301:Generated_Source\PSoC5/cyfitter_cfg.c **** 	CY_SET_XTND_REG8((void CYFAR *)CYREG_SAR0_CSR1, 0x40u);
 196              		.loc 1 301 0
 197 0036 4022     		movs	r2, #64
 198 0038 0C49     		ldr	r1, .L13+16
 199 003a 0A70     		strb	r2, [r1]
 302:Generated_Source\PSoC5/cyfitter_cfg.c **** 	CY_SET_XTND_REG8((void CYFAR *)CYREG_SAR0_CSR3, 0x40u);
 200              		.loc 1 302 0
 201 003c 0231     		adds	r1, r1, #2
 202 003e 0A70     		strb	r2, [r1]
 303:Generated_Source\PSoC5/cyfitter_cfg.c **** 	CY_SET_XTND_REG8((void CYFAR *)CYREG_SAR0_SW0, 0x02u);
 203              		.loc 1 303 0
 204 0040 0221     		movs	r1, #2
 205 0042 0B4A     		ldr	r2, .L13+20
ARM GAS  C:\Users\Henry\AppData\Local\Temp\ccLSTckw.s 			page 10


 206 0044 1170     		strb	r1, [r2]
 304:Generated_Source\PSoC5/cyfitter_cfg.c **** 	CY_SET_XTND_REG8((void CYFAR *)CYREG_SAR0_SW3, 0x20u);
 207              		.loc 1 304 0
 208 0046 0332     		adds	r2, r2, #3
 209 0048 1370     		strb	r3, [r2]
 305:Generated_Source\PSoC5/cyfitter_cfg.c **** 	CyDelayUs(10u); /* Allow vref to settle before re-enabling PRES */
 210              		.loc 1 305 0
 211 004a 0A20     		movs	r0, #10
 212 004c FFF7FEFF 		bl	CyDelayUs
 213              	.LVL19:
 306:Generated_Source\PSoC5/cyfitter_cfg.c **** 	CY_SET_XTND_REG8((void CYFAR *)(CYREG_RESET_CR5), (cr5));
 214              		.loc 1 306 0
 215 0050 3D70     		strb	r5, [r7]
 307:Generated_Source\PSoC5/cyfitter_cfg.c **** 	CY_SET_XTND_REG8((void CYFAR *)(CYREG_RESET_CR4), (cr4));
 216              		.loc 1 307 0
 217 0052 3470     		strb	r4, [r6]
 308:Generated_Source\PSoC5/cyfitter_cfg.c **** 	CY_SET_XTND_REG8((void CYFAR *)CYREG_PUMP_CR0, 0x44u);
 218              		.loc 1 308 0
 219 0054 4422     		movs	r2, #68
 220 0056 074B     		ldr	r3, .L13+24
 221 0058 1A70     		strb	r2, [r3]
 222 005a F8BD     		pop	{r3, r4, r5, r6, r7, pc}
 223              	.LVL20:
 224              	.L14:
 225              		.align	2
 226              	.L13:
 227 005c CF010049 		.word	1224737231
 228 0060 F8460040 		.word	1073759992
 229 0064 F9460040 		.word	1073759993
 230 0068 6E580040 		.word	1073764462
 231 006c 01590040 		.word	1073764609
 232 0070 205B0040 		.word	1073765152
 233 0074 76580040 		.word	1073764470
 234              		.cfi_endproc
 235              	.LFE6:
 236              		.size	AnalogSetDefault, .-AnalogSetDefault
 237              		.section	.text.CYCONFIGCPY,"ax",%progbits
 238              		.align	2
 239              		.thumb
 240              		.thumb_func
 241              		.type	CYCONFIGCPY, %function
 242              	CYCONFIGCPY:
 243              	.LFB1:
  85:Generated_Source\PSoC5/cyfitter_cfg.c **** 	(void)memcpy(dest, src, n);
 244              		.loc 1 85 0
 245              		.cfi_startproc
 246              		@ args = 0, pretend = 0, frame = 0
 247              		@ frame_needed = 0, uses_anonymous_args = 0
 248              	.LVL21:
 249 0000 08B5     		push	{r3, lr}
 250              		.cfi_def_cfa_offset 8
 251              		.cfi_offset 3, -8
 252              		.cfi_offset 14, -4
  86:Generated_Source\PSoC5/cyfitter_cfg.c **** }
 253              		.loc 1 86 0
 254 0002 FFF7FEFF 		bl	memcpy
 255              	.LVL22:
ARM GAS  C:\Users\Henry\AppData\Local\Temp\ccLSTckw.s 			page 11


 256 0006 08BD     		pop	{r3, pc}
 257              		.cfi_endproc
 258              	.LFE1:
 259              		.size	CYCONFIGCPY, .-CYCONFIGCPY
 260              		.section	.text.ClockSetup,"ax",%progbits
 261              		.align	2
 262              		.thumb
 263              		.thumb_func
 264              		.type	ClockSetup, %function
 265              	ClockSetup:
 266              	.LFB5:
 225:Generated_Source\PSoC5/cyfitter_cfg.c **** 	uint32 timeout;
 267              		.loc 1 225 0
 268              		.cfi_startproc
 269              		@ args = 0, pretend = 0, frame = 0
 270              		@ frame_needed = 0, uses_anonymous_args = 0
 271 0000 38B5     		push	{r3, r4, r5, lr}
 272              		.cfi_def_cfa_offset 16
 273              		.cfi_offset 3, -16
 274              		.cfi_offset 4, -12
 275              		.cfi_offset 5, -8
 276              		.cfi_offset 14, -4
 231:Generated_Source\PSoC5/cyfitter_cfg.c **** 
 277              		.loc 1 231 0
 278 0002 0422     		movs	r2, #4
 279 0004 2749     		ldr	r1, .L23
 280 0006 2848     		ldr	r0, .L23+4
 281 0008 FFF7FEFF 		bl	CYCONFIGCPY
 282              	.LVL23:
 234:Generated_Source\PSoC5/cyfitter_cfg.c **** 	CY_SET_XTND_REG8((void CYFAR *)(CYREG_CLKDIST_CR), 0x08u);
 283              		.loc 1 234 0
 284 000c 0222     		movs	r2, #2
 285 000e 274B     		ldr	r3, .L23+8
 286 0010 1A70     		strb	r2, [r3]
 235:Generated_Source\PSoC5/cyfitter_cfg.c **** 
 287              		.loc 1 235 0
 288 0012 0822     		movs	r2, #8
 289 0014 4FF04023 		mov	r3, #1073758208
 290 0018 1A70     		strb	r2, [r3]
 238:Generated_Source\PSoC5/cyfitter_cfg.c **** 	CY_SET_XTND_REG8((void CYFAR *)(CYREG_IMO_TR1), (CY_GET_XTND_REG8((void CYFAR *)CYREG_FLSHID_CUST_
 291              		.loc 1 238 0
 292 001a 0321     		movs	r1, #3
 293 001c 03F50073 		add	r3, r3, #512
 294 0020 1970     		strb	r1, [r3]
 239:Generated_Source\PSoC5/cyfitter_cfg.c **** 
 295              		.loc 1 239 0
 296 0022 234B     		ldr	r3, .L23+12
 297 0024 1B78     		ldrb	r3, [r3]	@ zero_extendqisi2
 298 0026 DBB2     		uxtb	r3, r3
 299 0028 2249     		ldr	r1, .L23+16
 300 002a 0B70     		strb	r3, [r1]
 242:Generated_Source\PSoC5/cyfitter_cfg.c **** 	CY_SET_XTND_REG16((void CYFAR *)(CYREG_FASTCLK_PLL_CFG0), 0x1251u);
 301              		.loc 1 242 0
 302 002c 224B     		ldr	r3, .L23+20
 303 002e 1A80     		strh	r2, [r3]	@ movhi
 243:Generated_Source\PSoC5/cyfitter_cfg.c **** 	/* Wait up to 250us for the PLL to lock */
 304              		.loc 1 243 0
ARM GAS  C:\Users\Henry\AppData\Local\Temp\ccLSTckw.s 			page 12


 305 0030 41F25122 		movw	r2, #4689
 306 0034 023B     		subs	r3, r3, #2
 307 0036 1A80     		strh	r2, [r3]	@ movhi
 308              	.LVL24:
 245:Generated_Source\PSoC5/cyfitter_cfg.c **** 	for (timeout = 250u / 10u; (timeout > 0u) && (pllLock != 0x03u); timeout--)
 309              		.loc 1 245 0
 310 0038 0024     		movs	r4, #0
 246:Generated_Source\PSoC5/cyfitter_cfg.c **** 	{ 
 311              		.loc 1 246 0
 312 003a 1925     		movs	r5, #25
 313 003c 0CE0     		b	.L18
 314              	.LVL25:
 315              	.L20:
 248:Generated_Source\PSoC5/cyfitter_cfg.c **** 		CyDelayCycles(10u * 48u); /* Delay 10us based on 48MHz clock */
 316              		.loc 1 248 0 discriminator 4
 317 003e 1F4B     		ldr	r3, .L23+24
 318 0040 1B78     		ldrb	r3, [r3]	@ zero_extendqisi2
 319 0042 03F00103 		and	r3, r3, #1
 320 0046 43EA4404 		orr	r4, r3, r4, lsl #1
 321              	.LVL26:
 322 004a 04F00304 		and	r4, r4, #3
 323              	.LVL27:
 249:Generated_Source\PSoC5/cyfitter_cfg.c **** 	}
 324              		.loc 1 249 0 discriminator 4
 325 004e 4FF4F070 		mov	r0, #480
 326 0052 FFF7FEFF 		bl	CyDelayCycles
 327              	.LVL28:
 246:Generated_Source\PSoC5/cyfitter_cfg.c **** 	{ 
 328              		.loc 1 246 0 discriminator 4
 329 0056 013D     		subs	r5, r5, #1
 330              	.LVL29:
 331              	.L18:
 246:Generated_Source\PSoC5/cyfitter_cfg.c **** 	{ 
 332              		.loc 1 246 0 is_stmt 0 discriminator 1
 333 0058 0DB1     		cbz	r5, .L19
 246:Generated_Source\PSoC5/cyfitter_cfg.c **** 	{ 
 334              		.loc 1 246 0 discriminator 3
 335 005a 032C     		cmp	r4, #3
 336 005c EFD1     		bne	.L20
 337              	.L19:
 252:Generated_Source\PSoC5/cyfitter_cfg.c **** 	{
 338              		.loc 1 252 0 is_stmt 1
 339 005e 15B9     		cbnz	r5, .L21
 254:Generated_Source\PSoC5/cyfitter_cfg.c **** 	}
 340              		.loc 1 254 0
 341 0060 0320     		movs	r0, #3
 342 0062 FFF7FEFF 		bl	CyClockStartupError
 343              	.LVL30:
 344              	.L21:
 258:Generated_Source\PSoC5/cyfitter_cfg.c **** 	CY_SET_XTND_REG8((void CYFAR *)(CYREG_CLKDIST_MSTR0), 0x07u);
 345              		.loc 1 258 0
 346 0066 164B     		ldr	r3, .L23+28
 347 0068 4FF48072 		mov	r2, #256
 348 006c 1A80     		strh	r2, [r3]	@ movhi
 259:Generated_Source\PSoC5/cyfitter_cfg.c **** 	CY_SET_XTND_REG8((void CYFAR *)(CYREG_CLKDIST_BCFG0), 0x00u);
 349              		.loc 1 259 0
 350 006e 0722     		movs	r2, #7
ARM GAS  C:\Users\Henry\AppData\Local\Temp\ccLSTckw.s 			page 13


 351 0070 1A70     		strb	r2, [r3]
 260:Generated_Source\PSoC5/cyfitter_cfg.c **** 	CY_SET_XTND_REG8((void CYFAR *)(CYREG_CLKDIST_BCFG2), 0x48u);
 352              		.loc 1 260 0
 353 0072 0022     		movs	r2, #0
 354 0074 1349     		ldr	r1, .L23+32
 355 0076 0A70     		strb	r2, [r1]
 261:Generated_Source\PSoC5/cyfitter_cfg.c **** 	CY_SET_XTND_REG8((void CYFAR *)(CYREG_CLKDIST_MSTR0), 0x00u);
 356              		.loc 1 261 0
 357 0078 4820     		movs	r0, #72
 358 007a 0231     		adds	r1, r1, #2
 359 007c 0870     		strb	r0, [r1]
 262:Generated_Source\PSoC5/cyfitter_cfg.c **** 	CY_SET_XTND_REG8((void CYFAR *)(CYREG_CLKDIST_LD), 0x02u);
 360              		.loc 1 262 0
 361 007e 1A70     		strb	r2, [r3]
 263:Generated_Source\PSoC5/cyfitter_cfg.c **** 	CY_SET_XTND_REG8((void CYFAR *)(CYREG_CLKDIST_DLY1), 0x04u);
 362              		.loc 1 263 0
 363 0080 0222     		movs	r2, #2
 364 0082 033B     		subs	r3, r3, #3
 365 0084 1A70     		strb	r2, [r3]
 264:Generated_Source\PSoC5/cyfitter_cfg.c **** 
 366              		.loc 1 264 0
 367 0086 0422     		movs	r2, #4
 368 0088 0A33     		adds	r3, r3, #10
 369 008a 1A70     		strb	r2, [r3]
 266:Generated_Source\PSoC5/cyfitter_cfg.c **** 	CY_SET_XTND_REG8((void CYFAR *)(CYREG_PM_ACT_CFG0), ((CY_GET_XTND_REG8((void CYFAR *)CYREG_PM_ACT_
 370              		.loc 1 266 0
 371 008c 0E4A     		ldr	r2, .L23+36
 372 008e 1378     		ldrb	r3, [r2]	@ zero_extendqisi2
 373 0090 43F00103 		orr	r3, r3, #1
 374 0094 1370     		strb	r3, [r2]
 267:Generated_Source\PSoC5/cyfitter_cfg.c **** }
 375              		.loc 1 267 0
 376 0096 013A     		subs	r2, r2, #1
 377 0098 1378     		ldrb	r3, [r2]	@ zero_extendqisi2
 378 009a 43F08003 		orr	r3, r3, #128
 379 009e 1370     		strb	r3, [r2]
 380 00a0 38BD     		pop	{r3, r4, r5, pc}
 381              	.LVL31:
 382              	.L24:
 383 00a2 00BF     		.align	2
 384              	.L23:
 385 00a4 54000048 		.word	1207959636
 386 00a8 00410040 		.word	1073758464
 387 00ac 00430040 		.word	1073758976
 388 00b0 08010049 		.word	1224737032
 389 00b4 A1460040 		.word	1073759905
 390 00b8 22420040 		.word	1073758754
 391 00bc 25420040 		.word	1073758757
 392 00c0 04400040 		.word	1073758212
 393 00c4 06400040 		.word	1073758214
 394 00c8 A1430040 		.word	1073759137
 395              		.cfi_endproc
 396              	.LFE5:
 397              		.size	ClockSetup, .-ClockSetup
 398              		.section	.text.SetAnalogRoutingPumps,"ax",%progbits
 399              		.align	2
 400              		.global	SetAnalogRoutingPumps
ARM GAS  C:\Users\Henry\AppData\Local\Temp\ccLSTckw.s 			page 14


 401              		.thumb
 402              		.thumb_func
 403              		.type	SetAnalogRoutingPumps, %function
 404              	SetAnalogRoutingPumps:
 405              	.LFB7:
 309:Generated_Source\PSoC5/cyfitter_cfg.c **** }
 310:Generated_Source\PSoC5/cyfitter_cfg.c **** 
 311:Generated_Source\PSoC5/cyfitter_cfg.c **** 
 312:Generated_Source\PSoC5/cyfitter_cfg.c **** /*******************************************************************************
 313:Generated_Source\PSoC5/cyfitter_cfg.c **** * Function Name: SetAnalogRoutingPumps
 314:Generated_Source\PSoC5/cyfitter_cfg.c **** ********************************************************************************
 315:Generated_Source\PSoC5/cyfitter_cfg.c **** *
 316:Generated_Source\PSoC5/cyfitter_cfg.c **** * Summary:
 317:Generated_Source\PSoC5/cyfitter_cfg.c **** * Enables or disables the analog pumps feeding analog routing switches.
 318:Generated_Source\PSoC5/cyfitter_cfg.c **** * Intended to be called at startup, based on the Vdda system configuration;
 319:Generated_Source\PSoC5/cyfitter_cfg.c **** * may be called during operation when the user informs us that the Vdda voltage
 320:Generated_Source\PSoC5/cyfitter_cfg.c **** * crossed the pump threshold.
 321:Generated_Source\PSoC5/cyfitter_cfg.c **** *
 322:Generated_Source\PSoC5/cyfitter_cfg.c **** * Parameters:
 323:Generated_Source\PSoC5/cyfitter_cfg.c **** *  enabled - 1 to enable the pumps, 0 to disable the pumps
 324:Generated_Source\PSoC5/cyfitter_cfg.c **** *
 325:Generated_Source\PSoC5/cyfitter_cfg.c **** * Return:
 326:Generated_Source\PSoC5/cyfitter_cfg.c **** *  void
 327:Generated_Source\PSoC5/cyfitter_cfg.c **** *
 328:Generated_Source\PSoC5/cyfitter_cfg.c **** *******************************************************************************/
 329:Generated_Source\PSoC5/cyfitter_cfg.c **** void SetAnalogRoutingPumps(uint8 enabled)
 330:Generated_Source\PSoC5/cyfitter_cfg.c **** {
 406              		.loc 1 330 0
 407              		.cfi_startproc
 408              		@ args = 0, pretend = 0, frame = 0
 409              		@ frame_needed = 0, uses_anonymous_args = 0
 410              		@ link register save eliminated.
 411              	.LVL32:
 331:Generated_Source\PSoC5/cyfitter_cfg.c **** 	uint8 regValue = CY_GET_XTND_REG8((void CYFAR *)CYREG_PUMP_CR0);
 412              		.loc 1 331 0
 413 0000 054B     		ldr	r3, .L28
 414 0002 1B78     		ldrb	r3, [r3]	@ zero_extendqisi2
 415 0004 DBB2     		uxtb	r3, r3
 416              	.LVL33:
 332:Generated_Source\PSoC5/cyfitter_cfg.c **** 	if (enabled != 0u)
 417              		.loc 1 332 0
 418 0006 10B1     		cbz	r0, .L26
 333:Generated_Source\PSoC5/cyfitter_cfg.c **** 	{
 334:Generated_Source\PSoC5/cyfitter_cfg.c **** 		regValue |= 0x22u;
 419              		.loc 1 334 0
 420 0008 43F02203 		orr	r3, r3, #34
 421              	.LVL34:
 422 000c 01E0     		b	.L27
 423              	.L26:
 335:Generated_Source\PSoC5/cyfitter_cfg.c **** 	}
 336:Generated_Source\PSoC5/cyfitter_cfg.c **** 	else
 337:Generated_Source\PSoC5/cyfitter_cfg.c **** 	{
 338:Generated_Source\PSoC5/cyfitter_cfg.c **** 		regValue &= (uint8)~0x22u;
 424              		.loc 1 338 0
 425 000e 03F0DD03 		and	r3, r3, #221
 426              	.LVL35:
 427              	.L27:
ARM GAS  C:\Users\Henry\AppData\Local\Temp\ccLSTckw.s 			page 15


 339:Generated_Source\PSoC5/cyfitter_cfg.c **** 	}
 340:Generated_Source\PSoC5/cyfitter_cfg.c **** 	CY_SET_XTND_REG8((void CYFAR *)CYREG_PUMP_CR0, regValue);
 428              		.loc 1 340 0
 429 0012 014A     		ldr	r2, .L28
 430 0014 1370     		strb	r3, [r2]
 431 0016 7047     		bx	lr
 432              	.L29:
 433              		.align	2
 434              	.L28:
 435 0018 76580040 		.word	1073764470
 436              		.cfi_endproc
 437              	.LFE7:
 438              		.size	SetAnalogRoutingPumps, .-SetAnalogRoutingPumps
 439              		.section	.text.cyfitter_cfg,"ax",%progbits
 440              		.align	2
 441              		.global	cyfitter_cfg
 442              		.thumb
 443              		.thumb_func
 444              		.type	cyfitter_cfg, %function
 445              	cyfitter_cfg:
 446              	.LFB8:
 341:Generated_Source\PSoC5/cyfitter_cfg.c **** }
 342:Generated_Source\PSoC5/cyfitter_cfg.c **** 
 343:Generated_Source\PSoC5/cyfitter_cfg.c **** 
 344:Generated_Source\PSoC5/cyfitter_cfg.c **** 
 345:Generated_Source\PSoC5/cyfitter_cfg.c **** 
 346:Generated_Source\PSoC5/cyfitter_cfg.c **** /*******************************************************************************
 347:Generated_Source\PSoC5/cyfitter_cfg.c **** * Function Name: cyfitter_cfg
 348:Generated_Source\PSoC5/cyfitter_cfg.c **** ********************************************************************************
 349:Generated_Source\PSoC5/cyfitter_cfg.c **** * Summary:
 350:Generated_Source\PSoC5/cyfitter_cfg.c **** *  This function is called by the start-up code for the selected device. It
 351:Generated_Source\PSoC5/cyfitter_cfg.c **** *  performs all of the necessary device configuration based on the design
 352:Generated_Source\PSoC5/cyfitter_cfg.c **** *  settings.  This includes settings from the Design Wide Resources (DWR) such
 353:Generated_Source\PSoC5/cyfitter_cfg.c **** *  as Clocks and Pins as well as any component configuration that is necessary.
 354:Generated_Source\PSoC5/cyfitter_cfg.c **** *
 355:Generated_Source\PSoC5/cyfitter_cfg.c **** * Parameters:
 356:Generated_Source\PSoC5/cyfitter_cfg.c **** *   void
 357:Generated_Source\PSoC5/cyfitter_cfg.c **** *
 358:Generated_Source\PSoC5/cyfitter_cfg.c **** * Return:
 359:Generated_Source\PSoC5/cyfitter_cfg.c **** *   void
 360:Generated_Source\PSoC5/cyfitter_cfg.c **** *
 361:Generated_Source\PSoC5/cyfitter_cfg.c **** *******************************************************************************/
 362:Generated_Source\PSoC5/cyfitter_cfg.c **** 
 363:Generated_Source\PSoC5/cyfitter_cfg.c **** void cyfitter_cfg(void)
 364:Generated_Source\PSoC5/cyfitter_cfg.c **** {
 447              		.loc 1 364 0
 448              		.cfi_startproc
 449              		@ args = 0, pretend = 0, frame = 0
 450              		@ frame_needed = 0, uses_anonymous_args = 0
 451 0000 38B5     		push	{r3, r4, r5, lr}
 452              		.cfi_def_cfa_offset 16
 453              		.cfi_offset 3, -16
 454              		.cfi_offset 4, -12
 455              		.cfi_offset 5, -8
 456              		.cfi_offset 14, -4
 365:Generated_Source\PSoC5/cyfitter_cfg.c **** #ifdef CYGlobalIntDisable
 366:Generated_Source\PSoC5/cyfitter_cfg.c **** 	/* Disable interrupts by default. Let user enable if/when they want. */
ARM GAS  C:\Users\Henry\AppData\Local\Temp\ccLSTckw.s 			page 16


 367:Generated_Source\PSoC5/cyfitter_cfg.c **** 	CYGlobalIntDisable
 457              		.loc 1 367 0
 458              		.syntax unified
 459              	@ 367 "Generated_Source\PSoC5\cyfitter_cfg.c" 1
 460 0002 72B6     		CPSID   i
 461              	@ 0 "" 2
 368:Generated_Source\PSoC5/cyfitter_cfg.c **** #endif
 369:Generated_Source\PSoC5/cyfitter_cfg.c **** 
 370:Generated_Source\PSoC5/cyfitter_cfg.c **** 	/* Enable/Disable Debug functionality based on settings from System DWR */
 371:Generated_Source\PSoC5/cyfitter_cfg.c **** 	CY_SET_XTND_REG8((void CYFAR *)CYREG_MLOGIC_DEBUG, (CY_GET_XTND_REG8((void CYFAR *)CYREG_MLOGIC_DE
 462              		.loc 1 371 0
 463              		.thumb
 464              		.syntax unified
 465 0004 254A     		ldr	r2, .L34
 466 0006 1378     		ldrb	r3, [r2]	@ zero_extendqisi2
 467 0008 43F00403 		orr	r3, r3, #4
 468 000c 1370     		strb	r3, [r2]
 469              	.LVL36:
 470              	.LBB3:
 372:Generated_Source\PSoC5/cyfitter_cfg.c **** 
 373:Generated_Source\PSoC5/cyfitter_cfg.c **** 	{
 374:Generated_Source\PSoC5/cyfitter_cfg.c **** 
 375:Generated_Source\PSoC5/cyfitter_cfg.c **** 		CYPACKED typedef struct {
 376:Generated_Source\PSoC5/cyfitter_cfg.c **** 			void CYFAR *address;
 377:Generated_Source\PSoC5/cyfitter_cfg.c **** 			uint16 size;
 378:Generated_Source\PSoC5/cyfitter_cfg.c **** 		} CYPACKED_ATTR cfg_memset_t;
 379:Generated_Source\PSoC5/cyfitter_cfg.c **** 
 380:Generated_Source\PSoC5/cyfitter_cfg.c **** 		static const cfg_memset_t CYCODE cfg_memset_list[] = {
 381:Generated_Source\PSoC5/cyfitter_cfg.c **** 			/* address, size */
 382:Generated_Source\PSoC5/cyfitter_cfg.c **** 			{(void CYFAR *)(CYREG_PRT0_DR), 16u},
 383:Generated_Source\PSoC5/cyfitter_cfg.c **** 			{(void CYFAR *)(CYREG_PRT3_DR), 48u},
 384:Generated_Source\PSoC5/cyfitter_cfg.c **** 			{(void CYFAR *)(CYREG_PRT12_DR), 16u},
 385:Generated_Source\PSoC5/cyfitter_cfg.c **** 			{(void CYFAR *)(CYREG_PRT15_DR), 16u},
 386:Generated_Source\PSoC5/cyfitter_cfg.c **** 			{(void CYFAR *)(CYDEV_UCFG_B0_P0_U0_BASE), 4096u},
 387:Generated_Source\PSoC5/cyfitter_cfg.c **** 			{(void CYFAR *)(CYDEV_UCFG_B1_P2_U0_BASE), 2048u},
 388:Generated_Source\PSoC5/cyfitter_cfg.c **** 			{(void CYFAR *)(CYDEV_UCFG_DSI0_BASE), 2560u},
 389:Generated_Source\PSoC5/cyfitter_cfg.c **** 			{(void CYFAR *)(CYDEV_UCFG_DSI12_BASE), 512u},
 390:Generated_Source\PSoC5/cyfitter_cfg.c **** 			{(void CYFAR *)(CYREG_BCTL0_MDCLK_EN), 32u},
 391:Generated_Source\PSoC5/cyfitter_cfg.c **** 		};
 392:Generated_Source\PSoC5/cyfitter_cfg.c **** 
 393:Generated_Source\PSoC5/cyfitter_cfg.c **** 		uint8 CYDATA i;
 394:Generated_Source\PSoC5/cyfitter_cfg.c **** 
 395:Generated_Source\PSoC5/cyfitter_cfg.c **** 		/* Zero out critical memory blocks before beginning configuration */
 396:Generated_Source\PSoC5/cyfitter_cfg.c **** 		for (i = 0u; i < (sizeof(cfg_memset_list)/sizeof(cfg_memset_list[0])); i++)
 471              		.loc 1 396 0
 472 000e 0024     		movs	r4, #0
 473 0010 0CE0     		b	.L31
 474              	.LVL37:
 475              	.L32:
 476              	.LBB4:
 397:Generated_Source\PSoC5/cyfitter_cfg.c **** 		{
 398:Generated_Source\PSoC5/cyfitter_cfg.c **** 			const cfg_memset_t CYCODE * CYDATA ms = &cfg_memset_list[i];
 399:Generated_Source\PSoC5/cyfitter_cfg.c **** 			CYMEMZERO(ms->address, (size_t)(uint32)(ms->size));
 477              		.loc 1 399 0 discriminator 3
 478 0012 234D     		ldr	r5, .L34+4
 479 0014 6300     		lsls	r3, r4, #1
 480 0016 1919     		adds	r1, r3, r4
ARM GAS  C:\Users\Henry\AppData\Local\Temp\ccLSTckw.s 			page 17


 481 0018 4A00     		lsls	r2, r1, #1
 482 001a 1146     		mov	r1, r2
 483 001c 2A44     		add	r2, r2, r5
 484 001e 0846     		mov	r0, r1
 485 0020 9188     		ldrh	r1, [r2, #4]
 486 0022 2858     		ldr	r0, [r5, r0]	@ unaligned
 487 0024 FFF7FEFF 		bl	CYMEMZERO
 488              	.LVL38:
 489              	.LBE4:
 396:Generated_Source\PSoC5/cyfitter_cfg.c **** 		{
 490              		.loc 1 396 0 discriminator 3
 491 0028 0134     		adds	r4, r4, #1
 492              	.LVL39:
 493 002a E4B2     		uxtb	r4, r4
 494              	.LVL40:
 495              	.L31:
 396:Generated_Source\PSoC5/cyfitter_cfg.c **** 		{
 496              		.loc 1 396 0 is_stmt 0 discriminator 1
 497 002c 082C     		cmp	r4, #8
 498 002e F0D9     		bls	.L32
 400:Generated_Source\PSoC5/cyfitter_cfg.c **** 		}
 401:Generated_Source\PSoC5/cyfitter_cfg.c **** 
 402:Generated_Source\PSoC5/cyfitter_cfg.c **** 		cfg_write_bytes32(cy_cfg_addr_table, cy_cfg_data_table);
 499              		.loc 1 402 0 is_stmt 1
 500 0030 1C49     		ldr	r1, .L34+8
 501 0032 4FF09040 		mov	r0, #1207959552
 502 0036 FFF7FEFF 		bl	cfg_write_bytes32
 503              	.LVL41:
 403:Generated_Source\PSoC5/cyfitter_cfg.c **** 
 404:Generated_Source\PSoC5/cyfitter_cfg.c **** 		/* Enable digital routing */
 405:Generated_Source\PSoC5/cyfitter_cfg.c **** 		CY_SET_XTND_REG8((void CYFAR *)CYREG_BCTL0_BANK_CTL, CY_GET_XTND_REG8((void CYFAR *)CYREG_BCTL0_B
 504              		.loc 1 405 0
 505 003a 1B4A     		ldr	r2, .L34+12
 506 003c 1378     		ldrb	r3, [r2]	@ zero_extendqisi2
 507 003e 43F00203 		orr	r3, r3, #2
 508 0042 1370     		strb	r3, [r2]
 406:Generated_Source\PSoC5/cyfitter_cfg.c **** 		CY_SET_XTND_REG8((void CYFAR *)CYREG_BCTL1_BANK_CTL, CY_GET_XTND_REG8((void CYFAR *)CYREG_BCTL1_B
 509              		.loc 1 406 0
 510 0044 1032     		adds	r2, r2, #16
 511 0046 1378     		ldrb	r3, [r2]	@ zero_extendqisi2
 512 0048 43F00203 		orr	r3, r3, #2
 513 004c 1370     		strb	r3, [r2]
 514              	.LBE3:
 407:Generated_Source\PSoC5/cyfitter_cfg.c **** 	}
 408:Generated_Source\PSoC5/cyfitter_cfg.c **** 
 409:Generated_Source\PSoC5/cyfitter_cfg.c **** 
 410:Generated_Source\PSoC5/cyfitter_cfg.c **** 	/* Perform second pass device configuration. These items must be configured in specific order afte
 411:Generated_Source\PSoC5/cyfitter_cfg.c **** 	CYCONFIGCPY((void CYFAR *)(CYREG_PRT1_DM0), (const void CYFAR *)(BS_IOPINS0_1_VAL), 8u);
 515              		.loc 1 411 0
 516 004e 0822     		movs	r2, #8
 517 0050 1649     		ldr	r1, .L34+16
 518 0052 1748     		ldr	r0, .L34+20
 519 0054 FFF7FEFF 		bl	CYCONFIGCPY
 520              	.LVL42:
 412:Generated_Source\PSoC5/cyfitter_cfg.c **** 	CYCONFIGCPY((void CYFAR *)(CYREG_PRT2_DM0), (const void CYFAR *)(BS_IOPINS0_2_VAL), 8u);
 521              		.loc 1 412 0
 522 0058 0822     		movs	r2, #8
ARM GAS  C:\Users\Henry\AppData\Local\Temp\ccLSTckw.s 			page 18


 523 005a 1649     		ldr	r1, .L34+24
 524 005c 1648     		ldr	r0, .L34+28
 525 005e FFF7FEFF 		bl	CYCONFIGCPY
 526              	.LVL43:
 413:Generated_Source\PSoC5/cyfitter_cfg.c **** 	CYCONFIGCPY((void CYFAR *)(CYREG_PRT6_DM0), (const void CYFAR *)(BS_IOPINS0_6_VAL), 8u);
 527              		.loc 1 413 0
 528 0062 0822     		movs	r2, #8
 529 0064 1549     		ldr	r1, .L34+32
 530 0066 1648     		ldr	r0, .L34+36
 531 0068 FFF7FEFF 		bl	CYCONFIGCPY
 532              	.LVL44:
 414:Generated_Source\PSoC5/cyfitter_cfg.c **** 	/* Switch Boost to the precision bandgap reference from its internal reference */
 415:Generated_Source\PSoC5/cyfitter_cfg.c **** 	CY_SET_REG8((void CYXDATA *)CYREG_BOOST_CR2, (CY_GET_REG8((void CYXDATA *)CYREG_BOOST_CR2) | 0x08u
 533              		.loc 1 415 0
 534 006c 154A     		ldr	r2, .L34+40
 535 006e 1378     		ldrb	r3, [r2]	@ zero_extendqisi2
 536 0070 43F00803 		orr	r3, r3, #8
 537 0074 1370     		strb	r3, [r2]
 416:Generated_Source\PSoC5/cyfitter_cfg.c **** 
 417:Generated_Source\PSoC5/cyfitter_cfg.c **** 	/* Set Flash Cycles based on max possible frequency in case a glitch occurs during ClockSetup(). *
 418:Generated_Source\PSoC5/cyfitter_cfg.c **** 	CY_SET_XTND_REG8((void CYFAR *)(CYREG_CACHE_CC_CTL), (((CYDEV_INSTRUCT_CACHE_ENABLED) != 0) ? 0x61
 538              		.loc 1 418 0
 539 0076 144C     		ldr	r4, .L34+44
 540              	.LVL45:
 541 0078 6123     		movs	r3, #97
 542 007a 2370     		strb	r3, [r4]
 419:Generated_Source\PSoC5/cyfitter_cfg.c **** 	/* Setup clocks based on selections from Clock DWR */
 420:Generated_Source\PSoC5/cyfitter_cfg.c **** 	ClockSetup();
 543              		.loc 1 420 0
 544 007c FFF7FEFF 		bl	ClockSetup
 545              	.LVL46:
 421:Generated_Source\PSoC5/cyfitter_cfg.c **** 	/* Set Flash Cycles based on newly configured 24.00MHz Bus Clock. */
 422:Generated_Source\PSoC5/cyfitter_cfg.c **** 	CY_SET_XTND_REG8((void CYFAR *)(CYREG_CACHE_CC_CTL), (((CYDEV_INSTRUCT_CACHE_ENABLED) != 0) ? 0x81
 546              		.loc 1 422 0
 547 0080 8123     		movs	r3, #129
 548 0082 2370     		strb	r3, [r4]
 423:Generated_Source\PSoC5/cyfitter_cfg.c **** 	CY_SET_XTND_REG8((void CYFAR *)(CYREG_PANTHER_WAITPIPE), 0x01u);
 549              		.loc 1 423 0
 550 0084 0122     		movs	r2, #1
 551 0086 114B     		ldr	r3, .L34+48
 552 0088 1A70     		strb	r2, [r3]
 424:Generated_Source\PSoC5/cyfitter_cfg.c **** 
 425:Generated_Source\PSoC5/cyfitter_cfg.c **** 	/* Perform basic analog initialization to defaults */
 426:Generated_Source\PSoC5/cyfitter_cfg.c **** 	AnalogSetDefault();
 553              		.loc 1 426 0
 554 008a FFF7FEFF 		bl	AnalogSetDefault
 555              	.LVL47:
 427:Generated_Source\PSoC5/cyfitter_cfg.c **** 
 428:Generated_Source\PSoC5/cyfitter_cfg.c **** 	/* Configure alternate active mode */
 429:Generated_Source\PSoC5/cyfitter_cfg.c **** 	CYCONFIGCPY((void CYFAR *)CYDEV_PM_STBY_BASE, (const void CYFAR *)CYDEV_PM_ACT_BASE, 14u);
 556              		.loc 1 429 0
 557 008e 0E22     		movs	r2, #14
 558 0090 0F49     		ldr	r1, .L34+52
 559 0092 1048     		ldr	r0, .L34+56
 560 0094 FFF7FEFF 		bl	CYCONFIGCPY
 561              	.LVL48:
 562 0098 38BD     		pop	{r3, r4, r5, pc}
ARM GAS  C:\Users\Henry\AppData\Local\Temp\ccLSTckw.s 			page 19


 563              	.L35:
 564 009a 00BF     		.align	2
 565              	.L34:
 566 009c E8460040 		.word	1073759976
 567 00a0 00000000 		.word	.LANCHOR0
 568 00a4 24000048 		.word	1207959588
 569 00a8 03500140 		.word	1073827843
 570 00ac 3C000048 		.word	1207959612
 571 00b0 12510040 		.word	1073762578
 572 00b4 44000048 		.word	1207959620
 573 00b8 22510040 		.word	1073762594
 574 00bc 4C000048 		.word	1207959628
 575 00c0 62510040 		.word	1073762658
 576 00c4 22430040 		.word	1073759010
 577 00c8 00480040 		.word	1073760256
 578 00cc 04000840 		.word	1074266116
 579 00d0 A0430040 		.word	1073759136
 580 00d4 B0430040 		.word	1073759152
 581              		.cfi_endproc
 582              	.LFE8:
 583              		.size	cyfitter_cfg, .-cyfitter_cfg
 584              		.section	.rodata
 585              		.align	2
 586              		.set	.LANCHOR0,. + 0
 587              		.type	cfg_memset_list.5015, %object
 588              		.size	cfg_memset_list.5015, 54
 589              	cfg_memset_list.5015:
 590 0000 00510040 		.word	1073762560
 591 0004 1000     		.short	16
 592 0006 30510040 		.4byte	1073762608
 593 000a 3000     		.short	48
 594 000c C0510040 		.word	1073762752
 595 0010 1000     		.short	16
 596 0012 F0510040 		.4byte	1073762800
 597 0016 1000     		.short	16
 598 0018 00000140 		.word	1073807360
 599 001c 0010     		.short	4096
 600 001e 00140140 		.4byte	1073812480
 601 0022 0008     		.short	2048
 602 0024 00400140 		.word	1073823744
 603 0028 000A     		.short	2560
 604 002a 004C0140 		.4byte	1073826816
 605 002e 0002     		.short	512
 606 0030 00500140 		.word	1073827840
 607 0034 2000     		.short	32
 608              		.text
 609              	.Letext0:
 610              		.file 2 "c:\\program files (x86)\\cypress\\psoc creator\\4.4\\psoc creator\\import\\gnu\\arm\\5.4.
 611              		.file 3 "Generated_Source\\PSoC5\\cytypes.h"
 612              		.file 4 "Generated_Source\\PSoC5\\CyLib.h"
 613              		.section	.debug_info,"",%progbits
 614              	.Ldebug_info0:
 615 0000 27050000 		.4byte	0x527
 616 0004 0400     		.2byte	0x4
 617 0006 00000000 		.4byte	.Ldebug_abbrev0
 618 000a 04       		.byte	0x4
 619 000b 01       		.uleb128 0x1
ARM GAS  C:\Users\Henry\AppData\Local\Temp\ccLSTckw.s 			page 20


 620 000c 9F000000 		.4byte	.LASF49
 621 0010 0C       		.byte	0xc
 622 0011 5B020000 		.4byte	.LASF50
 623 0015 CE010000 		.4byte	.LASF51
 624 0019 00000000 		.4byte	.Ldebug_ranges0+0
 625 001d 00000000 		.4byte	0
 626 0021 00000000 		.4byte	.Ldebug_line0
 627 0025 02       		.uleb128 0x2
 628 0026 04       		.byte	0x4
 629 0027 05       		.byte	0x5
 630 0028 696E7400 		.ascii	"int\000"
 631 002c 03       		.uleb128 0x3
 632 002d 19000000 		.4byte	.LASF12
 633 0031 02       		.byte	0x2
 634 0032 D8       		.byte	0xd8
 635 0033 37000000 		.4byte	0x37
 636 0037 04       		.uleb128 0x4
 637 0038 04       		.byte	0x4
 638 0039 07       		.byte	0x7
 639 003a 02020000 		.4byte	.LASF0
 640 003e 04       		.uleb128 0x4
 641 003f 08       		.byte	0x8
 642 0040 05       		.byte	0x5
 643 0041 4D020000 		.4byte	.LASF1
 644 0045 04       		.uleb128 0x4
 645 0046 08       		.byte	0x8
 646 0047 04       		.byte	0x4
 647 0048 CC020000 		.4byte	.LASF2
 648 004c 04       		.uleb128 0x4
 649 004d 01       		.byte	0x1
 650 004e 06       		.byte	0x6
 651 004f EA020000 		.4byte	.LASF3
 652 0053 04       		.uleb128 0x4
 653 0054 01       		.byte	0x1
 654 0055 08       		.byte	0x8
 655 0056 65010000 		.4byte	.LASF4
 656 005a 04       		.uleb128 0x4
 657 005b 02       		.byte	0x2
 658 005c 05       		.byte	0x5
 659 005d AC020000 		.4byte	.LASF5
 660 0061 04       		.uleb128 0x4
 661 0062 02       		.byte	0x2
 662 0063 07       		.byte	0x7
 663 0064 50000000 		.4byte	.LASF6
 664 0068 04       		.uleb128 0x4
 665 0069 04       		.byte	0x4
 666 006a 05       		.byte	0x5
 667 006b BE020000 		.4byte	.LASF7
 668 006f 04       		.uleb128 0x4
 669 0070 04       		.byte	0x4
 670 0071 07       		.byte	0x7
 671 0072 2D010000 		.4byte	.LASF8
 672 0076 04       		.uleb128 0x4
 673 0077 08       		.byte	0x8
 674 0078 07       		.byte	0x7
 675 0079 17020000 		.4byte	.LASF9
 676 007d 04       		.uleb128 0x4
ARM GAS  C:\Users\Henry\AppData\Local\Temp\ccLSTckw.s 			page 21


 677 007e 04       		.byte	0x4
 678 007f 07       		.byte	0x7
 679 0080 44020000 		.4byte	.LASF10
 680 0084 05       		.uleb128 0x5
 681 0085 04       		.byte	0x4
 682 0086 04       		.uleb128 0x4
 683 0087 01       		.byte	0x1
 684 0088 08       		.byte	0x8
 685 0089 C7020000 		.4byte	.LASF11
 686 008d 06       		.uleb128 0x6
 687 008e 3F010000 		.4byte	.LASF13
 688 0092 03       		.byte	0x3
 689 0093 E801     		.2byte	0x1e8
 690 0095 53000000 		.4byte	0x53
 691 0099 06       		.uleb128 0x6
 692 009a AB010000 		.4byte	.LASF14
 693 009e 03       		.byte	0x3
 694 009f E901     		.2byte	0x1e9
 695 00a1 61000000 		.4byte	0x61
 696 00a5 06       		.uleb128 0x6
 697 00a6 C7010000 		.4byte	.LASF15
 698 00aa 03       		.byte	0x3
 699 00ab EA01     		.2byte	0x1ea
 700 00ad 6F000000 		.4byte	0x6f
 701 00b1 04       		.uleb128 0x4
 702 00b2 04       		.byte	0x4
 703 00b3 04       		.byte	0x4
 704 00b4 6B000000 		.4byte	.LASF16
 705 00b8 04       		.uleb128 0x4
 706 00b9 08       		.byte	0x8
 707 00ba 04       		.byte	0x4
 708 00bb 7A010000 		.4byte	.LASF17
 709 00bf 06       		.uleb128 0x6
 710 00c0 14000000 		.4byte	.LASF18
 711 00c4 03       		.byte	0x3
 712 00c5 9202     		.2byte	0x292
 713 00c7 CB000000 		.4byte	0xcb
 714 00cb 07       		.uleb128 0x7
 715 00cc 8D000000 		.4byte	0x8d
 716 00d0 06       		.uleb128 0x6
 717 00d1 00000000 		.4byte	.LASF19
 718 00d5 03       		.byte	0x3
 719 00d6 9302     		.2byte	0x293
 720 00d8 DC000000 		.4byte	0xdc
 721 00dc 07       		.uleb128 0x7
 722 00dd 99000000 		.4byte	0x99
 723 00e1 08       		.uleb128 0x8
 724 00e2 02       		.byte	0x2
 725 00e3 01       		.byte	0x1
 726 00e4 98       		.byte	0x98
 727 00e5 02010000 		.4byte	0x102
 728 00e9 09       		.uleb128 0x9
 729 00ea A5020000 		.4byte	.LASF20
 730 00ee 01       		.byte	0x1
 731 00ef 9A       		.byte	0x9a
 732 00f0 8D000000 		.4byte	0x8d
 733 00f4 00       		.byte	0
ARM GAS  C:\Users\Henry\AppData\Local\Temp\ccLSTckw.s 			page 22


 734 00f5 09       		.uleb128 0x9
 735 00f6 39000000 		.4byte	.LASF21
 736 00fa 01       		.byte	0x1
 737 00fb 9B       		.byte	0x9b
 738 00fc 8D000000 		.4byte	0x8d
 739 0100 01       		.byte	0x1
 740 0101 00       		.byte	0
 741 0102 03       		.uleb128 0x3
 742 0103 92020000 		.4byte	.LASF22
 743 0107 01       		.byte	0x1
 744 0108 9C       		.byte	0x9c
 745 0109 E1000000 		.4byte	0xe1
 746 010d 0A       		.uleb128 0xa
 747 010e 71000000 		.4byte	.LASF52
 748 0112 01       		.byte	0x1
 749 0113 7F       		.byte	0x7f
 750 0114 00000000 		.4byte	.LFB3
 751 0118 02000000 		.4byte	.LFE3-.LFB3
 752 011c 01       		.uleb128 0x1
 753 011d 9C       		.byte	0x9c
 754 011e 30010000 		.4byte	0x130
 755 0122 0B       		.uleb128 0xb
 756 0123 BD010000 		.4byte	.LASF23
 757 0127 01       		.byte	0x1
 758 0128 7F       		.byte	0x7f
 759 0129 8D000000 		.4byte	0x8d
 760 012d 01       		.uleb128 0x1
 761 012e 50       		.byte	0x50
 762 012f 00       		.byte	0
 763 0130 0C       		.uleb128 0xc
 764 0131 81010000 		.4byte	.LASF28
 765 0135 01       		.byte	0x1
 766 0136 BD       		.byte	0xbd
 767 0137 00000000 		.4byte	.LFB4
 768 013b 34000000 		.4byte	.LFE4-.LFB4
 769 013f 01       		.uleb128 0x1
 770 0140 9C       		.byte	0x9c
 771 0141 A2010000 		.4byte	0x1a2
 772 0145 0B       		.uleb128 0xb
 773 0146 A0010000 		.4byte	.LASF24
 774 014a 01       		.byte	0x1
 775 014b BD       		.byte	0xbd
 776 014c A2010000 		.4byte	0x1a2
 777 0150 01       		.uleb128 0x1
 778 0151 50       		.byte	0x50
 779 0152 0B       		.uleb128 0xb
 780 0153 B2010000 		.4byte	.LASF25
 781 0157 01       		.byte	0x1
 782 0158 BD       		.byte	0xbd
 783 0159 AD010000 		.4byte	0x1ad
 784 015d 01       		.uleb128 0x1
 785 015e 51       		.byte	0x51
 786 015f 0D       		.uleb128 0xd
 787 0160 6900     		.ascii	"i\000"
 788 0162 01       		.byte	0x1
 789 0163 C0       		.byte	0xc0
 790 0164 A5000000 		.4byte	0xa5
ARM GAS  C:\Users\Henry\AppData\Local\Temp\ccLSTckw.s 			page 23


 791 0168 00000000 		.4byte	.LLST0
 792 016c 0D       		.uleb128 0xd
 793 016d 6A00     		.ascii	"j\000"
 794 016f 01       		.byte	0x1
 795 0170 C0       		.byte	0xc0
 796 0171 A5000000 		.4byte	0xa5
 797 0175 1F000000 		.4byte	.LLST1
 798 0179 0E       		.uleb128 0xe
 799 017a 08000000 		.4byte	.LBB2
 800 017e 22000000 		.4byte	.LBE2-.LBB2
 801 0182 0F       		.uleb128 0xf
 802 0183 3B020000 		.4byte	.LASF26
 803 0187 01       		.byte	0x1
 804 0188 C3       		.byte	0xc3
 805 0189 A5000000 		.4byte	0xa5
 806 018d 3E000000 		.4byte	.LLST2
 807 0191 0F       		.uleb128 0xf
 808 0192 3F000000 		.4byte	.LASF27
 809 0196 01       		.byte	0x1
 810 0197 C4       		.byte	0xc4
 811 0198 8D000000 		.4byte	0x8d
 812 019c 51000000 		.4byte	.LLST3
 813 01a0 00       		.byte	0
 814 01a1 00       		.byte	0
 815 01a2 10       		.uleb128 0x10
 816 01a3 04       		.byte	0x4
 817 01a4 A8010000 		.4byte	0x1a8
 818 01a8 11       		.uleb128 0x11
 819 01a9 A5000000 		.4byte	0xa5
 820 01ad 10       		.uleb128 0x10
 821 01ae 04       		.byte	0x4
 822 01af B3010000 		.4byte	0x1b3
 823 01b3 11       		.uleb128 0x11
 824 01b4 02010000 		.4byte	0x102
 825 01b8 0C       		.uleb128 0xc
 826 01b9 45010000 		.4byte	.LASF29
 827 01bd 01       		.byte	0x1
 828 01be 4D       		.byte	0x4d
 829 01bf 00000000 		.4byte	.LFB0
 830 01c3 0C000000 		.4byte	.LFE0-.LFB0
 831 01c7 01       		.uleb128 0x1
 832 01c8 9C       		.byte	0x9c
 833 01c9 05020000 		.4byte	0x205
 834 01cd 12       		.uleb128 0x12
 835 01ce 7300     		.ascii	"s\000"
 836 01d0 01       		.byte	0x1
 837 01d1 4D       		.byte	0x4d
 838 01d2 84000000 		.4byte	0x84
 839 01d6 6F000000 		.4byte	.LLST4
 840 01da 12       		.uleb128 0x12
 841 01db 6E00     		.ascii	"n\000"
 842 01dd 01       		.byte	0x1
 843 01de 4D       		.byte	0x4d
 844 01df 2C000000 		.4byte	0x2c
 845 01e3 90000000 		.4byte	.LLST5
 846 01e7 13       		.uleb128 0x13
 847 01e8 0A000000 		.4byte	.LVL14
ARM GAS  C:\Users\Henry\AppData\Local\Temp\ccLSTckw.s 			page 24


 848 01ec 02050000 		.4byte	0x502
 849 01f0 14       		.uleb128 0x14
 850 01f1 01       		.uleb128 0x1
 851 01f2 50       		.byte	0x50
 852 01f3 03       		.uleb128 0x3
 853 01f4 F3       		.byte	0xf3
 854 01f5 01       		.uleb128 0x1
 855 01f6 50       		.byte	0x50
 856 01f7 14       		.uleb128 0x14
 857 01f8 01       		.uleb128 0x1
 858 01f9 51       		.byte	0x51
 859 01fa 01       		.uleb128 0x1
 860 01fb 30       		.byte	0x30
 861 01fc 14       		.uleb128 0x14
 862 01fd 01       		.uleb128 0x1
 863 01fe 52       		.byte	0x52
 864 01ff 03       		.uleb128 0x3
 865 0200 F3       		.byte	0xf3
 866 0201 01       		.uleb128 0x1
 867 0202 51       		.byte	0x51
 868 0203 00       		.byte	0
 869 0204 00       		.byte	0
 870 0205 15       		.uleb128 0x15
 871 0206 20000000 		.4byte	.LASF30
 872 020a 01       		.byte	0x1
 873 020b 2201     		.2byte	0x122
 874 020d 00000000 		.4byte	.LFB6
 875 0211 78000000 		.4byte	.LFE6-.LFB6
 876 0215 01       		.uleb128 0x1
 877 0216 9C       		.byte	0x9c
 878 0217 5B020000 		.4byte	0x25b
 879 021b 16       		.uleb128 0x16
 880 021c D8020000 		.4byte	.LASF31
 881 0220 01       		.byte	0x1
 882 0221 2401     		.2byte	0x124
 883 0223 8D000000 		.4byte	0x8d
 884 0227 BC000000 		.4byte	.LLST6
 885 022b 17       		.uleb128 0x17
 886 022c 63723400 		.ascii	"cr4\000"
 887 0230 01       		.byte	0x1
 888 0231 2501     		.2byte	0x125
 889 0233 8D000000 		.4byte	0x8d
 890 0237 CF000000 		.4byte	.LLST7
 891 023b 17       		.uleb128 0x17
 892 023c 63723500 		.ascii	"cr5\000"
 893 0240 01       		.byte	0x1
 894 0241 2601     		.2byte	0x126
 895 0243 8D000000 		.4byte	0x8d
 896 0247 E2000000 		.4byte	.LLST8
 897 024b 13       		.uleb128 0x13
 898 024c 50000000 		.4byte	.LVL19
 899 0250 0B050000 		.4byte	0x50b
 900 0254 14       		.uleb128 0x14
 901 0255 01       		.uleb128 0x1
 902 0256 50       		.byte	0x50
 903 0257 01       		.uleb128 0x1
 904 0258 3A       		.byte	0x3a
ARM GAS  C:\Users\Henry\AppData\Local\Temp\ccLSTckw.s 			page 25


 905 0259 00       		.byte	0
 906 025a 00       		.byte	0
 907 025b 0C       		.uleb128 0xc
 908 025c FF020000 		.4byte	.LASF32
 909 0260 01       		.byte	0x1
 910 0261 54       		.byte	0x54
 911 0262 00000000 		.4byte	.LFB1
 912 0266 08000000 		.4byte	.LFE1-.LFB1
 913 026a 01       		.uleb128 0x1
 914 026b 9C       		.byte	0x9c
 915 026c BB020000 		.4byte	0x2bb
 916 0270 18       		.uleb128 0x18
 917 0271 85000000 		.4byte	.LASF33
 918 0275 01       		.byte	0x1
 919 0276 54       		.byte	0x54
 920 0277 84000000 		.4byte	0x84
 921 027b F5000000 		.4byte	.LLST9
 922 027f 12       		.uleb128 0x12
 923 0280 73726300 		.ascii	"src\000"
 924 0284 01       		.byte	0x1
 925 0285 54       		.byte	0x54
 926 0286 BB020000 		.4byte	0x2bb
 927 028a 16010000 		.4byte	.LLST10
 928 028e 12       		.uleb128 0x12
 929 028f 6E00     		.ascii	"n\000"
 930 0291 01       		.byte	0x1
 931 0292 54       		.byte	0x54
 932 0293 2C000000 		.4byte	0x2c
 933 0297 37010000 		.4byte	.LLST11
 934 029b 13       		.uleb128 0x13
 935 029c 06000000 		.4byte	.LVL22
 936 02a0 16050000 		.4byte	0x516
 937 02a4 14       		.uleb128 0x14
 938 02a5 01       		.uleb128 0x1
 939 02a6 50       		.byte	0x50
 940 02a7 03       		.uleb128 0x3
 941 02a8 F3       		.byte	0xf3
 942 02a9 01       		.uleb128 0x1
 943 02aa 50       		.byte	0x50
 944 02ab 14       		.uleb128 0x14
 945 02ac 01       		.uleb128 0x1
 946 02ad 51       		.byte	0x51
 947 02ae 03       		.uleb128 0x3
 948 02af F3       		.byte	0xf3
 949 02b0 01       		.uleb128 0x1
 950 02b1 51       		.byte	0x51
 951 02b2 14       		.uleb128 0x14
 952 02b3 01       		.uleb128 0x1
 953 02b4 52       		.byte	0x52
 954 02b5 03       		.uleb128 0x3
 955 02b6 F3       		.byte	0xf3
 956 02b7 01       		.uleb128 0x1
 957 02b8 52       		.byte	0x52
 958 02b9 00       		.byte	0
 959 02ba 00       		.byte	0
 960 02bb 10       		.uleb128 0x10
 961 02bc 04       		.byte	0x4
ARM GAS  C:\Users\Henry\AppData\Local\Temp\ccLSTckw.s 			page 26


 962 02bd C1020000 		.4byte	0x2c1
 963 02c1 19       		.uleb128 0x19
 964 02c2 0C       		.uleb128 0xc
 965 02c3 45000000 		.4byte	.LASF34
 966 02c7 01       		.byte	0x1
 967 02c8 E0       		.byte	0xe0
 968 02c9 00000000 		.4byte	.LFB5
 969 02cd CC000000 		.4byte	.LFE5-.LFB5
 970 02d1 01       		.uleb128 0x1
 971 02d2 9C       		.byte	0x9c
 972 02d3 3F030000 		.4byte	0x33f
 973 02d7 0F       		.uleb128 0xf
 974 02d8 31000000 		.4byte	.LASF35
 975 02dc 01       		.byte	0x1
 976 02dd E2       		.byte	0xe2
 977 02de A5000000 		.4byte	0xa5
 978 02e2 58010000 		.4byte	.LLST12
 979 02e6 0F       		.uleb128 0xf
 980 02e7 63000000 		.4byte	.LASF36
 981 02eb 01       		.byte	0x1
 982 02ec E3       		.byte	0xe3
 983 02ed 8D000000 		.4byte	0x8d
 984 02f1 77010000 		.4byte	.LLST13
 985 02f5 1A       		.uleb128 0x1a
 986 02f6 0C000000 		.4byte	.LVL23
 987 02fa 5B020000 		.4byte	0x25b
 988 02fe 1A030000 		.4byte	0x31a
 989 0302 14       		.uleb128 0x14
 990 0303 01       		.uleb128 0x1
 991 0304 50       		.byte	0x50
 992 0305 05       		.uleb128 0x5
 993 0306 0C       		.byte	0xc
 994 0307 00410040 		.4byte	0x40004100
 995 030b 14       		.uleb128 0x14
 996 030c 01       		.uleb128 0x1
 997 030d 51       		.byte	0x51
 998 030e 05       		.uleb128 0x5
 999 030f 0C       		.byte	0xc
 1000 0310 54000048 		.4byte	0x48000054
 1001 0314 14       		.uleb128 0x14
 1002 0315 01       		.uleb128 0x1
 1003 0316 52       		.byte	0x52
 1004 0317 01       		.uleb128 0x1
 1005 0318 34       		.byte	0x34
 1006 0319 00       		.byte	0
 1007 031a 1A       		.uleb128 0x1a
 1008 031b 56000000 		.4byte	.LVL28
 1009 031f 1F050000 		.4byte	0x51f
 1010 0323 2F030000 		.4byte	0x32f
 1011 0327 14       		.uleb128 0x14
 1012 0328 01       		.uleb128 0x1
 1013 0329 50       		.byte	0x50
 1014 032a 03       		.uleb128 0x3
 1015 032b 0A       		.byte	0xa
 1016 032c E001     		.2byte	0x1e0
 1017 032e 00       		.byte	0
 1018 032f 13       		.uleb128 0x13
ARM GAS  C:\Users\Henry\AppData\Local\Temp\ccLSTckw.s 			page 27


 1019 0330 66000000 		.4byte	.LVL30
 1020 0334 0D010000 		.4byte	0x10d
 1021 0338 14       		.uleb128 0x14
 1022 0339 01       		.uleb128 0x1
 1023 033a 50       		.byte	0x50
 1024 033b 01       		.uleb128 0x1
 1025 033c 33       		.byte	0x33
 1026 033d 00       		.byte	0
 1027 033e 00       		.byte	0
 1028 033f 1B       		.uleb128 0x1b
 1029 0340 4F010000 		.4byte	.LASF39
 1030 0344 01       		.byte	0x1
 1031 0345 4901     		.2byte	0x149
 1032 0347 00000000 		.4byte	.LFB7
 1033 034b 1C000000 		.4byte	.LFE7-.LFB7
 1034 034f 01       		.uleb128 0x1
 1035 0350 9C       		.byte	0x9c
 1036 0351 72030000 		.4byte	0x372
 1037 0355 1C       		.uleb128 0x1c
 1038 0356 B6020000 		.4byte	.LASF37
 1039 035a 01       		.byte	0x1
 1040 035b 4901     		.2byte	0x149
 1041 035d 8D000000 		.4byte	0x8d
 1042 0361 01       		.uleb128 0x1
 1043 0362 50       		.byte	0x50
 1044 0363 1D       		.uleb128 0x1d
 1045 0364 F6020000 		.4byte	.LASF38
 1046 0368 01       		.byte	0x1
 1047 0369 4B01     		.2byte	0x14b
 1048 036b 8D000000 		.4byte	0x8d
 1049 036f 01       		.uleb128 0x1
 1050 0370 53       		.byte	0x53
 1051 0371 00       		.byte	0
 1052 0372 1B       		.uleb128 0x1b
 1053 0373 93010000 		.4byte	.LASF40
 1054 0377 01       		.byte	0x1
 1055 0378 6B01     		.2byte	0x16b
 1056 037a 00000000 		.4byte	.LFB8
 1057 037e D8000000 		.4byte	.LFE8-.LFB8
 1058 0382 01       		.uleb128 0x1
 1059 0383 9C       		.byte	0x9c
 1060 0384 02050000 		.4byte	0x502
 1061 0388 1E       		.uleb128 0x1e
 1062 0389 0E000000 		.4byte	.LBB3
 1063 038d 40000000 		.4byte	.LBE3-.LBB3
 1064 0391 5F040000 		.4byte	0x45f
 1065 0395 1F       		.uleb128 0x1f
 1066 0396 06       		.byte	0x6
 1067 0397 01       		.byte	0x1
 1068 0398 7701     		.2byte	0x177
 1069 039a B9030000 		.4byte	0x3b9
 1070 039e 20       		.uleb128 0x20
 1071 039f 0F020000 		.4byte	.LASF41
 1072 03a3 01       		.byte	0x1
 1073 03a4 7801     		.2byte	0x178
 1074 03a6 84000000 		.4byte	0x84
 1075 03aa 00       		.byte	0
ARM GAS  C:\Users\Henry\AppData\Local\Temp\ccLSTckw.s 			page 28


 1076 03ab 20       		.uleb128 0x20
 1077 03ac 9A000000 		.4byte	.LASF42
 1078 03b0 01       		.byte	0x1
 1079 03b1 7901     		.2byte	0x179
 1080 03b3 99000000 		.4byte	0x99
 1081 03b7 04       		.byte	0x4
 1082 03b8 00       		.byte	0
 1083 03b9 06       		.uleb128 0x6
 1084 03ba 2E020000 		.4byte	.LASF43
 1085 03be 01       		.byte	0x1
 1086 03bf 7A01     		.2byte	0x17a
 1087 03c1 95030000 		.4byte	0x395
 1088 03c5 21       		.uleb128 0x21
 1089 03c6 D5030000 		.4byte	0x3d5
 1090 03ca D5030000 		.4byte	0x3d5
 1091 03ce 22       		.uleb128 0x22
 1092 03cf 7D000000 		.4byte	0x7d
 1093 03d3 08       		.byte	0x8
 1094 03d4 00       		.byte	0
 1095 03d5 11       		.uleb128 0x11
 1096 03d6 B9030000 		.4byte	0x3b9
 1097 03da 1D       		.uleb128 0x1d
 1098 03db 8A000000 		.4byte	.LASF44
 1099 03df 01       		.byte	0x1
 1100 03e0 7C01     		.2byte	0x17c
 1101 03e2 EC030000 		.4byte	0x3ec
 1102 03e6 05       		.uleb128 0x5
 1103 03e7 03       		.byte	0x3
 1104 03e8 00000000 		.4byte	cfg_memset_list.5015
 1105 03ec 11       		.uleb128 0x11
 1106 03ed C5030000 		.4byte	0x3c5
 1107 03f1 17       		.uleb128 0x17
 1108 03f2 6900     		.ascii	"i\000"
 1109 03f4 01       		.byte	0x1
 1110 03f5 8901     		.2byte	0x189
 1111 03f7 8D000000 		.4byte	0x8d
 1112 03fb A1010000 		.4byte	.LLST14
 1113 03ff 1E       		.uleb128 0x1e
 1114 0400 12000000 		.4byte	.LBB4
 1115 0404 16000000 		.4byte	.LBE4-.LBB4
 1116 0408 44040000 		.4byte	0x444
 1117 040c 17       		.uleb128 0x17
 1118 040d 6D7300   		.ascii	"ms\000"
 1119 0410 01       		.byte	0x1
 1120 0411 8E01     		.2byte	0x18e
 1121 0413 1B040000 		.4byte	0x41b
 1122 0417 CB010000 		.4byte	.LLST15
 1123 041b 10       		.uleb128 0x10
 1124 041c 04       		.byte	0x4
 1125 041d D5030000 		.4byte	0x3d5
 1126 0421 13       		.uleb128 0x13
 1127 0422 28000000 		.4byte	.LVL38
 1128 0426 B8010000 		.4byte	0x1b8
 1129 042a 14       		.uleb128 0x14
 1130 042b 01       		.uleb128 0x1
 1131 042c 51       		.byte	0x51
 1132 042d 14       		.uleb128 0x14
ARM GAS  C:\Users\Henry\AppData\Local\Temp\ccLSTckw.s 			page 29


 1133 042e 74       		.byte	0x74
 1134 042f 00       		.sleb128 0
 1135 0430 31       		.byte	0x31
 1136 0431 24       		.byte	0x24
 1137 0432 74       		.byte	0x74
 1138 0433 00       		.sleb128 0
 1139 0434 22       		.byte	0x22
 1140 0435 31       		.byte	0x31
 1141 0436 24       		.byte	0x24
 1142 0437 75       		.byte	0x75
 1143 0438 00       		.sleb128 0
 1144 0439 22       		.byte	0x22
 1145 043a 23       		.byte	0x23
 1146 043b 04       		.uleb128 0x4
 1147 043c 94       		.byte	0x94
 1148 043d 02       		.byte	0x2
 1149 043e 0A       		.byte	0xa
 1150 043f FFFF     		.2byte	0xffff
 1151 0441 1A       		.byte	0x1a
 1152 0442 00       		.byte	0
 1153 0443 00       		.byte	0
 1154 0444 13       		.uleb128 0x13
 1155 0445 3A000000 		.4byte	.LVL41
 1156 0449 30010000 		.4byte	0x130
 1157 044d 14       		.uleb128 0x14
 1158 044e 01       		.uleb128 0x1
 1159 044f 50       		.byte	0x50
 1160 0450 03       		.uleb128 0x3
 1161 0451 42       		.byte	0x42
 1162 0452 4A       		.byte	0x4a
 1163 0453 24       		.byte	0x24
 1164 0454 14       		.uleb128 0x14
 1165 0455 01       		.uleb128 0x1
 1166 0456 51       		.byte	0x51
 1167 0457 05       		.uleb128 0x5
 1168 0458 0C       		.byte	0xc
 1169 0459 24000048 		.4byte	0x48000024
 1170 045d 00       		.byte	0
 1171 045e 00       		.byte	0
 1172 045f 1A       		.uleb128 0x1a
 1173 0460 58000000 		.4byte	.LVL42
 1174 0464 5B020000 		.4byte	0x25b
 1175 0468 84040000 		.4byte	0x484
 1176 046c 14       		.uleb128 0x14
 1177 046d 01       		.uleb128 0x1
 1178 046e 50       		.byte	0x50
 1179 046f 05       		.uleb128 0x5
 1180 0470 0C       		.byte	0xc
 1181 0471 12510040 		.4byte	0x40005112
 1182 0475 14       		.uleb128 0x14
 1183 0476 01       		.uleb128 0x1
 1184 0477 51       		.byte	0x51
 1185 0478 05       		.uleb128 0x5
 1186 0479 0C       		.byte	0xc
 1187 047a 3C000048 		.4byte	0x4800003c
 1188 047e 14       		.uleb128 0x14
 1189 047f 01       		.uleb128 0x1
ARM GAS  C:\Users\Henry\AppData\Local\Temp\ccLSTckw.s 			page 30


 1190 0480 52       		.byte	0x52
 1191 0481 01       		.uleb128 0x1
 1192 0482 38       		.byte	0x38
 1193 0483 00       		.byte	0
 1194 0484 1A       		.uleb128 0x1a
 1195 0485 62000000 		.4byte	.LVL43
 1196 0489 5B020000 		.4byte	0x25b
 1197 048d A9040000 		.4byte	0x4a9
 1198 0491 14       		.uleb128 0x14
 1199 0492 01       		.uleb128 0x1
 1200 0493 50       		.byte	0x50
 1201 0494 05       		.uleb128 0x5
 1202 0495 0C       		.byte	0xc
 1203 0496 22510040 		.4byte	0x40005122
 1204 049a 14       		.uleb128 0x14
 1205 049b 01       		.uleb128 0x1
 1206 049c 51       		.byte	0x51
 1207 049d 05       		.uleb128 0x5
 1208 049e 0C       		.byte	0xc
 1209 049f 44000048 		.4byte	0x48000044
 1210 04a3 14       		.uleb128 0x14
 1211 04a4 01       		.uleb128 0x1
 1212 04a5 52       		.byte	0x52
 1213 04a6 01       		.uleb128 0x1
 1214 04a7 38       		.byte	0x38
 1215 04a8 00       		.byte	0
 1216 04a9 1A       		.uleb128 0x1a
 1217 04aa 6C000000 		.4byte	.LVL44
 1218 04ae 5B020000 		.4byte	0x25b
 1219 04b2 CE040000 		.4byte	0x4ce
 1220 04b6 14       		.uleb128 0x14
 1221 04b7 01       		.uleb128 0x1
 1222 04b8 50       		.byte	0x50
 1223 04b9 05       		.uleb128 0x5
 1224 04ba 0C       		.byte	0xc
 1225 04bb 62510040 		.4byte	0x40005162
 1226 04bf 14       		.uleb128 0x14
 1227 04c0 01       		.uleb128 0x1
 1228 04c1 51       		.byte	0x51
 1229 04c2 05       		.uleb128 0x5
 1230 04c3 0C       		.byte	0xc
 1231 04c4 4C000048 		.4byte	0x4800004c
 1232 04c8 14       		.uleb128 0x14
 1233 04c9 01       		.uleb128 0x1
 1234 04ca 52       		.byte	0x52
 1235 04cb 01       		.uleb128 0x1
 1236 04cc 38       		.byte	0x38
 1237 04cd 00       		.byte	0
 1238 04ce 23       		.uleb128 0x23
 1239 04cf 80000000 		.4byte	.LVL46
 1240 04d3 C2020000 		.4byte	0x2c2
 1241 04d7 23       		.uleb128 0x23
 1242 04d8 8E000000 		.4byte	.LVL47
 1243 04dc 05020000 		.4byte	0x205
 1244 04e0 13       		.uleb128 0x13
 1245 04e1 98000000 		.4byte	.LVL48
 1246 04e5 5B020000 		.4byte	0x25b
ARM GAS  C:\Users\Henry\AppData\Local\Temp\ccLSTckw.s 			page 31


 1247 04e9 14       		.uleb128 0x14
 1248 04ea 01       		.uleb128 0x1
 1249 04eb 50       		.byte	0x50
 1250 04ec 05       		.uleb128 0x5
 1251 04ed 0C       		.byte	0xc
 1252 04ee B0430040 		.4byte	0x400043b0
 1253 04f2 14       		.uleb128 0x14
 1254 04f3 01       		.uleb128 0x1
 1255 04f4 51       		.byte	0x51
 1256 04f5 05       		.uleb128 0x5
 1257 04f6 0C       		.byte	0xc
 1258 04f7 A0430040 		.4byte	0x400043a0
 1259 04fb 14       		.uleb128 0x14
 1260 04fc 01       		.uleb128 0x1
 1261 04fd 52       		.byte	0x52
 1262 04fe 01       		.uleb128 0x1
 1263 04ff 3E       		.byte	0x3e
 1264 0500 00       		.byte	0
 1265 0501 00       		.byte	0
 1266 0502 24       		.uleb128 0x24
 1267 0503 73010000 		.4byte	.LASF45
 1268 0507 73010000 		.4byte	.LASF45
 1269 050b 25       		.uleb128 0x25
 1270 050c 81020000 		.4byte	.LASF47
 1271 0510 81020000 		.4byte	.LASF47
 1272 0514 04       		.byte	0x4
 1273 0515 77       		.byte	0x77
 1274 0516 24       		.uleb128 0x24
 1275 0517 8B020000 		.4byte	.LASF46
 1276 051b 8B020000 		.4byte	.LASF46
 1277 051f 25       		.uleb128 0x25
 1278 0520 06000000 		.4byte	.LASF48
 1279 0524 06000000 		.4byte	.LASF48
 1280 0528 04       		.byte	0x4
 1281 0529 79       		.byte	0x79
 1282 052a 00       		.byte	0
 1283              		.section	.debug_abbrev,"",%progbits
 1284              	.Ldebug_abbrev0:
 1285 0000 01       		.uleb128 0x1
 1286 0001 11       		.uleb128 0x11
 1287 0002 01       		.byte	0x1
 1288 0003 25       		.uleb128 0x25
 1289 0004 0E       		.uleb128 0xe
 1290 0005 13       		.uleb128 0x13
 1291 0006 0B       		.uleb128 0xb
 1292 0007 03       		.uleb128 0x3
 1293 0008 0E       		.uleb128 0xe
 1294 0009 1B       		.uleb128 0x1b
 1295 000a 0E       		.uleb128 0xe
 1296 000b 55       		.uleb128 0x55
 1297 000c 17       		.uleb128 0x17
 1298 000d 11       		.uleb128 0x11
 1299 000e 01       		.uleb128 0x1
 1300 000f 10       		.uleb128 0x10
 1301 0010 17       		.uleb128 0x17
 1302 0011 00       		.byte	0
 1303 0012 00       		.byte	0
ARM GAS  C:\Users\Henry\AppData\Local\Temp\ccLSTckw.s 			page 32


 1304 0013 02       		.uleb128 0x2
 1305 0014 24       		.uleb128 0x24
 1306 0015 00       		.byte	0
 1307 0016 0B       		.uleb128 0xb
 1308 0017 0B       		.uleb128 0xb
 1309 0018 3E       		.uleb128 0x3e
 1310 0019 0B       		.uleb128 0xb
 1311 001a 03       		.uleb128 0x3
 1312 001b 08       		.uleb128 0x8
 1313 001c 00       		.byte	0
 1314 001d 00       		.byte	0
 1315 001e 03       		.uleb128 0x3
 1316 001f 16       		.uleb128 0x16
 1317 0020 00       		.byte	0
 1318 0021 03       		.uleb128 0x3
 1319 0022 0E       		.uleb128 0xe
 1320 0023 3A       		.uleb128 0x3a
 1321 0024 0B       		.uleb128 0xb
 1322 0025 3B       		.uleb128 0x3b
 1323 0026 0B       		.uleb128 0xb
 1324 0027 49       		.uleb128 0x49
 1325 0028 13       		.uleb128 0x13
 1326 0029 00       		.byte	0
 1327 002a 00       		.byte	0
 1328 002b 04       		.uleb128 0x4
 1329 002c 24       		.uleb128 0x24
 1330 002d 00       		.byte	0
 1331 002e 0B       		.uleb128 0xb
 1332 002f 0B       		.uleb128 0xb
 1333 0030 3E       		.uleb128 0x3e
 1334 0031 0B       		.uleb128 0xb
 1335 0032 03       		.uleb128 0x3
 1336 0033 0E       		.uleb128 0xe
 1337 0034 00       		.byte	0
 1338 0035 00       		.byte	0
 1339 0036 05       		.uleb128 0x5
 1340 0037 0F       		.uleb128 0xf
 1341 0038 00       		.byte	0
 1342 0039 0B       		.uleb128 0xb
 1343 003a 0B       		.uleb128 0xb
 1344 003b 00       		.byte	0
 1345 003c 00       		.byte	0
 1346 003d 06       		.uleb128 0x6
 1347 003e 16       		.uleb128 0x16
 1348 003f 00       		.byte	0
 1349 0040 03       		.uleb128 0x3
 1350 0041 0E       		.uleb128 0xe
 1351 0042 3A       		.uleb128 0x3a
 1352 0043 0B       		.uleb128 0xb
 1353 0044 3B       		.uleb128 0x3b
 1354 0045 05       		.uleb128 0x5
 1355 0046 49       		.uleb128 0x49
 1356 0047 13       		.uleb128 0x13
 1357 0048 00       		.byte	0
 1358 0049 00       		.byte	0
 1359 004a 07       		.uleb128 0x7
 1360 004b 35       		.uleb128 0x35
ARM GAS  C:\Users\Henry\AppData\Local\Temp\ccLSTckw.s 			page 33


 1361 004c 00       		.byte	0
 1362 004d 49       		.uleb128 0x49
 1363 004e 13       		.uleb128 0x13
 1364 004f 00       		.byte	0
 1365 0050 00       		.byte	0
 1366 0051 08       		.uleb128 0x8
 1367 0052 13       		.uleb128 0x13
 1368 0053 01       		.byte	0x1
 1369 0054 0B       		.uleb128 0xb
 1370 0055 0B       		.uleb128 0xb
 1371 0056 3A       		.uleb128 0x3a
 1372 0057 0B       		.uleb128 0xb
 1373 0058 3B       		.uleb128 0x3b
 1374 0059 0B       		.uleb128 0xb
 1375 005a 01       		.uleb128 0x1
 1376 005b 13       		.uleb128 0x13
 1377 005c 00       		.byte	0
 1378 005d 00       		.byte	0
 1379 005e 09       		.uleb128 0x9
 1380 005f 0D       		.uleb128 0xd
 1381 0060 00       		.byte	0
 1382 0061 03       		.uleb128 0x3
 1383 0062 0E       		.uleb128 0xe
 1384 0063 3A       		.uleb128 0x3a
 1385 0064 0B       		.uleb128 0xb
 1386 0065 3B       		.uleb128 0x3b
 1387 0066 0B       		.uleb128 0xb
 1388 0067 49       		.uleb128 0x49
 1389 0068 13       		.uleb128 0x13
 1390 0069 38       		.uleb128 0x38
 1391 006a 0B       		.uleb128 0xb
 1392 006b 00       		.byte	0
 1393 006c 00       		.byte	0
 1394 006d 0A       		.uleb128 0xa
 1395 006e 2E       		.uleb128 0x2e
 1396 006f 01       		.byte	0x1
 1397 0070 03       		.uleb128 0x3
 1398 0071 0E       		.uleb128 0xe
 1399 0072 3A       		.uleb128 0x3a
 1400 0073 0B       		.uleb128 0xb
 1401 0074 3B       		.uleb128 0x3b
 1402 0075 0B       		.uleb128 0xb
 1403 0076 27       		.uleb128 0x27
 1404 0077 19       		.uleb128 0x19
 1405 0078 8701     		.uleb128 0x87
 1406 007a 19       		.uleb128 0x19
 1407 007b 11       		.uleb128 0x11
 1408 007c 01       		.uleb128 0x1
 1409 007d 12       		.uleb128 0x12
 1410 007e 06       		.uleb128 0x6
 1411 007f 40       		.uleb128 0x40
 1412 0080 18       		.uleb128 0x18
 1413 0081 9742     		.uleb128 0x2117
 1414 0083 19       		.uleb128 0x19
 1415 0084 01       		.uleb128 0x1
 1416 0085 13       		.uleb128 0x13
 1417 0086 00       		.byte	0
ARM GAS  C:\Users\Henry\AppData\Local\Temp\ccLSTckw.s 			page 34


 1418 0087 00       		.byte	0
 1419 0088 0B       		.uleb128 0xb
 1420 0089 05       		.uleb128 0x5
 1421 008a 00       		.byte	0
 1422 008b 03       		.uleb128 0x3
 1423 008c 0E       		.uleb128 0xe
 1424 008d 3A       		.uleb128 0x3a
 1425 008e 0B       		.uleb128 0xb
 1426 008f 3B       		.uleb128 0x3b
 1427 0090 0B       		.uleb128 0xb
 1428 0091 49       		.uleb128 0x49
 1429 0092 13       		.uleb128 0x13
 1430 0093 02       		.uleb128 0x2
 1431 0094 18       		.uleb128 0x18
 1432 0095 00       		.byte	0
 1433 0096 00       		.byte	0
 1434 0097 0C       		.uleb128 0xc
 1435 0098 2E       		.uleb128 0x2e
 1436 0099 01       		.byte	0x1
 1437 009a 03       		.uleb128 0x3
 1438 009b 0E       		.uleb128 0xe
 1439 009c 3A       		.uleb128 0x3a
 1440 009d 0B       		.uleb128 0xb
 1441 009e 3B       		.uleb128 0x3b
 1442 009f 0B       		.uleb128 0xb
 1443 00a0 27       		.uleb128 0x27
 1444 00a1 19       		.uleb128 0x19
 1445 00a2 11       		.uleb128 0x11
 1446 00a3 01       		.uleb128 0x1
 1447 00a4 12       		.uleb128 0x12
 1448 00a5 06       		.uleb128 0x6
 1449 00a6 40       		.uleb128 0x40
 1450 00a7 18       		.uleb128 0x18
 1451 00a8 9742     		.uleb128 0x2117
 1452 00aa 19       		.uleb128 0x19
 1453 00ab 01       		.uleb128 0x1
 1454 00ac 13       		.uleb128 0x13
 1455 00ad 00       		.byte	0
 1456 00ae 00       		.byte	0
 1457 00af 0D       		.uleb128 0xd
 1458 00b0 34       		.uleb128 0x34
 1459 00b1 00       		.byte	0
 1460 00b2 03       		.uleb128 0x3
 1461 00b3 08       		.uleb128 0x8
 1462 00b4 3A       		.uleb128 0x3a
 1463 00b5 0B       		.uleb128 0xb
 1464 00b6 3B       		.uleb128 0x3b
 1465 00b7 0B       		.uleb128 0xb
 1466 00b8 49       		.uleb128 0x49
 1467 00b9 13       		.uleb128 0x13
 1468 00ba 02       		.uleb128 0x2
 1469 00bb 17       		.uleb128 0x17
 1470 00bc 00       		.byte	0
 1471 00bd 00       		.byte	0
 1472 00be 0E       		.uleb128 0xe
 1473 00bf 0B       		.uleb128 0xb
 1474 00c0 01       		.byte	0x1
ARM GAS  C:\Users\Henry\AppData\Local\Temp\ccLSTckw.s 			page 35


 1475 00c1 11       		.uleb128 0x11
 1476 00c2 01       		.uleb128 0x1
 1477 00c3 12       		.uleb128 0x12
 1478 00c4 06       		.uleb128 0x6
 1479 00c5 00       		.byte	0
 1480 00c6 00       		.byte	0
 1481 00c7 0F       		.uleb128 0xf
 1482 00c8 34       		.uleb128 0x34
 1483 00c9 00       		.byte	0
 1484 00ca 03       		.uleb128 0x3
 1485 00cb 0E       		.uleb128 0xe
 1486 00cc 3A       		.uleb128 0x3a
 1487 00cd 0B       		.uleb128 0xb
 1488 00ce 3B       		.uleb128 0x3b
 1489 00cf 0B       		.uleb128 0xb
 1490 00d0 49       		.uleb128 0x49
 1491 00d1 13       		.uleb128 0x13
 1492 00d2 02       		.uleb128 0x2
 1493 00d3 17       		.uleb128 0x17
 1494 00d4 00       		.byte	0
 1495 00d5 00       		.byte	0
 1496 00d6 10       		.uleb128 0x10
 1497 00d7 0F       		.uleb128 0xf
 1498 00d8 00       		.byte	0
 1499 00d9 0B       		.uleb128 0xb
 1500 00da 0B       		.uleb128 0xb
 1501 00db 49       		.uleb128 0x49
 1502 00dc 13       		.uleb128 0x13
 1503 00dd 00       		.byte	0
 1504 00de 00       		.byte	0
 1505 00df 11       		.uleb128 0x11
 1506 00e0 26       		.uleb128 0x26
 1507 00e1 00       		.byte	0
 1508 00e2 49       		.uleb128 0x49
 1509 00e3 13       		.uleb128 0x13
 1510 00e4 00       		.byte	0
 1511 00e5 00       		.byte	0
 1512 00e6 12       		.uleb128 0x12
 1513 00e7 05       		.uleb128 0x5
 1514 00e8 00       		.byte	0
 1515 00e9 03       		.uleb128 0x3
 1516 00ea 08       		.uleb128 0x8
 1517 00eb 3A       		.uleb128 0x3a
 1518 00ec 0B       		.uleb128 0xb
 1519 00ed 3B       		.uleb128 0x3b
 1520 00ee 0B       		.uleb128 0xb
 1521 00ef 49       		.uleb128 0x49
 1522 00f0 13       		.uleb128 0x13
 1523 00f1 02       		.uleb128 0x2
 1524 00f2 17       		.uleb128 0x17
 1525 00f3 00       		.byte	0
 1526 00f4 00       		.byte	0
 1527 00f5 13       		.uleb128 0x13
 1528 00f6 898201   		.uleb128 0x4109
 1529 00f9 01       		.byte	0x1
 1530 00fa 11       		.uleb128 0x11
 1531 00fb 01       		.uleb128 0x1
ARM GAS  C:\Users\Henry\AppData\Local\Temp\ccLSTckw.s 			page 36


 1532 00fc 31       		.uleb128 0x31
 1533 00fd 13       		.uleb128 0x13
 1534 00fe 00       		.byte	0
 1535 00ff 00       		.byte	0
 1536 0100 14       		.uleb128 0x14
 1537 0101 8A8201   		.uleb128 0x410a
 1538 0104 00       		.byte	0
 1539 0105 02       		.uleb128 0x2
 1540 0106 18       		.uleb128 0x18
 1541 0107 9142     		.uleb128 0x2111
 1542 0109 18       		.uleb128 0x18
 1543 010a 00       		.byte	0
 1544 010b 00       		.byte	0
 1545 010c 15       		.uleb128 0x15
 1546 010d 2E       		.uleb128 0x2e
 1547 010e 01       		.byte	0x1
 1548 010f 03       		.uleb128 0x3
 1549 0110 0E       		.uleb128 0xe
 1550 0111 3A       		.uleb128 0x3a
 1551 0112 0B       		.uleb128 0xb
 1552 0113 3B       		.uleb128 0x3b
 1553 0114 05       		.uleb128 0x5
 1554 0115 27       		.uleb128 0x27
 1555 0116 19       		.uleb128 0x19
 1556 0117 11       		.uleb128 0x11
 1557 0118 01       		.uleb128 0x1
 1558 0119 12       		.uleb128 0x12
 1559 011a 06       		.uleb128 0x6
 1560 011b 40       		.uleb128 0x40
 1561 011c 18       		.uleb128 0x18
 1562 011d 9742     		.uleb128 0x2117
 1563 011f 19       		.uleb128 0x19
 1564 0120 01       		.uleb128 0x1
 1565 0121 13       		.uleb128 0x13
 1566 0122 00       		.byte	0
 1567 0123 00       		.byte	0
 1568 0124 16       		.uleb128 0x16
 1569 0125 34       		.uleb128 0x34
 1570 0126 00       		.byte	0
 1571 0127 03       		.uleb128 0x3
 1572 0128 0E       		.uleb128 0xe
 1573 0129 3A       		.uleb128 0x3a
 1574 012a 0B       		.uleb128 0xb
 1575 012b 3B       		.uleb128 0x3b
 1576 012c 05       		.uleb128 0x5
 1577 012d 49       		.uleb128 0x49
 1578 012e 13       		.uleb128 0x13
 1579 012f 02       		.uleb128 0x2
 1580 0130 17       		.uleb128 0x17
 1581 0131 00       		.byte	0
 1582 0132 00       		.byte	0
 1583 0133 17       		.uleb128 0x17
 1584 0134 34       		.uleb128 0x34
 1585 0135 00       		.byte	0
 1586 0136 03       		.uleb128 0x3
 1587 0137 08       		.uleb128 0x8
 1588 0138 3A       		.uleb128 0x3a
ARM GAS  C:\Users\Henry\AppData\Local\Temp\ccLSTckw.s 			page 37


 1589 0139 0B       		.uleb128 0xb
 1590 013a 3B       		.uleb128 0x3b
 1591 013b 05       		.uleb128 0x5
 1592 013c 49       		.uleb128 0x49
 1593 013d 13       		.uleb128 0x13
 1594 013e 02       		.uleb128 0x2
 1595 013f 17       		.uleb128 0x17
 1596 0140 00       		.byte	0
 1597 0141 00       		.byte	0
 1598 0142 18       		.uleb128 0x18
 1599 0143 05       		.uleb128 0x5
 1600 0144 00       		.byte	0
 1601 0145 03       		.uleb128 0x3
 1602 0146 0E       		.uleb128 0xe
 1603 0147 3A       		.uleb128 0x3a
 1604 0148 0B       		.uleb128 0xb
 1605 0149 3B       		.uleb128 0x3b
 1606 014a 0B       		.uleb128 0xb
 1607 014b 49       		.uleb128 0x49
 1608 014c 13       		.uleb128 0x13
 1609 014d 02       		.uleb128 0x2
 1610 014e 17       		.uleb128 0x17
 1611 014f 00       		.byte	0
 1612 0150 00       		.byte	0
 1613 0151 19       		.uleb128 0x19
 1614 0152 26       		.uleb128 0x26
 1615 0153 00       		.byte	0
 1616 0154 00       		.byte	0
 1617 0155 00       		.byte	0
 1618 0156 1A       		.uleb128 0x1a
 1619 0157 898201   		.uleb128 0x4109
 1620 015a 01       		.byte	0x1
 1621 015b 11       		.uleb128 0x11
 1622 015c 01       		.uleb128 0x1
 1623 015d 31       		.uleb128 0x31
 1624 015e 13       		.uleb128 0x13
 1625 015f 01       		.uleb128 0x1
 1626 0160 13       		.uleb128 0x13
 1627 0161 00       		.byte	0
 1628 0162 00       		.byte	0
 1629 0163 1B       		.uleb128 0x1b
 1630 0164 2E       		.uleb128 0x2e
 1631 0165 01       		.byte	0x1
 1632 0166 3F       		.uleb128 0x3f
 1633 0167 19       		.uleb128 0x19
 1634 0168 03       		.uleb128 0x3
 1635 0169 0E       		.uleb128 0xe
 1636 016a 3A       		.uleb128 0x3a
 1637 016b 0B       		.uleb128 0xb
 1638 016c 3B       		.uleb128 0x3b
 1639 016d 05       		.uleb128 0x5
 1640 016e 27       		.uleb128 0x27
 1641 016f 19       		.uleb128 0x19
 1642 0170 11       		.uleb128 0x11
 1643 0171 01       		.uleb128 0x1
 1644 0172 12       		.uleb128 0x12
 1645 0173 06       		.uleb128 0x6
ARM GAS  C:\Users\Henry\AppData\Local\Temp\ccLSTckw.s 			page 38


 1646 0174 40       		.uleb128 0x40
 1647 0175 18       		.uleb128 0x18
 1648 0176 9742     		.uleb128 0x2117
 1649 0178 19       		.uleb128 0x19
 1650 0179 01       		.uleb128 0x1
 1651 017a 13       		.uleb128 0x13
 1652 017b 00       		.byte	0
 1653 017c 00       		.byte	0
 1654 017d 1C       		.uleb128 0x1c
 1655 017e 05       		.uleb128 0x5
 1656 017f 00       		.byte	0
 1657 0180 03       		.uleb128 0x3
 1658 0181 0E       		.uleb128 0xe
 1659 0182 3A       		.uleb128 0x3a
 1660 0183 0B       		.uleb128 0xb
 1661 0184 3B       		.uleb128 0x3b
 1662 0185 05       		.uleb128 0x5
 1663 0186 49       		.uleb128 0x49
 1664 0187 13       		.uleb128 0x13
 1665 0188 02       		.uleb128 0x2
 1666 0189 18       		.uleb128 0x18
 1667 018a 00       		.byte	0
 1668 018b 00       		.byte	0
 1669 018c 1D       		.uleb128 0x1d
 1670 018d 34       		.uleb128 0x34
 1671 018e 00       		.byte	0
 1672 018f 03       		.uleb128 0x3
 1673 0190 0E       		.uleb128 0xe
 1674 0191 3A       		.uleb128 0x3a
 1675 0192 0B       		.uleb128 0xb
 1676 0193 3B       		.uleb128 0x3b
 1677 0194 05       		.uleb128 0x5
 1678 0195 49       		.uleb128 0x49
 1679 0196 13       		.uleb128 0x13
 1680 0197 02       		.uleb128 0x2
 1681 0198 18       		.uleb128 0x18
 1682 0199 00       		.byte	0
 1683 019a 00       		.byte	0
 1684 019b 1E       		.uleb128 0x1e
 1685 019c 0B       		.uleb128 0xb
 1686 019d 01       		.byte	0x1
 1687 019e 11       		.uleb128 0x11
 1688 019f 01       		.uleb128 0x1
 1689 01a0 12       		.uleb128 0x12
 1690 01a1 06       		.uleb128 0x6
 1691 01a2 01       		.uleb128 0x1
 1692 01a3 13       		.uleb128 0x13
 1693 01a4 00       		.byte	0
 1694 01a5 00       		.byte	0
 1695 01a6 1F       		.uleb128 0x1f
 1696 01a7 13       		.uleb128 0x13
 1697 01a8 01       		.byte	0x1
 1698 01a9 0B       		.uleb128 0xb
 1699 01aa 0B       		.uleb128 0xb
 1700 01ab 3A       		.uleb128 0x3a
 1701 01ac 0B       		.uleb128 0xb
 1702 01ad 3B       		.uleb128 0x3b
ARM GAS  C:\Users\Henry\AppData\Local\Temp\ccLSTckw.s 			page 39


 1703 01ae 05       		.uleb128 0x5
 1704 01af 01       		.uleb128 0x1
 1705 01b0 13       		.uleb128 0x13
 1706 01b1 00       		.byte	0
 1707 01b2 00       		.byte	0
 1708 01b3 20       		.uleb128 0x20
 1709 01b4 0D       		.uleb128 0xd
 1710 01b5 00       		.byte	0
 1711 01b6 03       		.uleb128 0x3
 1712 01b7 0E       		.uleb128 0xe
 1713 01b8 3A       		.uleb128 0x3a
 1714 01b9 0B       		.uleb128 0xb
 1715 01ba 3B       		.uleb128 0x3b
 1716 01bb 05       		.uleb128 0x5
 1717 01bc 49       		.uleb128 0x49
 1718 01bd 13       		.uleb128 0x13
 1719 01be 38       		.uleb128 0x38
 1720 01bf 0B       		.uleb128 0xb
 1721 01c0 00       		.byte	0
 1722 01c1 00       		.byte	0
 1723 01c2 21       		.uleb128 0x21
 1724 01c3 01       		.uleb128 0x1
 1725 01c4 01       		.byte	0x1
 1726 01c5 49       		.uleb128 0x49
 1727 01c6 13       		.uleb128 0x13
 1728 01c7 01       		.uleb128 0x1
 1729 01c8 13       		.uleb128 0x13
 1730 01c9 00       		.byte	0
 1731 01ca 00       		.byte	0
 1732 01cb 22       		.uleb128 0x22
 1733 01cc 21       		.uleb128 0x21
 1734 01cd 00       		.byte	0
 1735 01ce 49       		.uleb128 0x49
 1736 01cf 13       		.uleb128 0x13
 1737 01d0 2F       		.uleb128 0x2f
 1738 01d1 0B       		.uleb128 0xb
 1739 01d2 00       		.byte	0
 1740 01d3 00       		.byte	0
 1741 01d4 23       		.uleb128 0x23
 1742 01d5 898201   		.uleb128 0x4109
 1743 01d8 00       		.byte	0
 1744 01d9 11       		.uleb128 0x11
 1745 01da 01       		.uleb128 0x1
 1746 01db 31       		.uleb128 0x31
 1747 01dc 13       		.uleb128 0x13
 1748 01dd 00       		.byte	0
 1749 01de 00       		.byte	0
 1750 01df 24       		.uleb128 0x24
 1751 01e0 2E       		.uleb128 0x2e
 1752 01e1 00       		.byte	0
 1753 01e2 3F       		.uleb128 0x3f
 1754 01e3 19       		.uleb128 0x19
 1755 01e4 3C       		.uleb128 0x3c
 1756 01e5 19       		.uleb128 0x19
 1757 01e6 6E       		.uleb128 0x6e
 1758 01e7 0E       		.uleb128 0xe
 1759 01e8 03       		.uleb128 0x3
ARM GAS  C:\Users\Henry\AppData\Local\Temp\ccLSTckw.s 			page 40


 1760 01e9 0E       		.uleb128 0xe
 1761 01ea 00       		.byte	0
 1762 01eb 00       		.byte	0
 1763 01ec 25       		.uleb128 0x25
 1764 01ed 2E       		.uleb128 0x2e
 1765 01ee 00       		.byte	0
 1766 01ef 3F       		.uleb128 0x3f
 1767 01f0 19       		.uleb128 0x19
 1768 01f1 3C       		.uleb128 0x3c
 1769 01f2 19       		.uleb128 0x19
 1770 01f3 6E       		.uleb128 0x6e
 1771 01f4 0E       		.uleb128 0xe
 1772 01f5 03       		.uleb128 0x3
 1773 01f6 0E       		.uleb128 0xe
 1774 01f7 3A       		.uleb128 0x3a
 1775 01f8 0B       		.uleb128 0xb
 1776 01f9 3B       		.uleb128 0x3b
 1777 01fa 0B       		.uleb128 0xb
 1778 01fb 00       		.byte	0
 1779 01fc 00       		.byte	0
 1780 01fd 00       		.byte	0
 1781              		.section	.debug_loc,"",%progbits
 1782              	.Ldebug_loc0:
 1783              	.LLST0:
 1784 0000 02000000 		.4byte	.LVL2
 1785 0004 08000000 		.4byte	.LVL3
 1786 0008 0200     		.2byte	0x2
 1787 000a 30       		.byte	0x30
 1788 000b 9F       		.byte	0x9f
 1789 000c 08000000 		.4byte	.LVL3
 1790 0010 32000000 		.4byte	.LVL11
 1791 0014 0100     		.2byte	0x1
 1792 0016 57       		.byte	0x57
 1793 0017 00000000 		.4byte	0
 1794 001b 00000000 		.4byte	0
 1795              	.LLST1:
 1796 001f 02000000 		.4byte	.LVL2
 1797 0023 08000000 		.4byte	.LVL3
 1798 0027 0200     		.2byte	0x2
 1799 0029 30       		.byte	0x30
 1800 002a 9F       		.byte	0x9f
 1801 002b 08000000 		.4byte	.LVL3
 1802 002f 34000000 		.4byte	.LFE4
 1803 0033 0100     		.2byte	0x1
 1804 0035 52       		.byte	0x52
 1805 0036 00000000 		.4byte	0
 1806 003a 00000000 		.4byte	0
 1807              	.LLST2:
 1808 003e 0C000000 		.4byte	.LVL4
 1809 0042 2C000000 		.4byte	.LVL10
 1810 0046 0100     		.2byte	0x1
 1811 0048 56       		.byte	0x56
 1812 0049 00000000 		.4byte	0
 1813 004d 00000000 		.4byte	0
 1814              	.LLST3:
 1815 0051 0E000000 		.4byte	.LVL5
 1816 0055 24000000 		.4byte	.LVL8
ARM GAS  C:\Users\Henry\AppData\Local\Temp\ccLSTckw.s 			page 41


 1817 0059 0100     		.2byte	0x1
 1818 005b 53       		.byte	0x53
 1819 005c 26000000 		.4byte	.LVL9
 1820 0060 2C000000 		.4byte	.LVL10
 1821 0064 0100     		.2byte	0x1
 1822 0066 53       		.byte	0x53
 1823 0067 00000000 		.4byte	0
 1824 006b 00000000 		.4byte	0
 1825              	.LLST4:
 1826 006f 00000000 		.4byte	.LVL12
 1827 0073 09000000 		.4byte	.LVL14-1
 1828 0077 0100     		.2byte	0x1
 1829 0079 50       		.byte	0x50
 1830 007a 09000000 		.4byte	.LVL14-1
 1831 007e 0C000000 		.4byte	.LFE0
 1832 0082 0400     		.2byte	0x4
 1833 0084 F3       		.byte	0xf3
 1834 0085 01       		.uleb128 0x1
 1835 0086 50       		.byte	0x50
 1836 0087 9F       		.byte	0x9f
 1837 0088 00000000 		.4byte	0
 1838 008c 00000000 		.4byte	0
 1839              	.LLST5:
 1840 0090 00000000 		.4byte	.LVL12
 1841 0094 06000000 		.4byte	.LVL13
 1842 0098 0100     		.2byte	0x1
 1843 009a 51       		.byte	0x51
 1844 009b 06000000 		.4byte	.LVL13
 1845 009f 09000000 		.4byte	.LVL14-1
 1846 00a3 0100     		.2byte	0x1
 1847 00a5 52       		.byte	0x52
 1848 00a6 09000000 		.4byte	.LVL14-1
 1849 00aa 0C000000 		.4byte	.LFE0
 1850 00ae 0400     		.2byte	0x4
 1851 00b0 F3       		.byte	0xf3
 1852 00b1 01       		.uleb128 0x1
 1853 00b2 51       		.byte	0x51
 1854 00b3 9F       		.byte	0x9f
 1855 00b4 00000000 		.4byte	0
 1856 00b8 00000000 		.4byte	0
 1857              	.LLST6:
 1858 00bc 08000000 		.4byte	.LVL15
 1859 00c0 1E000000 		.4byte	.LVL18
 1860 00c4 0100     		.2byte	0x1
 1861 00c6 53       		.byte	0x53
 1862 00c7 00000000 		.4byte	0
 1863 00cb 00000000 		.4byte	0
 1864              	.LLST7:
 1865 00cf 0E000000 		.4byte	.LVL16
 1866 00d3 5C000000 		.4byte	.LVL20
 1867 00d7 0100     		.2byte	0x1
 1868 00d9 54       		.byte	0x54
 1869 00da 00000000 		.4byte	0
 1870 00de 00000000 		.4byte	0
 1871              	.LLST8:
 1872 00e2 14000000 		.4byte	.LVL17
 1873 00e6 5C000000 		.4byte	.LVL20
ARM GAS  C:\Users\Henry\AppData\Local\Temp\ccLSTckw.s 			page 42


 1874 00ea 0100     		.2byte	0x1
 1875 00ec 55       		.byte	0x55
 1876 00ed 00000000 		.4byte	0
 1877 00f1 00000000 		.4byte	0
 1878              	.LLST9:
 1879 00f5 00000000 		.4byte	.LVL21
 1880 00f9 05000000 		.4byte	.LVL22-1
 1881 00fd 0100     		.2byte	0x1
 1882 00ff 50       		.byte	0x50
 1883 0100 05000000 		.4byte	.LVL22-1
 1884 0104 08000000 		.4byte	.LFE1
 1885 0108 0400     		.2byte	0x4
 1886 010a F3       		.byte	0xf3
 1887 010b 01       		.uleb128 0x1
 1888 010c 50       		.byte	0x50
 1889 010d 9F       		.byte	0x9f
 1890 010e 00000000 		.4byte	0
 1891 0112 00000000 		.4byte	0
 1892              	.LLST10:
 1893 0116 00000000 		.4byte	.LVL21
 1894 011a 05000000 		.4byte	.LVL22-1
 1895 011e 0100     		.2byte	0x1
 1896 0120 51       		.byte	0x51
 1897 0121 05000000 		.4byte	.LVL22-1
 1898 0125 08000000 		.4byte	.LFE1
 1899 0129 0400     		.2byte	0x4
 1900 012b F3       		.byte	0xf3
 1901 012c 01       		.uleb128 0x1
 1902 012d 51       		.byte	0x51
 1903 012e 9F       		.byte	0x9f
 1904 012f 00000000 		.4byte	0
 1905 0133 00000000 		.4byte	0
 1906              	.LLST11:
 1907 0137 00000000 		.4byte	.LVL21
 1908 013b 05000000 		.4byte	.LVL22-1
 1909 013f 0100     		.2byte	0x1
 1910 0141 52       		.byte	0x52
 1911 0142 05000000 		.4byte	.LVL22-1
 1912 0146 08000000 		.4byte	.LFE1
 1913 014a 0400     		.2byte	0x4
 1914 014c F3       		.byte	0xf3
 1915 014d 01       		.uleb128 0x1
 1916 014e 52       		.byte	0x52
 1917 014f 9F       		.byte	0x9f
 1918 0150 00000000 		.4byte	0
 1919 0154 00000000 		.4byte	0
 1920              	.LLST12:
 1921 0158 38000000 		.4byte	.LVL24
 1922 015c 3E000000 		.4byte	.LVL25
 1923 0160 0200     		.2byte	0x2
 1924 0162 49       		.byte	0x49
 1925 0163 9F       		.byte	0x9f
 1926 0164 3E000000 		.4byte	.LVL25
 1927 0168 A2000000 		.4byte	.LVL31
 1928 016c 0100     		.2byte	0x1
 1929 016e 55       		.byte	0x55
 1930 016f 00000000 		.4byte	0
ARM GAS  C:\Users\Henry\AppData\Local\Temp\ccLSTckw.s 			page 43


 1931 0173 00000000 		.4byte	0
 1932              	.LLST13:
 1933 0177 38000000 		.4byte	.LVL24
 1934 017b 3E000000 		.4byte	.LVL25
 1935 017f 0200     		.2byte	0x2
 1936 0181 30       		.byte	0x30
 1937 0182 9F       		.byte	0x9f
 1938 0183 3E000000 		.4byte	.LVL25
 1939 0187 4A000000 		.4byte	.LVL26
 1940 018b 0100     		.2byte	0x1
 1941 018d 54       		.byte	0x54
 1942 018e 4E000000 		.4byte	.LVL27
 1943 0192 A2000000 		.4byte	.LVL31
 1944 0196 0100     		.2byte	0x1
 1945 0198 54       		.byte	0x54
 1946 0199 00000000 		.4byte	0
 1947 019d 00000000 		.4byte	0
 1948              	.LLST14:
 1949 01a1 0E000000 		.4byte	.LVL36
 1950 01a5 12000000 		.4byte	.LVL37
 1951 01a9 0200     		.2byte	0x2
 1952 01ab 30       		.byte	0x30
 1953 01ac 9F       		.byte	0x9f
 1954 01ad 12000000 		.4byte	.LVL37
 1955 01b1 2A000000 		.4byte	.LVL39
 1956 01b5 0100     		.2byte	0x1
 1957 01b7 54       		.byte	0x54
 1958 01b8 2C000000 		.4byte	.LVL40
 1959 01bc 78000000 		.4byte	.LVL45
 1960 01c0 0100     		.2byte	0x1
 1961 01c2 54       		.byte	0x54
 1962 01c3 00000000 		.4byte	0
 1963 01c7 00000000 		.4byte	0
 1964              	.LLST15:
 1965 01cb 12000000 		.4byte	.LVL37
 1966 01cf 2A000000 		.4byte	.LVL39
 1967 01d3 0B00     		.2byte	0xb
 1968 01d5 74       		.byte	0x74
 1969 01d6 00       		.sleb128 0
 1970 01d7 36       		.byte	0x36
 1971 01d8 1E       		.byte	0x1e
 1972 01d9 03       		.byte	0x3
 1973 01da 00000000 		.4byte	cfg_memset_list.5015
 1974 01de 22       		.byte	0x22
 1975 01df 9F       		.byte	0x9f
 1976 01e0 2A000000 		.4byte	.LVL39
 1977 01e4 2C000000 		.4byte	.LVL40
 1978 01e8 0B00     		.2byte	0xb
 1979 01ea 74       		.byte	0x74
 1980 01eb 7F       		.sleb128 -1
 1981 01ec 36       		.byte	0x36
 1982 01ed 1E       		.byte	0x1e
 1983 01ee 03       		.byte	0x3
 1984 01ef 00000000 		.4byte	cfg_memset_list.5015
 1985 01f3 22       		.byte	0x22
 1986 01f4 9F       		.byte	0x9f
 1987 01f5 00000000 		.4byte	0
ARM GAS  C:\Users\Henry\AppData\Local\Temp\ccLSTckw.s 			page 44


 1988 01f9 00000000 		.4byte	0
 1989              		.section	.debug_aranges,"",%progbits
 1990 0000 54000000 		.4byte	0x54
 1991 0004 0200     		.2byte	0x2
 1992 0006 00000000 		.4byte	.Ldebug_info0
 1993 000a 04       		.byte	0x4
 1994 000b 00       		.byte	0
 1995 000c 0000     		.2byte	0
 1996 000e 0000     		.2byte	0
 1997 0010 00000000 		.4byte	.LFB3
 1998 0014 02000000 		.4byte	.LFE3-.LFB3
 1999 0018 00000000 		.4byte	.LFB4
 2000 001c 34000000 		.4byte	.LFE4-.LFB4
 2001 0020 00000000 		.4byte	.LFB0
 2002 0024 0C000000 		.4byte	.LFE0-.LFB0
 2003 0028 00000000 		.4byte	.LFB6
 2004 002c 78000000 		.4byte	.LFE6-.LFB6
 2005 0030 00000000 		.4byte	.LFB1
 2006 0034 08000000 		.4byte	.LFE1-.LFB1
 2007 0038 00000000 		.4byte	.LFB5
 2008 003c CC000000 		.4byte	.LFE5-.LFB5
 2009 0040 00000000 		.4byte	.LFB7
 2010 0044 1C000000 		.4byte	.LFE7-.LFB7
 2011 0048 00000000 		.4byte	.LFB8
 2012 004c D8000000 		.4byte	.LFE8-.LFB8
 2013 0050 00000000 		.4byte	0
 2014 0054 00000000 		.4byte	0
 2015              		.section	.debug_ranges,"",%progbits
 2016              	.Ldebug_ranges0:
 2017 0000 00000000 		.4byte	.LFB3
 2018 0004 02000000 		.4byte	.LFE3
 2019 0008 00000000 		.4byte	.LFB4
 2020 000c 34000000 		.4byte	.LFE4
 2021 0010 00000000 		.4byte	.LFB0
 2022 0014 0C000000 		.4byte	.LFE0
 2023 0018 00000000 		.4byte	.LFB6
 2024 001c 78000000 		.4byte	.LFE6
 2025 0020 00000000 		.4byte	.LFB1
 2026 0024 08000000 		.4byte	.LFE1
 2027 0028 00000000 		.4byte	.LFB5
 2028 002c CC000000 		.4byte	.LFE5
 2029 0030 00000000 		.4byte	.LFB7
 2030 0034 1C000000 		.4byte	.LFE7
 2031 0038 00000000 		.4byte	.LFB8
 2032 003c D8000000 		.4byte	.LFE8
 2033 0040 00000000 		.4byte	0
 2034 0044 00000000 		.4byte	0
 2035              		.section	.debug_line,"",%progbits
 2036              	.Ldebug_line0:
 2037 0000 DF010000 		.section	.debug_str,"MS",%progbits,1
 2037      0200D600 
 2037      00000201 
 2037      FB0E0D00 
 2037      01010101 
 2038              	.LASF19:
 2039 0000 72656731 		.ascii	"reg16\000"
 2039      3600
ARM GAS  C:\Users\Henry\AppData\Local\Temp\ccLSTckw.s 			page 45


 2040              	.LASF48:
 2041 0006 43794465 		.ascii	"CyDelayCycles\000"
 2041      6C617943 
 2041      79636C65 
 2041      7300
 2042              	.LASF18:
 2043 0014 72656738 		.ascii	"reg8\000"
 2043      00
 2044              	.LASF12:
 2045 0019 73697A65 		.ascii	"size_t\000"
 2045      5F7400
 2046              	.LASF30:
 2047 0020 416E616C 		.ascii	"AnalogSetDefault\000"
 2047      6F675365 
 2047      74446566 
 2047      61756C74 
 2047      00
 2048              	.LASF35:
 2049 0031 74696D65 		.ascii	"timeout\000"
 2049      6F757400 
 2050              	.LASF21:
 2051 0039 76616C75 		.ascii	"value\000"
 2051      6500
 2052              	.LASF27:
 2053 003f 636F756E 		.ascii	"count\000"
 2053      7400
 2054              	.LASF34:
 2055 0045 436C6F63 		.ascii	"ClockSetup\000"
 2055      6B536574 
 2055      757000
 2056              	.LASF6:
 2057 0050 73686F72 		.ascii	"short unsigned int\000"
 2057      7420756E 
 2057      7369676E 
 2057      65642069 
 2057      6E7400
 2058              	.LASF36:
 2059 0063 706C6C4C 		.ascii	"pllLock\000"
 2059      6F636B00 
 2060              	.LASF16:
 2061 006b 666C6F61 		.ascii	"float\000"
 2061      7400
 2062              	.LASF52:
 2063 0071 4379436C 		.ascii	"CyClockStartupError\000"
 2063      6F636B53 
 2063      74617274 
 2063      75704572 
 2063      726F7200 
 2064              	.LASF33:
 2065 0085 64657374 		.ascii	"dest\000"
 2065      00
 2066              	.LASF44:
 2067 008a 6366675F 		.ascii	"cfg_memset_list\000"
 2067      6D656D73 
 2067      65745F6C 
 2067      69737400 
 2068              	.LASF42:
ARM GAS  C:\Users\Henry\AppData\Local\Temp\ccLSTckw.s 			page 46


 2069 009a 73697A65 		.ascii	"size\000"
 2069      00
 2070              	.LASF49:
 2071 009f 474E5520 		.ascii	"GNU C11 5.4.1 20160609 (release) [ARM/embedded-5-br"
 2071      43313120 
 2071      352E342E 
 2071      31203230 
 2071      31363036 
 2072 00d2 616E6368 		.ascii	"anch revision 237715] -mcpu=cortex-m3 -mthumb -g -O"
 2072      20726576 
 2072      6973696F 
 2072      6E203233 
 2072      37373135 
 2073 0105 67202D66 		.ascii	"g -ffunction-sections -ffat-lto-objects\000"
 2073      66756E63 
 2073      74696F6E 
 2073      2D736563 
 2073      74696F6E 
 2074              	.LASF8:
 2075 012d 6C6F6E67 		.ascii	"long unsigned int\000"
 2075      20756E73 
 2075      69676E65 
 2075      6420696E 
 2075      7400
 2076              	.LASF13:
 2077 013f 75696E74 		.ascii	"uint8\000"
 2077      3800
 2078              	.LASF29:
 2079 0145 43594D45 		.ascii	"CYMEMZERO\000"
 2079      4D5A4552 
 2079      4F00
 2080              	.LASF39:
 2081 014f 53657441 		.ascii	"SetAnalogRoutingPumps\000"
 2081      6E616C6F 
 2081      67526F75 
 2081      74696E67 
 2081      50756D70 
 2082              	.LASF4:
 2083 0165 756E7369 		.ascii	"unsigned char\000"
 2083      676E6564 
 2083      20636861 
 2083      7200
 2084              	.LASF45:
 2085 0173 6D656D73 		.ascii	"memset\000"
 2085      657400
 2086              	.LASF17:
 2087 017a 646F7562 		.ascii	"double\000"
 2087      6C6500
 2088              	.LASF28:
 2089 0181 6366675F 		.ascii	"cfg_write_bytes32\000"
 2089      77726974 
 2089      655F6279 
 2089      74657333 
 2089      3200
 2090              	.LASF40:
 2091 0193 63796669 		.ascii	"cyfitter_cfg\000"
 2091      74746572 
ARM GAS  C:\Users\Henry\AppData\Local\Temp\ccLSTckw.s 			page 47


 2091      5F636667 
 2091      00
 2092              	.LASF24:
 2093 01a0 61646472 		.ascii	"addr_table\000"
 2093      5F746162 
 2093      6C6500
 2094              	.LASF14:
 2095 01ab 75696E74 		.ascii	"uint16\000"
 2095      313600
 2096              	.LASF25:
 2097 01b2 64617461 		.ascii	"data_table\000"
 2097      5F746162 
 2097      6C6500
 2098              	.LASF23:
 2099 01bd 6572726F 		.ascii	"errorCode\000"
 2099      72436F64 
 2099      6500
 2100              	.LASF15:
 2101 01c7 75696E74 		.ascii	"uint32\000"
 2101      333200
 2102              	.LASF51:
 2103 01ce 433A5C55 		.ascii	"C:\\Users\\Henry\\Documents\\PSoC Creator\\Ej1\\Ej3"
 2103      73657273 
 2103      5C48656E 
 2103      72795C44 
 2103      6F63756D 
 2104 01fb 2E637964 		.ascii	".cydsn\000"
 2104      736E00
 2105              	.LASF0:
 2106 0202 756E7369 		.ascii	"unsigned int\000"
 2106      676E6564 
 2106      20696E74 
 2106      00
 2107              	.LASF41:
 2108 020f 61646472 		.ascii	"address\000"
 2108      65737300 
 2109              	.LASF9:
 2110 0217 6C6F6E67 		.ascii	"long long unsigned int\000"
 2110      206C6F6E 
 2110      6720756E 
 2110      7369676E 
 2110      65642069 
 2111              	.LASF43:
 2112 022e 6366675F 		.ascii	"cfg_memset_t\000"
 2112      6D656D73 
 2112      65745F74 
 2112      00
 2113              	.LASF26:
 2114 023b 62617365 		.ascii	"baseAddr\000"
 2114      41646472 
 2114      00
 2115              	.LASF10:
 2116 0244 73697A65 		.ascii	"sizetype\000"
 2116      74797065 
 2116      00
 2117              	.LASF1:
 2118 024d 6C6F6E67 		.ascii	"long long int\000"
ARM GAS  C:\Users\Henry\AppData\Local\Temp\ccLSTckw.s 			page 48


 2118      206C6F6E 
 2118      6720696E 
 2118      7400
 2119              	.LASF50:
 2120 025b 47656E65 		.ascii	"Generated_Source\\PSoC5\\cyfitter_cfg.c\000"
 2120      72617465 
 2120      645F536F 
 2120      75726365 
 2120      5C50536F 
 2121              	.LASF47:
 2122 0281 43794465 		.ascii	"CyDelayUs\000"
 2122      6C617955 
 2122      7300
 2123              	.LASF46:
 2124 028b 6D656D63 		.ascii	"memcpy\000"
 2124      707900
 2125              	.LASF22:
 2126 0292 63795F63 		.ascii	"cy_cfg_addrvalue_t\000"
 2126      66675F61 
 2126      64647276 
 2126      616C7565 
 2126      5F7400
 2127              	.LASF20:
 2128 02a5 6F666673 		.ascii	"offset\000"
 2128      657400
 2129              	.LASF5:
 2130 02ac 73686F72 		.ascii	"short int\000"
 2130      7420696E 
 2130      7400
 2131              	.LASF37:
 2132 02b6 656E6162 		.ascii	"enabled\000"
 2132      6C656400 
 2133              	.LASF7:
 2134 02be 6C6F6E67 		.ascii	"long int\000"
 2134      20696E74 
 2134      00
 2135              	.LASF11:
 2136 02c7 63686172 		.ascii	"char\000"
 2136      00
 2137              	.LASF2:
 2138 02cc 6C6F6E67 		.ascii	"long double\000"
 2138      20646F75 
 2138      626C6500 
 2139              	.LASF31:
 2140 02d8 62675F78 		.ascii	"bg_xover_inl_trim\000"
 2140      6F766572 
 2140      5F696E6C 
 2140      5F747269 
 2140      6D00
 2141              	.LASF3:
 2142 02ea 7369676E 		.ascii	"signed char\000"
 2142      65642063 
 2142      68617200 
 2143              	.LASF38:
 2144 02f6 72656756 		.ascii	"regValue\000"
 2144      616C7565 
 2144      00
ARM GAS  C:\Users\Henry\AppData\Local\Temp\ccLSTckw.s 			page 49


 2145              	.LASF32:
 2146 02ff 4359434F 		.ascii	"CYCONFIGCPY\000"
 2146      4E464947 
 2146      43505900 
 2147              		.ident	"GCC: (GNU Tools for ARM Embedded Processors) 5.4.1 20160609 (release) [ARM/embedded-5-bran
