ARM GAS  C:\Users\Henry\AppData\Local\Temp\ccd7ELw7.s 			page 1


   1              		.syntax unified
   2              		.cpu cortex-m3
   3              		.fpu softvfp
   4              		.eabi_attribute 20, 1
   5              		.eabi_attribute 21, 1
   6              		.eabi_attribute 23, 3
   7              		.eabi_attribute 24, 1
   8              		.eabi_attribute 25, 1
   9              		.eabi_attribute 26, 1
  10              		.eabi_attribute 30, 1
  11              		.eabi_attribute 34, 1
  12              		.eabi_attribute 18, 4
  13              		.thumb
  14              		.syntax unified
  15              		.file	"cyfitter_cfg.c"
  16              		.text
  17              	.Ltext0:
  18              		.cfi_sections	.debug_frame
  19              		.section	.text.CyClockStartupError,"ax",%progbits
  20              		.align	2
  21              		.thumb
  22              		.thumb_func
  23              		.type	CyClockStartupError, %function
  24              	CyClockStartupError:
  25              	.LFB3:
  26              		.file 1 "Generated_Source\\PSoC5\\cyfitter_cfg.c"
   1:Generated_Source\PSoC5/cyfitter_cfg.c **** 
   2:Generated_Source\PSoC5/cyfitter_cfg.c **** /*******************************************************************************
   3:Generated_Source\PSoC5/cyfitter_cfg.c **** * File Name: cyfitter_cfg.c
   4:Generated_Source\PSoC5/cyfitter_cfg.c **** * 
   5:Generated_Source\PSoC5/cyfitter_cfg.c **** * PSoC Creator  4.4
   6:Generated_Source\PSoC5/cyfitter_cfg.c **** *
   7:Generated_Source\PSoC5/cyfitter_cfg.c **** * Description:
   8:Generated_Source\PSoC5/cyfitter_cfg.c **** * This file contains device initialization code.
   9:Generated_Source\PSoC5/cyfitter_cfg.c **** * Except for the user defined sections in CyClockStartupError(), this file should not be modified.
  10:Generated_Source\PSoC5/cyfitter_cfg.c **** * This file is automatically generated by PSoC Creator.
  11:Generated_Source\PSoC5/cyfitter_cfg.c **** *
  12:Generated_Source\PSoC5/cyfitter_cfg.c **** ********************************************************************************
  13:Generated_Source\PSoC5/cyfitter_cfg.c **** * Copyright (c) 2007-2020 Cypress Semiconductor.  All rights reserved.
  14:Generated_Source\PSoC5/cyfitter_cfg.c **** * You may use this file only in accordance with the license, terms, conditions, 
  15:Generated_Source\PSoC5/cyfitter_cfg.c **** * disclaimers, and limitations in the end user license agreement accompanying 
  16:Generated_Source\PSoC5/cyfitter_cfg.c **** * the software package with which this file was provided.
  17:Generated_Source\PSoC5/cyfitter_cfg.c **** ********************************************************************************/
  18:Generated_Source\PSoC5/cyfitter_cfg.c **** 
  19:Generated_Source\PSoC5/cyfitter_cfg.c **** #include <string.h>
  20:Generated_Source\PSoC5/cyfitter_cfg.c **** #include "cytypes.h"
  21:Generated_Source\PSoC5/cyfitter_cfg.c **** #include "cydevice_trm.h"
  22:Generated_Source\PSoC5/cyfitter_cfg.c **** #include "cyfitter.h"
  23:Generated_Source\PSoC5/cyfitter_cfg.c **** #include "CyLib.h"
  24:Generated_Source\PSoC5/cyfitter_cfg.c **** #include "cyfitter_cfg.h"
  25:Generated_Source\PSoC5/cyfitter_cfg.c **** #include "cyapicallbacks.h"
  26:Generated_Source\PSoC5/cyfitter_cfg.c **** 
  27:Generated_Source\PSoC5/cyfitter_cfg.c **** #define CY_NEED_CYCLOCKSTARTUPERROR 1
  28:Generated_Source\PSoC5/cyfitter_cfg.c **** 
  29:Generated_Source\PSoC5/cyfitter_cfg.c **** 
  30:Generated_Source\PSoC5/cyfitter_cfg.c **** #if defined(__GNUC__) || defined(__ARMCC_VERSION)
  31:Generated_Source\PSoC5/cyfitter_cfg.c ****     #define CYPACKED 
ARM GAS  C:\Users\Henry\AppData\Local\Temp\ccd7ELw7.s 			page 2


  32:Generated_Source\PSoC5/cyfitter_cfg.c ****     #define CYPACKED_ATTR __attribute__ ((packed))
  33:Generated_Source\PSoC5/cyfitter_cfg.c ****     #define CYALIGNED __attribute__ ((aligned))
  34:Generated_Source\PSoC5/cyfitter_cfg.c ****     #define CY_CFG_UNUSED __attribute__ ((unused))
  35:Generated_Source\PSoC5/cyfitter_cfg.c ****     #ifndef CY_CFG_SECTION
  36:Generated_Source\PSoC5/cyfitter_cfg.c ****         #define CY_CFG_SECTION __attribute__ ((section(".psocinit")))
  37:Generated_Source\PSoC5/cyfitter_cfg.c ****     #endif
  38:Generated_Source\PSoC5/cyfitter_cfg.c ****     
  39:Generated_Source\PSoC5/cyfitter_cfg.c ****     #if defined(__ARMCC_VERSION)
  40:Generated_Source\PSoC5/cyfitter_cfg.c ****         #define CY_CFG_MEMORY_BARRIER() __memory_changed()
  41:Generated_Source\PSoC5/cyfitter_cfg.c ****     #else
  42:Generated_Source\PSoC5/cyfitter_cfg.c ****         #define CY_CFG_MEMORY_BARRIER() __sync_synchronize()
  43:Generated_Source\PSoC5/cyfitter_cfg.c ****     #endif
  44:Generated_Source\PSoC5/cyfitter_cfg.c ****     
  45:Generated_Source\PSoC5/cyfitter_cfg.c **** #elif defined(__ICCARM__)
  46:Generated_Source\PSoC5/cyfitter_cfg.c ****     #include <intrinsics.h>
  47:Generated_Source\PSoC5/cyfitter_cfg.c **** 
  48:Generated_Source\PSoC5/cyfitter_cfg.c ****     #define CYPACKED __packed
  49:Generated_Source\PSoC5/cyfitter_cfg.c ****     #define CYPACKED_ATTR 
  50:Generated_Source\PSoC5/cyfitter_cfg.c ****     #define CYALIGNED _Pragma("data_alignment=4")
  51:Generated_Source\PSoC5/cyfitter_cfg.c ****     #define CY_CFG_UNUSED _Pragma("diag_suppress=Pe177")
  52:Generated_Source\PSoC5/cyfitter_cfg.c ****     #define CY_CFG_SECTION _Pragma("location=\".psocinit\"")
  53:Generated_Source\PSoC5/cyfitter_cfg.c ****     
  54:Generated_Source\PSoC5/cyfitter_cfg.c ****     #define CY_CFG_MEMORY_BARRIER() __DMB()
  55:Generated_Source\PSoC5/cyfitter_cfg.c ****     
  56:Generated_Source\PSoC5/cyfitter_cfg.c **** #else
  57:Generated_Source\PSoC5/cyfitter_cfg.c ****     #error Unsupported toolchain
  58:Generated_Source\PSoC5/cyfitter_cfg.c **** #endif
  59:Generated_Source\PSoC5/cyfitter_cfg.c **** 
  60:Generated_Source\PSoC5/cyfitter_cfg.c **** #ifndef CYCODE
  61:Generated_Source\PSoC5/cyfitter_cfg.c ****     #define CYCODE
  62:Generated_Source\PSoC5/cyfitter_cfg.c **** #endif
  63:Generated_Source\PSoC5/cyfitter_cfg.c **** #ifndef CYDATA
  64:Generated_Source\PSoC5/cyfitter_cfg.c ****     #define CYDATA
  65:Generated_Source\PSoC5/cyfitter_cfg.c **** #endif
  66:Generated_Source\PSoC5/cyfitter_cfg.c **** #ifndef CYFAR
  67:Generated_Source\PSoC5/cyfitter_cfg.c ****     #define CYFAR
  68:Generated_Source\PSoC5/cyfitter_cfg.c **** #endif
  69:Generated_Source\PSoC5/cyfitter_cfg.c **** #ifndef CYXDATA
  70:Generated_Source\PSoC5/cyfitter_cfg.c ****     #define CYXDATA
  71:Generated_Source\PSoC5/cyfitter_cfg.c **** #endif
  72:Generated_Source\PSoC5/cyfitter_cfg.c **** 
  73:Generated_Source\PSoC5/cyfitter_cfg.c **** 
  74:Generated_Source\PSoC5/cyfitter_cfg.c **** CY_CFG_UNUSED
  75:Generated_Source\PSoC5/cyfitter_cfg.c **** static void CYMEMZERO(void *s, size_t n);
  76:Generated_Source\PSoC5/cyfitter_cfg.c **** CY_CFG_UNUSED
  77:Generated_Source\PSoC5/cyfitter_cfg.c **** static void CYMEMZERO(void *s, size_t n)
  78:Generated_Source\PSoC5/cyfitter_cfg.c **** {
  79:Generated_Source\PSoC5/cyfitter_cfg.c **** 	(void)memset(s, 0, n);
  80:Generated_Source\PSoC5/cyfitter_cfg.c **** }
  81:Generated_Source\PSoC5/cyfitter_cfg.c **** CY_CFG_UNUSED
  82:Generated_Source\PSoC5/cyfitter_cfg.c **** static void CYCONFIGCPY(void *dest, const void *src, size_t n);
  83:Generated_Source\PSoC5/cyfitter_cfg.c **** CY_CFG_UNUSED
  84:Generated_Source\PSoC5/cyfitter_cfg.c **** static void CYCONFIGCPY(void *dest, const void *src, size_t n)
  85:Generated_Source\PSoC5/cyfitter_cfg.c **** {
  86:Generated_Source\PSoC5/cyfitter_cfg.c **** 	(void)memcpy(dest, src, n);
  87:Generated_Source\PSoC5/cyfitter_cfg.c **** }
  88:Generated_Source\PSoC5/cyfitter_cfg.c **** CY_CFG_UNUSED
ARM GAS  C:\Users\Henry\AppData\Local\Temp\ccd7ELw7.s 			page 3


  89:Generated_Source\PSoC5/cyfitter_cfg.c **** static void CYCONFIGCPYCODE(void *dest, const void *src, size_t n);
  90:Generated_Source\PSoC5/cyfitter_cfg.c **** CY_CFG_UNUSED
  91:Generated_Source\PSoC5/cyfitter_cfg.c **** static void CYCONFIGCPYCODE(void *dest, const void *src, size_t n)
  92:Generated_Source\PSoC5/cyfitter_cfg.c **** {
  93:Generated_Source\PSoC5/cyfitter_cfg.c **** 	(void)memcpy(dest, src, n);
  94:Generated_Source\PSoC5/cyfitter_cfg.c **** }
  95:Generated_Source\PSoC5/cyfitter_cfg.c **** 
  96:Generated_Source\PSoC5/cyfitter_cfg.c **** 
  97:Generated_Source\PSoC5/cyfitter_cfg.c **** 
  98:Generated_Source\PSoC5/cyfitter_cfg.c **** 
  99:Generated_Source\PSoC5/cyfitter_cfg.c **** /* Clock startup error codes                                                   */
 100:Generated_Source\PSoC5/cyfitter_cfg.c **** #define CYCLOCKSTART_NO_ERROR    0u
 101:Generated_Source\PSoC5/cyfitter_cfg.c **** #define CYCLOCKSTART_XTAL_ERROR  1u
 102:Generated_Source\PSoC5/cyfitter_cfg.c **** #define CYCLOCKSTART_32KHZ_ERROR 2u
 103:Generated_Source\PSoC5/cyfitter_cfg.c **** #define CYCLOCKSTART_PLL_ERROR   3u
 104:Generated_Source\PSoC5/cyfitter_cfg.c **** #define CYCLOCKSTART_FLL_ERROR   4u
 105:Generated_Source\PSoC5/cyfitter_cfg.c **** #define CYCLOCKSTART_WCO_ERROR   5u
 106:Generated_Source\PSoC5/cyfitter_cfg.c **** 
 107:Generated_Source\PSoC5/cyfitter_cfg.c **** 
 108:Generated_Source\PSoC5/cyfitter_cfg.c **** #ifdef CY_NEED_CYCLOCKSTARTUPERROR
 109:Generated_Source\PSoC5/cyfitter_cfg.c **** /*******************************************************************************
 110:Generated_Source\PSoC5/cyfitter_cfg.c **** * Function Name: CyClockStartupError
 111:Generated_Source\PSoC5/cyfitter_cfg.c **** ********************************************************************************
 112:Generated_Source\PSoC5/cyfitter_cfg.c **** * Summary:
 113:Generated_Source\PSoC5/cyfitter_cfg.c **** *  If an error is encountered during clock configuration (crystal startup error,
 114:Generated_Source\PSoC5/cyfitter_cfg.c **** *  PLL lock error, etc.), the system will end up here.  Unless reimplemented by
 115:Generated_Source\PSoC5/cyfitter_cfg.c **** *  the customer, this function will stop in an infinite loop.
 116:Generated_Source\PSoC5/cyfitter_cfg.c **** *
 117:Generated_Source\PSoC5/cyfitter_cfg.c **** * Parameters:
 118:Generated_Source\PSoC5/cyfitter_cfg.c **** *   void
 119:Generated_Source\PSoC5/cyfitter_cfg.c **** *
 120:Generated_Source\PSoC5/cyfitter_cfg.c **** * Return:
 121:Generated_Source\PSoC5/cyfitter_cfg.c **** *   void
 122:Generated_Source\PSoC5/cyfitter_cfg.c **** *
 123:Generated_Source\PSoC5/cyfitter_cfg.c **** *******************************************************************************/
 124:Generated_Source\PSoC5/cyfitter_cfg.c **** CY_CFG_UNUSED
 125:Generated_Source\PSoC5/cyfitter_cfg.c **** static void CyClockStartupError(uint8 errorCode);
 126:Generated_Source\PSoC5/cyfitter_cfg.c **** CY_CFG_UNUSED
 127:Generated_Source\PSoC5/cyfitter_cfg.c **** static void CyClockStartupError(uint8 errorCode)
 128:Generated_Source\PSoC5/cyfitter_cfg.c **** {
  27              		.loc 1 128 0
  28              		.cfi_startproc
  29              		@ Volatile: function does not return.
  30              		@ args = 0, pretend = 0, frame = 0
  31              		@ frame_needed = 0, uses_anonymous_args = 0
  32              		@ link register save eliminated.
  33              	.LVL0:
  34              	.L2:
  35 0000 FEE7     		b	.L2
  36              		.cfi_endproc
  37              	.LFE3:
  38              		.size	CyClockStartupError, .-CyClockStartupError
  39 0002 00BF     		.section	.text.cfg_write_bytes32,"ax",%progbits
  40              		.align	2
  41              		.thumb
  42              		.thumb_func
  43              		.type	cfg_write_bytes32, %function
ARM GAS  C:\Users\Henry\AppData\Local\Temp\ccd7ELw7.s 			page 4


  44              	cfg_write_bytes32:
  45              	.LFB4:
 129:Generated_Source\PSoC5/cyfitter_cfg.c ****     /* To remove the compiler warning if errorCode not used.                */
 130:Generated_Source\PSoC5/cyfitter_cfg.c ****     errorCode = errorCode;
 131:Generated_Source\PSoC5/cyfitter_cfg.c **** 
 132:Generated_Source\PSoC5/cyfitter_cfg.c ****     /* If we have a clock startup error (bad MHz crystal, PLL lock, etc.),  */
 133:Generated_Source\PSoC5/cyfitter_cfg.c ****     /* we will end up here to allow the customer to implement something to  */
 134:Generated_Source\PSoC5/cyfitter_cfg.c ****     /* deal with the clock condition.                                       */
 135:Generated_Source\PSoC5/cyfitter_cfg.c **** 
 136:Generated_Source\PSoC5/cyfitter_cfg.c **** #ifdef CY_CFG_CLOCK_STARTUP_ERROR_CALLBACK
 137:Generated_Source\PSoC5/cyfitter_cfg.c ****     CY_CFG_Clock_Startup_ErrorCallback();
 138:Generated_Source\PSoC5/cyfitter_cfg.c **** #else
 139:Generated_Source\PSoC5/cyfitter_cfg.c ****     /*  If not using CY_CFG_CLOCK_STARTUP_ERROR_CALLBACK, place your clock startup code here. */
 140:Generated_Source\PSoC5/cyfitter_cfg.c ****     /* `#START CyClockStartupError` */
 141:Generated_Source\PSoC5/cyfitter_cfg.c **** 
 142:Generated_Source\PSoC5/cyfitter_cfg.c **** 
 143:Generated_Source\PSoC5/cyfitter_cfg.c **** 
 144:Generated_Source\PSoC5/cyfitter_cfg.c ****     /* `#END` */
 145:Generated_Source\PSoC5/cyfitter_cfg.c **** 
 146:Generated_Source\PSoC5/cyfitter_cfg.c ****     while(1) {}
 147:Generated_Source\PSoC5/cyfitter_cfg.c **** #endif /* CY_CFG_CLOCK_STARTUP_ERROR_CALLBACK */
 148:Generated_Source\PSoC5/cyfitter_cfg.c **** }
 149:Generated_Source\PSoC5/cyfitter_cfg.c **** #endif
 150:Generated_Source\PSoC5/cyfitter_cfg.c **** 
 151:Generated_Source\PSoC5/cyfitter_cfg.c **** #define CY_CFG_BASE_ADDR_COUNT 12u
 152:Generated_Source\PSoC5/cyfitter_cfg.c **** CYPACKED typedef struct
 153:Generated_Source\PSoC5/cyfitter_cfg.c **** {
 154:Generated_Source\PSoC5/cyfitter_cfg.c **** 	uint8 offset;
 155:Generated_Source\PSoC5/cyfitter_cfg.c **** 	uint8 value;
 156:Generated_Source\PSoC5/cyfitter_cfg.c **** } CYPACKED_ATTR cy_cfg_addrvalue_t;
 157:Generated_Source\PSoC5/cyfitter_cfg.c **** 
 158:Generated_Source\PSoC5/cyfitter_cfg.c **** #define cy_cfg_addr_table ((const uint32 CYFAR *)0x48000000u)
 159:Generated_Source\PSoC5/cyfitter_cfg.c **** #define cy_cfg_data_table ((const cy_cfg_addrvalue_t CYFAR *)0x48000030u)
 160:Generated_Source\PSoC5/cyfitter_cfg.c **** 
 161:Generated_Source\PSoC5/cyfitter_cfg.c **** /* UDB_1_5_1_CONFIG Address: CYDEV_UCFG_B0_P0_U1_BASE Size (bytes): 128 */
 162:Generated_Source\PSoC5/cyfitter_cfg.c **** #define BS_UDB_1_5_1_CONFIG_VAL ((const uint8 CYFAR *)0x48000270u)
 163:Generated_Source\PSoC5/cyfitter_cfg.c **** 
 164:Generated_Source\PSoC5/cyfitter_cfg.c **** /* IOPINS0_0 Address: CYREG_PRT0_DR Size (bytes): 10 */
 165:Generated_Source\PSoC5/cyfitter_cfg.c **** #define BS_IOPINS0_0_VAL ((const uint8 CYFAR *)0x480002F0u)
 166:Generated_Source\PSoC5/cyfitter_cfg.c **** 
 167:Generated_Source\PSoC5/cyfitter_cfg.c **** /* IOPINS0_1 Address: CYREG_PRT1_DM0 Size (bytes): 8 */
 168:Generated_Source\PSoC5/cyfitter_cfg.c **** #define BS_IOPINS0_1_VAL ((const uint8 CYFAR *)0x480002FCu)
 169:Generated_Source\PSoC5/cyfitter_cfg.c **** 
 170:Generated_Source\PSoC5/cyfitter_cfg.c **** /* IOPINS0_2 Address: CYREG_PRT2_DM0 Size (bytes): 8 */
 171:Generated_Source\PSoC5/cyfitter_cfg.c **** #define BS_IOPINS0_2_VAL ((const uint8 CYFAR *)0x48000304u)
 172:Generated_Source\PSoC5/cyfitter_cfg.c **** 
 173:Generated_Source\PSoC5/cyfitter_cfg.c **** 
 174:Generated_Source\PSoC5/cyfitter_cfg.c **** /*******************************************************************************
 175:Generated_Source\PSoC5/cyfitter_cfg.c **** * Function Name: cfg_write_bytes32
 176:Generated_Source\PSoC5/cyfitter_cfg.c **** ********************************************************************************
 177:Generated_Source\PSoC5/cyfitter_cfg.c **** * Summary:
 178:Generated_Source\PSoC5/cyfitter_cfg.c **** *  This function is used for setting up the chip configuration areas that
 179:Generated_Source\PSoC5/cyfitter_cfg.c **** *  contain relatively sparse data.
 180:Generated_Source\PSoC5/cyfitter_cfg.c **** *
 181:Generated_Source\PSoC5/cyfitter_cfg.c **** * Parameters:
 182:Generated_Source\PSoC5/cyfitter_cfg.c **** *   void
 183:Generated_Source\PSoC5/cyfitter_cfg.c **** *
ARM GAS  C:\Users\Henry\AppData\Local\Temp\ccd7ELw7.s 			page 5


 184:Generated_Source\PSoC5/cyfitter_cfg.c **** * Return:
 185:Generated_Source\PSoC5/cyfitter_cfg.c **** *   void
 186:Generated_Source\PSoC5/cyfitter_cfg.c **** *
 187:Generated_Source\PSoC5/cyfitter_cfg.c **** *******************************************************************************/
 188:Generated_Source\PSoC5/cyfitter_cfg.c **** static void cfg_write_bytes32(const uint32 addr_table[], const cy_cfg_addrvalue_t data_table[]);
 189:Generated_Source\PSoC5/cyfitter_cfg.c **** static void cfg_write_bytes32(const uint32 addr_table[], const cy_cfg_addrvalue_t data_table[])
 190:Generated_Source\PSoC5/cyfitter_cfg.c **** {
  46              		.loc 1 190 0
  47              		.cfi_startproc
  48              		@ args = 0, pretend = 0, frame = 0
  49              		@ frame_needed = 0, uses_anonymous_args = 0
  50              		@ link register save eliminated.
  51              	.LVL1:
  52              		.loc 1 190 0
  53 0000 F0B4     		push	{r4, r5, r6, r7}
  54              		.cfi_def_cfa_offset 16
  55              		.cfi_offset 4, -16
  56              		.cfi_offset 5, -12
  57              		.cfi_offset 6, -8
  58              		.cfi_offset 7, -4
  59              	.LVL2:
 191:Generated_Source\PSoC5/cyfitter_cfg.c **** 	/* For 32-bit little-endian architectures */
 192:Generated_Source\PSoC5/cyfitter_cfg.c **** 	uint32 i, j = 0u;
  60              		.loc 1 192 0
  61 0002 0022     		movs	r2, #0
 193:Generated_Source\PSoC5/cyfitter_cfg.c **** 	for (i = 0u; i < CY_CFG_BASE_ADDR_COUNT; i++)
  62              		.loc 1 193 0
  63 0004 1746     		mov	r7, r2
  64 0006 11E0     		b	.L4
  65              	.LVL3:
  66              	.L7:
  67              	.LBB2:
 194:Generated_Source\PSoC5/cyfitter_cfg.c **** 	{
 195:Generated_Source\PSoC5/cyfitter_cfg.c **** 		uint32 baseAddr = addr_table[i];
  68              		.loc 1 195 0
  69 0008 50F82760 		ldr	r6, [r0, r7, lsl #2]
  70              	.LVL4:
 196:Generated_Source\PSoC5/cyfitter_cfg.c **** 		uint8 count = (uint8)baseAddr;
  71              		.loc 1 196 0
  72 000c F3B2     		uxtb	r3, r6
  73              	.LVL5:
 197:Generated_Source\PSoC5/cyfitter_cfg.c **** 		baseAddr &= 0xFFFFFF00u;
  74              		.loc 1 197 0
  75 000e 26F0FF06 		bic	r6, r6, #255
  76              	.LVL6:
 198:Generated_Source\PSoC5/cyfitter_cfg.c **** 		while (count != 0u)
  77              		.loc 1 198 0
  78 0012 08E0     		b	.L5
  79              	.L6:
 199:Generated_Source\PSoC5/cyfitter_cfg.c **** 		{
 200:Generated_Source\PSoC5/cyfitter_cfg.c **** 			CY_SET_REG8((void *)(baseAddr + data_table[j].offset), data_table[j].value);
  80              		.loc 1 200 0
  81 0014 01EB4205 		add	r5, r1, r2, lsl #1
  82 0018 11F81240 		ldrb	r4, [r1, r2, lsl #1]	@ zero_extendqisi2
  83 001c 6D78     		ldrb	r5, [r5, #1]	@ zero_extendqisi2
  84 001e A555     		strb	r5, [r4, r6]
 201:Generated_Source\PSoC5/cyfitter_cfg.c **** 			j++;
ARM GAS  C:\Users\Henry\AppData\Local\Temp\ccd7ELw7.s 			page 6


  85              		.loc 1 201 0
  86 0020 0132     		adds	r2, r2, #1
  87              	.LVL7:
 202:Generated_Source\PSoC5/cyfitter_cfg.c **** 			count--;
  88              		.loc 1 202 0
  89 0022 013B     		subs	r3, r3, #1
  90              	.LVL8:
  91 0024 DBB2     		uxtb	r3, r3
  92              	.LVL9:
  93              	.L5:
 198:Generated_Source\PSoC5/cyfitter_cfg.c **** 		{
  94              		.loc 1 198 0
  95 0026 002B     		cmp	r3, #0
  96 0028 F4D1     		bne	.L6
  97              	.LBE2:
 193:Generated_Source\PSoC5/cyfitter_cfg.c **** 	{
  98              		.loc 1 193 0 discriminator 2
  99 002a 0137     		adds	r7, r7, #1
 100              	.LVL10:
 101              	.L4:
 193:Generated_Source\PSoC5/cyfitter_cfg.c **** 	{
 102              		.loc 1 193 0 is_stmt 0 discriminator 1
 103 002c 0B2F     		cmp	r7, #11
 104 002e EBD9     		bls	.L7
 203:Generated_Source\PSoC5/cyfitter_cfg.c **** 		}
 204:Generated_Source\PSoC5/cyfitter_cfg.c **** 	}
 205:Generated_Source\PSoC5/cyfitter_cfg.c **** }
 105              		.loc 1 205 0 is_stmt 1
 106 0030 F0BC     		pop	{r4, r5, r6, r7}
 107              		.cfi_restore 7
 108              		.cfi_restore 6
 109              		.cfi_restore 5
 110              		.cfi_restore 4
 111              		.cfi_def_cfa_offset 0
 112              	.LVL11:
 113 0032 7047     		bx	lr
 114              		.cfi_endproc
 115              	.LFE4:
 116              		.size	cfg_write_bytes32, .-cfg_write_bytes32
 117              		.section	.text.AnalogSetDefault,"ax",%progbits
 118              		.align	2
 119              		.thumb
 120              		.thumb_func
 121              		.type	AnalogSetDefault, %function
 122              	AnalogSetDefault:
 123              	.LFB6:
 206:Generated_Source\PSoC5/cyfitter_cfg.c **** 
 207:Generated_Source\PSoC5/cyfitter_cfg.c **** /*******************************************************************************
 208:Generated_Source\PSoC5/cyfitter_cfg.c **** * Function Name: ClockSetup
 209:Generated_Source\PSoC5/cyfitter_cfg.c **** ********************************************************************************
 210:Generated_Source\PSoC5/cyfitter_cfg.c **** *
 211:Generated_Source\PSoC5/cyfitter_cfg.c **** * Summary:
 212:Generated_Source\PSoC5/cyfitter_cfg.c **** *  Performs the initialization of all of the clocks in the device based on the
 213:Generated_Source\PSoC5/cyfitter_cfg.c **** *  settings in the Clock tab of the DWR.  This includes enabling the requested
 214:Generated_Source\PSoC5/cyfitter_cfg.c **** *  clocks and setting the necessary dividers to produce the desired frequency. 
 215:Generated_Source\PSoC5/cyfitter_cfg.c **** *
 216:Generated_Source\PSoC5/cyfitter_cfg.c **** * Parameters:
ARM GAS  C:\Users\Henry\AppData\Local\Temp\ccd7ELw7.s 			page 7


 217:Generated_Source\PSoC5/cyfitter_cfg.c **** *  void
 218:Generated_Source\PSoC5/cyfitter_cfg.c **** *
 219:Generated_Source\PSoC5/cyfitter_cfg.c **** * Return:
 220:Generated_Source\PSoC5/cyfitter_cfg.c **** *  void
 221:Generated_Source\PSoC5/cyfitter_cfg.c **** *
 222:Generated_Source\PSoC5/cyfitter_cfg.c **** *******************************************************************************/
 223:Generated_Source\PSoC5/cyfitter_cfg.c **** static void ClockSetup(void);
 224:Generated_Source\PSoC5/cyfitter_cfg.c **** static void ClockSetup(void)
 225:Generated_Source\PSoC5/cyfitter_cfg.c **** {
 226:Generated_Source\PSoC5/cyfitter_cfg.c **** 	uint32 timeout;
 227:Generated_Source\PSoC5/cyfitter_cfg.c **** 	uint8 pllLock;
 228:Generated_Source\PSoC5/cyfitter_cfg.c **** 
 229:Generated_Source\PSoC5/cyfitter_cfg.c **** 
 230:Generated_Source\PSoC5/cyfitter_cfg.c **** 	/* Configure Digital Clocks based on settings from Clock DWR */
 231:Generated_Source\PSoC5/cyfitter_cfg.c **** 	CY_SET_XTND_REG16((void CYFAR *)(CYREG_CLKDIST_DCFG0_CFG0), 0x0033u);
 232:Generated_Source\PSoC5/cyfitter_cfg.c **** 	CY_SET_XTND_REG8((void CYFAR *)(CYREG_CLKDIST_DCFG0_CFG0 + 0x2u), 0x18u);
 233:Generated_Source\PSoC5/cyfitter_cfg.c **** 
 234:Generated_Source\PSoC5/cyfitter_cfg.c **** 	/* Configure ILO based on settings from Clock DWR */
 235:Generated_Source\PSoC5/cyfitter_cfg.c **** 	CY_SET_XTND_REG8((void CYFAR *)(CYREG_SLOWCLK_ILO_CR0), 0x02u);
 236:Generated_Source\PSoC5/cyfitter_cfg.c **** 	CY_SET_XTND_REG8((void CYFAR *)(CYREG_CLKDIST_CR), 0x08u);
 237:Generated_Source\PSoC5/cyfitter_cfg.c **** 
 238:Generated_Source\PSoC5/cyfitter_cfg.c **** 	/* Configure IMO based on settings from Clock DWR */
 239:Generated_Source\PSoC5/cyfitter_cfg.c **** 	CY_SET_XTND_REG8((void CYFAR *)(CYREG_FASTCLK_IMO_CR), 0x03u);
 240:Generated_Source\PSoC5/cyfitter_cfg.c **** 	CY_SET_XTND_REG8((void CYFAR *)(CYREG_IMO_TR1), (CY_GET_XTND_REG8((void CYFAR *)CYREG_FLSHID_CUST_
 241:Generated_Source\PSoC5/cyfitter_cfg.c **** 
 242:Generated_Source\PSoC5/cyfitter_cfg.c **** 	/* Configure PLL based on settings from Clock DWR */
 243:Generated_Source\PSoC5/cyfitter_cfg.c **** 	CY_SET_XTND_REG16((void CYFAR *)(CYREG_FASTCLK_PLL_P), 0x0008u);
 244:Generated_Source\PSoC5/cyfitter_cfg.c **** 	CY_SET_XTND_REG16((void CYFAR *)(CYREG_FASTCLK_PLL_CFG0), 0x1251u);
 245:Generated_Source\PSoC5/cyfitter_cfg.c **** 	/* Wait up to 250us for the PLL to lock */
 246:Generated_Source\PSoC5/cyfitter_cfg.c **** 	pllLock = 0u;
 247:Generated_Source\PSoC5/cyfitter_cfg.c **** 	for (timeout = 250u / 10u; (timeout > 0u) && (pllLock != 0x03u); timeout--)
 248:Generated_Source\PSoC5/cyfitter_cfg.c **** 	{ 
 249:Generated_Source\PSoC5/cyfitter_cfg.c **** 		pllLock = 0x03u & ((uint8)((uint8)pllLock << 1) | ((CY_GET_XTND_REG8((void CYFAR *)CYREG_FASTCLK_
 250:Generated_Source\PSoC5/cyfitter_cfg.c **** 		CyDelayCycles(10u * 48u); /* Delay 10us based on 48MHz clock */
 251:Generated_Source\PSoC5/cyfitter_cfg.c **** 	}
 252:Generated_Source\PSoC5/cyfitter_cfg.c **** 	/* If we ran out of time the PLL didn't lock so go to the error function */
 253:Generated_Source\PSoC5/cyfitter_cfg.c **** 	if (timeout == 0u)
 254:Generated_Source\PSoC5/cyfitter_cfg.c **** 	{
 255:Generated_Source\PSoC5/cyfitter_cfg.c **** 		CyClockStartupError(CYCLOCKSTART_PLL_ERROR);
 256:Generated_Source\PSoC5/cyfitter_cfg.c **** 	}
 257:Generated_Source\PSoC5/cyfitter_cfg.c **** 
 258:Generated_Source\PSoC5/cyfitter_cfg.c **** 	/* Configure Bus/Master Clock based on settings from Clock DWR */
 259:Generated_Source\PSoC5/cyfitter_cfg.c **** 	CY_SET_XTND_REG16((void CYFAR *)(CYREG_CLKDIST_MSTR0), 0x0100u);
 260:Generated_Source\PSoC5/cyfitter_cfg.c **** 	CY_SET_XTND_REG8((void CYFAR *)(CYREG_CLKDIST_MSTR0), 0x07u);
 261:Generated_Source\PSoC5/cyfitter_cfg.c **** 	CY_SET_XTND_REG8((void CYFAR *)(CYREG_CLKDIST_BCFG0), 0x00u);
 262:Generated_Source\PSoC5/cyfitter_cfg.c **** 	CY_SET_XTND_REG8((void CYFAR *)(CYREG_CLKDIST_BCFG2), 0x48u);
 263:Generated_Source\PSoC5/cyfitter_cfg.c **** 	CY_SET_XTND_REG8((void CYFAR *)(CYREG_CLKDIST_MSTR0), 0x00u);
 264:Generated_Source\PSoC5/cyfitter_cfg.c **** 	CY_SET_XTND_REG8((void CYFAR *)(CYREG_CLKDIST_LD), 0x02u);
 265:Generated_Source\PSoC5/cyfitter_cfg.c **** 
 266:Generated_Source\PSoC5/cyfitter_cfg.c **** 	CY_SET_XTND_REG8((void CYFAR *)(CYREG_PM_ACT_CFG2), ((CY_GET_XTND_REG8((void CYFAR *)CYREG_PM_ACT_
 267:Generated_Source\PSoC5/cyfitter_cfg.c **** }
 268:Generated_Source\PSoC5/cyfitter_cfg.c **** 
 269:Generated_Source\PSoC5/cyfitter_cfg.c **** 
 270:Generated_Source\PSoC5/cyfitter_cfg.c **** /* Analog API Functions */
 271:Generated_Source\PSoC5/cyfitter_cfg.c **** 
 272:Generated_Source\PSoC5/cyfitter_cfg.c **** 
 273:Generated_Source\PSoC5/cyfitter_cfg.c **** /*******************************************************************************
ARM GAS  C:\Users\Henry\AppData\Local\Temp\ccd7ELw7.s 			page 8


 274:Generated_Source\PSoC5/cyfitter_cfg.c **** * Function Name: AnalogSetDefault
 275:Generated_Source\PSoC5/cyfitter_cfg.c **** ********************************************************************************
 276:Generated_Source\PSoC5/cyfitter_cfg.c **** *
 277:Generated_Source\PSoC5/cyfitter_cfg.c **** * Summary:
 278:Generated_Source\PSoC5/cyfitter_cfg.c **** *  Sets up the analog portions of the chip to default values based on chip
 279:Generated_Source\PSoC5/cyfitter_cfg.c **** *  configuration options from the project.
 280:Generated_Source\PSoC5/cyfitter_cfg.c **** *
 281:Generated_Source\PSoC5/cyfitter_cfg.c **** * Parameters:
 282:Generated_Source\PSoC5/cyfitter_cfg.c **** *  void
 283:Generated_Source\PSoC5/cyfitter_cfg.c **** *
 284:Generated_Source\PSoC5/cyfitter_cfg.c **** * Return:
 285:Generated_Source\PSoC5/cyfitter_cfg.c **** *  void
 286:Generated_Source\PSoC5/cyfitter_cfg.c **** *
 287:Generated_Source\PSoC5/cyfitter_cfg.c **** *******************************************************************************/
 288:Generated_Source\PSoC5/cyfitter_cfg.c **** static void AnalogSetDefault(void);
 289:Generated_Source\PSoC5/cyfitter_cfg.c **** static void AnalogSetDefault(void)
 290:Generated_Source\PSoC5/cyfitter_cfg.c **** {
 124              		.loc 1 290 0
 125              		.cfi_startproc
 126              		@ args = 0, pretend = 0, frame = 0
 127              		@ frame_needed = 0, uses_anonymous_args = 0
 128              		@ link register save eliminated.
 291:Generated_Source\PSoC5/cyfitter_cfg.c **** 	uint8 bg_xover_inl_trim = CY_GET_XTND_REG8((void CYFAR *)(CYREG_FLSHID_MFG_CFG_BG_XOVER_INL_TRIM +
 129              		.loc 1 291 0
 130 0000 064B     		ldr	r3, .L10
 131 0002 1B78     		ldrb	r3, [r3]	@ zero_extendqisi2
 132 0004 DBB2     		uxtb	r3, r3
 133              	.LVL12:
 292:Generated_Source\PSoC5/cyfitter_cfg.c **** 	CY_SET_XTND_REG8((void CYFAR *)(CYREG_BG_DFT0), (bg_xover_inl_trim & 0x07u));
 134              		.loc 1 292 0
 135 0006 03F00701 		and	r1, r3, #7
 136 000a 054A     		ldr	r2, .L10+4
 137 000c 1170     		strb	r1, [r2]
 293:Generated_Source\PSoC5/cyfitter_cfg.c **** 	CY_SET_XTND_REG8((void CYFAR *)(CYREG_BG_DFT1), ((bg_xover_inl_trim >> 4) & 0x0Fu));
 138              		.loc 1 293 0
 139 000e 1B09     		lsrs	r3, r3, #4
 140              	.LVL13:
 141 0010 0132     		adds	r2, r2, #1
 142 0012 1370     		strb	r3, [r2]
 294:Generated_Source\PSoC5/cyfitter_cfg.c **** 	CY_SET_XTND_REG8((void CYFAR *)CYREG_PUMP_CR0, 0x44u);
 143              		.loc 1 294 0
 144 0014 4422     		movs	r2, #68
 145 0016 034B     		ldr	r3, .L10+8
 146 0018 1A70     		strb	r2, [r3]
 147 001a 7047     		bx	lr
 148              	.L11:
 149              		.align	2
 150              	.L10:
 151 001c CF010049 		.word	1224737231
 152 0020 6E580040 		.word	1073764462
 153 0024 76580040 		.word	1073764470
 154              		.cfi_endproc
 155              	.LFE6:
 156              		.size	AnalogSetDefault, .-AnalogSetDefault
 157              		.section	.text.CYMEMZERO,"ax",%progbits
 158              		.align	2
 159              		.thumb
ARM GAS  C:\Users\Henry\AppData\Local\Temp\ccd7ELw7.s 			page 9


 160              		.thumb_func
 161              		.type	CYMEMZERO, %function
 162              	CYMEMZERO:
 163              	.LFB0:
  78:Generated_Source\PSoC5/cyfitter_cfg.c **** 	(void)memset(s, 0, n);
 164              		.loc 1 78 0
 165              		.cfi_startproc
 166              		@ args = 0, pretend = 0, frame = 0
 167              		@ frame_needed = 0, uses_anonymous_args = 0
 168              	.LVL14:
 169 0000 08B5     		push	{r3, lr}
 170              		.cfi_def_cfa_offset 8
 171              		.cfi_offset 3, -8
 172              		.cfi_offset 14, -4
  79:Generated_Source\PSoC5/cyfitter_cfg.c **** }
 173              		.loc 1 79 0
 174 0002 0A46     		mov	r2, r1
 175 0004 0021     		movs	r1, #0
 176              	.LVL15:
 177 0006 FFF7FEFF 		bl	memset
 178              	.LVL16:
 179 000a 08BD     		pop	{r3, pc}
 180              		.cfi_endproc
 181              	.LFE0:
 182              		.size	CYMEMZERO, .-CYMEMZERO
 183              		.section	.text.ClockSetup,"ax",%progbits
 184              		.align	2
 185              		.thumb
 186              		.thumb_func
 187              		.type	ClockSetup, %function
 188              	ClockSetup:
 189              	.LFB5:
 225:Generated_Source\PSoC5/cyfitter_cfg.c **** 	uint32 timeout;
 190              		.loc 1 225 0
 191              		.cfi_startproc
 192              		@ args = 0, pretend = 0, frame = 0
 193              		@ frame_needed = 0, uses_anonymous_args = 0
 194 0000 38B5     		push	{r3, r4, r5, lr}
 195              		.cfi_def_cfa_offset 16
 196              		.cfi_offset 3, -16
 197              		.cfi_offset 4, -12
 198              		.cfi_offset 5, -8
 199              		.cfi_offset 14, -4
 231:Generated_Source\PSoC5/cyfitter_cfg.c **** 	CY_SET_XTND_REG8((void CYFAR *)(CYREG_CLKDIST_DCFG0_CFG0 + 0x2u), 0x18u);
 200              		.loc 1 231 0
 201 0002 3322     		movs	r2, #51
 202 0004 244B     		ldr	r3, .L20
 203 0006 1A80     		strh	r2, [r3]	@ movhi
 232:Generated_Source\PSoC5/cyfitter_cfg.c **** 
 204              		.loc 1 232 0
 205 0008 1822     		movs	r2, #24
 206 000a 0233     		adds	r3, r3, #2
 207 000c 1A70     		strb	r2, [r3]
 235:Generated_Source\PSoC5/cyfitter_cfg.c **** 	CY_SET_XTND_REG8((void CYFAR *)(CYREG_CLKDIST_CR), 0x08u);
 208              		.loc 1 235 0
 209 000e 0222     		movs	r2, #2
 210 0010 03F27E23 		addw	r3, r3, #638
ARM GAS  C:\Users\Henry\AppData\Local\Temp\ccd7ELw7.s 			page 10


 211 0014 1A70     		strb	r2, [r3]
 236:Generated_Source\PSoC5/cyfitter_cfg.c **** 
 212              		.loc 1 236 0
 213 0016 0822     		movs	r2, #8
 214 0018 4FF04023 		mov	r3, #1073758208
 215 001c 1A70     		strb	r2, [r3]
 239:Generated_Source\PSoC5/cyfitter_cfg.c **** 	CY_SET_XTND_REG8((void CYFAR *)(CYREG_IMO_TR1), (CY_GET_XTND_REG8((void CYFAR *)CYREG_FLSHID_CUST_
 216              		.loc 1 239 0
 217 001e 0321     		movs	r1, #3
 218 0020 03F50073 		add	r3, r3, #512
 219 0024 1970     		strb	r1, [r3]
 240:Generated_Source\PSoC5/cyfitter_cfg.c **** 
 220              		.loc 1 240 0
 221 0026 1D4B     		ldr	r3, .L20+4
 222 0028 1B78     		ldrb	r3, [r3]	@ zero_extendqisi2
 223 002a DBB2     		uxtb	r3, r3
 224 002c 1C49     		ldr	r1, .L20+8
 225 002e 0B70     		strb	r3, [r1]
 243:Generated_Source\PSoC5/cyfitter_cfg.c **** 	CY_SET_XTND_REG16((void CYFAR *)(CYREG_FASTCLK_PLL_CFG0), 0x1251u);
 226              		.loc 1 243 0
 227 0030 1C4B     		ldr	r3, .L20+12
 228 0032 1A80     		strh	r2, [r3]	@ movhi
 244:Generated_Source\PSoC5/cyfitter_cfg.c **** 	/* Wait up to 250us for the PLL to lock */
 229              		.loc 1 244 0
 230 0034 41F25122 		movw	r2, #4689
 231 0038 023B     		subs	r3, r3, #2
 232 003a 1A80     		strh	r2, [r3]	@ movhi
 233              	.LVL17:
 246:Generated_Source\PSoC5/cyfitter_cfg.c **** 	for (timeout = 250u / 10u; (timeout > 0u) && (pllLock != 0x03u); timeout--)
 234              		.loc 1 246 0
 235 003c 0024     		movs	r4, #0
 247:Generated_Source\PSoC5/cyfitter_cfg.c **** 	{ 
 236              		.loc 1 247 0
 237 003e 1925     		movs	r5, #25
 238 0040 0CE0     		b	.L15
 239              	.LVL18:
 240              	.L17:
 249:Generated_Source\PSoC5/cyfitter_cfg.c **** 		CyDelayCycles(10u * 48u); /* Delay 10us based on 48MHz clock */
 241              		.loc 1 249 0 discriminator 4
 242 0042 194B     		ldr	r3, .L20+16
 243 0044 1B78     		ldrb	r3, [r3]	@ zero_extendqisi2
 244 0046 03F00103 		and	r3, r3, #1
 245 004a 43EA4404 		orr	r4, r3, r4, lsl #1
 246              	.LVL19:
 247 004e 04F00304 		and	r4, r4, #3
 248              	.LVL20:
 250:Generated_Source\PSoC5/cyfitter_cfg.c **** 	}
 249              		.loc 1 250 0 discriminator 4
 250 0052 4FF4F070 		mov	r0, #480
 251 0056 FFF7FEFF 		bl	CyDelayCycles
 252              	.LVL21:
 247:Generated_Source\PSoC5/cyfitter_cfg.c **** 	{ 
 253              		.loc 1 247 0 discriminator 4
 254 005a 013D     		subs	r5, r5, #1
 255              	.LVL22:
 256              	.L15:
 247:Generated_Source\PSoC5/cyfitter_cfg.c **** 	{ 
ARM GAS  C:\Users\Henry\AppData\Local\Temp\ccd7ELw7.s 			page 11


 257              		.loc 1 247 0 is_stmt 0 discriminator 1
 258 005c 0DB1     		cbz	r5, .L16
 247:Generated_Source\PSoC5/cyfitter_cfg.c **** 	{ 
 259              		.loc 1 247 0 discriminator 3
 260 005e 032C     		cmp	r4, #3
 261 0060 EFD1     		bne	.L17
 262              	.L16:
 253:Generated_Source\PSoC5/cyfitter_cfg.c **** 	{
 263              		.loc 1 253 0 is_stmt 1
 264 0062 15B9     		cbnz	r5, .L18
 255:Generated_Source\PSoC5/cyfitter_cfg.c **** 	}
 265              		.loc 1 255 0
 266 0064 0320     		movs	r0, #3
 267 0066 FFF7FEFF 		bl	CyClockStartupError
 268              	.LVL23:
 269              	.L18:
 259:Generated_Source\PSoC5/cyfitter_cfg.c **** 	CY_SET_XTND_REG8((void CYFAR *)(CYREG_CLKDIST_MSTR0), 0x07u);
 270              		.loc 1 259 0
 271 006a 104B     		ldr	r3, .L20+20
 272 006c 4FF48072 		mov	r2, #256
 273 0070 1A80     		strh	r2, [r3]	@ movhi
 260:Generated_Source\PSoC5/cyfitter_cfg.c **** 	CY_SET_XTND_REG8((void CYFAR *)(CYREG_CLKDIST_BCFG0), 0x00u);
 274              		.loc 1 260 0
 275 0072 0722     		movs	r2, #7
 276 0074 1A70     		strb	r2, [r3]
 261:Generated_Source\PSoC5/cyfitter_cfg.c **** 	CY_SET_XTND_REG8((void CYFAR *)(CYREG_CLKDIST_BCFG2), 0x48u);
 277              		.loc 1 261 0
 278 0076 0022     		movs	r2, #0
 279 0078 0D49     		ldr	r1, .L20+24
 280 007a 0A70     		strb	r2, [r1]
 262:Generated_Source\PSoC5/cyfitter_cfg.c **** 	CY_SET_XTND_REG8((void CYFAR *)(CYREG_CLKDIST_MSTR0), 0x00u);
 281              		.loc 1 262 0
 282 007c 4820     		movs	r0, #72
 283 007e 0231     		adds	r1, r1, #2
 284 0080 0870     		strb	r0, [r1]
 263:Generated_Source\PSoC5/cyfitter_cfg.c **** 	CY_SET_XTND_REG8((void CYFAR *)(CYREG_CLKDIST_LD), 0x02u);
 285              		.loc 1 263 0
 286 0082 1A70     		strb	r2, [r3]
 264:Generated_Source\PSoC5/cyfitter_cfg.c **** 
 287              		.loc 1 264 0
 288 0084 0222     		movs	r2, #2
 289 0086 033B     		subs	r3, r3, #3
 290 0088 1A70     		strb	r2, [r3]
 266:Generated_Source\PSoC5/cyfitter_cfg.c **** }
 291              		.loc 1 266 0
 292 008a 0A4A     		ldr	r2, .L20+28
 293 008c 1378     		ldrb	r3, [r2]	@ zero_extendqisi2
 294 008e 43F00103 		orr	r3, r3, #1
 295 0092 1370     		strb	r3, [r2]
 296 0094 38BD     		pop	{r3, r4, r5, pc}
 297              	.LVL24:
 298              	.L21:
 299 0096 00BF     		.align	2
 300              	.L20:
 301 0098 80400040 		.word	1073758336
 302 009c 08010049 		.word	1224737032
 303 00a0 A1460040 		.word	1073759905
ARM GAS  C:\Users\Henry\AppData\Local\Temp\ccd7ELw7.s 			page 12


 304 00a4 22420040 		.word	1073758754
 305 00a8 25420040 		.word	1073758757
 306 00ac 04400040 		.word	1073758212
 307 00b0 06400040 		.word	1073758214
 308 00b4 A2430040 		.word	1073759138
 309              		.cfi_endproc
 310              	.LFE5:
 311              		.size	ClockSetup, .-ClockSetup
 312              		.section	.text.CYCONFIGCPY,"ax",%progbits
 313              		.align	2
 314              		.thumb
 315              		.thumb_func
 316              		.type	CYCONFIGCPY, %function
 317              	CYCONFIGCPY:
 318              	.LFB1:
  85:Generated_Source\PSoC5/cyfitter_cfg.c **** 	(void)memcpy(dest, src, n);
 319              		.loc 1 85 0
 320              		.cfi_startproc
 321              		@ args = 0, pretend = 0, frame = 0
 322              		@ frame_needed = 0, uses_anonymous_args = 0
 323              	.LVL25:
 324 0000 08B5     		push	{r3, lr}
 325              		.cfi_def_cfa_offset 8
 326              		.cfi_offset 3, -8
 327              		.cfi_offset 14, -4
  86:Generated_Source\PSoC5/cyfitter_cfg.c **** }
 328              		.loc 1 86 0
 329 0002 FFF7FEFF 		bl	memcpy
 330              	.LVL26:
 331 0006 08BD     		pop	{r3, pc}
 332              		.cfi_endproc
 333              	.LFE1:
 334              		.size	CYCONFIGCPY, .-CYCONFIGCPY
 335              		.section	.text.SetAnalogRoutingPumps,"ax",%progbits
 336              		.align	2
 337              		.global	SetAnalogRoutingPumps
 338              		.thumb
 339              		.thumb_func
 340              		.type	SetAnalogRoutingPumps, %function
 341              	SetAnalogRoutingPumps:
 342              	.LFB7:
 295:Generated_Source\PSoC5/cyfitter_cfg.c **** }
 296:Generated_Source\PSoC5/cyfitter_cfg.c **** 
 297:Generated_Source\PSoC5/cyfitter_cfg.c **** 
 298:Generated_Source\PSoC5/cyfitter_cfg.c **** /*******************************************************************************
 299:Generated_Source\PSoC5/cyfitter_cfg.c **** * Function Name: SetAnalogRoutingPumps
 300:Generated_Source\PSoC5/cyfitter_cfg.c **** ********************************************************************************
 301:Generated_Source\PSoC5/cyfitter_cfg.c **** *
 302:Generated_Source\PSoC5/cyfitter_cfg.c **** * Summary:
 303:Generated_Source\PSoC5/cyfitter_cfg.c **** * Enables or disables the analog pumps feeding analog routing switches.
 304:Generated_Source\PSoC5/cyfitter_cfg.c **** * Intended to be called at startup, based on the Vdda system configuration;
 305:Generated_Source\PSoC5/cyfitter_cfg.c **** * may be called during operation when the user informs us that the Vdda voltage
 306:Generated_Source\PSoC5/cyfitter_cfg.c **** * crossed the pump threshold.
 307:Generated_Source\PSoC5/cyfitter_cfg.c **** *
 308:Generated_Source\PSoC5/cyfitter_cfg.c **** * Parameters:
 309:Generated_Source\PSoC5/cyfitter_cfg.c **** *  enabled - 1 to enable the pumps, 0 to disable the pumps
 310:Generated_Source\PSoC5/cyfitter_cfg.c **** *
ARM GAS  C:\Users\Henry\AppData\Local\Temp\ccd7ELw7.s 			page 13


 311:Generated_Source\PSoC5/cyfitter_cfg.c **** * Return:
 312:Generated_Source\PSoC5/cyfitter_cfg.c **** *  void
 313:Generated_Source\PSoC5/cyfitter_cfg.c **** *
 314:Generated_Source\PSoC5/cyfitter_cfg.c **** *******************************************************************************/
 315:Generated_Source\PSoC5/cyfitter_cfg.c **** void SetAnalogRoutingPumps(uint8 enabled)
 316:Generated_Source\PSoC5/cyfitter_cfg.c **** {
 343              		.loc 1 316 0
 344              		.cfi_startproc
 345              		@ args = 0, pretend = 0, frame = 0
 346              		@ frame_needed = 0, uses_anonymous_args = 0
 347              		@ link register save eliminated.
 348              	.LVL27:
 317:Generated_Source\PSoC5/cyfitter_cfg.c **** 	uint8 regValue = CY_GET_XTND_REG8((void CYFAR *)CYREG_PUMP_CR0);
 349              		.loc 1 317 0
 350 0000 024A     		ldr	r2, .L25
 351 0002 1378     		ldrb	r3, [r2]	@ zero_extendqisi2
 352 0004 DBB2     		uxtb	r3, r3
 353              	.LVL28:
 318:Generated_Source\PSoC5/cyfitter_cfg.c **** 	if (enabled != 0u)
 319:Generated_Source\PSoC5/cyfitter_cfg.c **** 	{
 320:Generated_Source\PSoC5/cyfitter_cfg.c **** 		regValue |= 0x00u;
 321:Generated_Source\PSoC5/cyfitter_cfg.c **** 	}
 322:Generated_Source\PSoC5/cyfitter_cfg.c **** 	else
 323:Generated_Source\PSoC5/cyfitter_cfg.c **** 	{
 324:Generated_Source\PSoC5/cyfitter_cfg.c **** 		regValue &= (uint8)~0x00u;
 325:Generated_Source\PSoC5/cyfitter_cfg.c **** 	}
 326:Generated_Source\PSoC5/cyfitter_cfg.c **** 	CY_SET_XTND_REG8((void CYFAR *)CYREG_PUMP_CR0, regValue);
 354              		.loc 1 326 0
 355 0006 1370     		strb	r3, [r2]
 356 0008 7047     		bx	lr
 357              	.L26:
 358 000a 00BF     		.align	2
 359              	.L25:
 360 000c 76580040 		.word	1073764470
 361              		.cfi_endproc
 362              	.LFE7:
 363              		.size	SetAnalogRoutingPumps, .-SetAnalogRoutingPumps
 364              		.section	.text.cyfitter_cfg,"ax",%progbits
 365              		.align	2
 366              		.global	cyfitter_cfg
 367              		.thumb
 368              		.thumb_func
 369              		.type	cyfitter_cfg, %function
 370              	cyfitter_cfg:
 371              	.LFB8:
 327:Generated_Source\PSoC5/cyfitter_cfg.c **** }
 328:Generated_Source\PSoC5/cyfitter_cfg.c **** 
 329:Generated_Source\PSoC5/cyfitter_cfg.c **** 
 330:Generated_Source\PSoC5/cyfitter_cfg.c **** 
 331:Generated_Source\PSoC5/cyfitter_cfg.c **** 
 332:Generated_Source\PSoC5/cyfitter_cfg.c **** /*******************************************************************************
 333:Generated_Source\PSoC5/cyfitter_cfg.c **** * Function Name: cyfitter_cfg
 334:Generated_Source\PSoC5/cyfitter_cfg.c **** ********************************************************************************
 335:Generated_Source\PSoC5/cyfitter_cfg.c **** * Summary:
 336:Generated_Source\PSoC5/cyfitter_cfg.c **** *  This function is called by the start-up code for the selected device. It
 337:Generated_Source\PSoC5/cyfitter_cfg.c **** *  performs all of the necessary device configuration based on the design
 338:Generated_Source\PSoC5/cyfitter_cfg.c **** *  settings.  This includes settings from the Design Wide Resources (DWR) such
ARM GAS  C:\Users\Henry\AppData\Local\Temp\ccd7ELw7.s 			page 14


 339:Generated_Source\PSoC5/cyfitter_cfg.c **** *  as Clocks and Pins as well as any component configuration that is necessary.
 340:Generated_Source\PSoC5/cyfitter_cfg.c **** *
 341:Generated_Source\PSoC5/cyfitter_cfg.c **** * Parameters:
 342:Generated_Source\PSoC5/cyfitter_cfg.c **** *   void
 343:Generated_Source\PSoC5/cyfitter_cfg.c **** *
 344:Generated_Source\PSoC5/cyfitter_cfg.c **** * Return:
 345:Generated_Source\PSoC5/cyfitter_cfg.c **** *   void
 346:Generated_Source\PSoC5/cyfitter_cfg.c **** *
 347:Generated_Source\PSoC5/cyfitter_cfg.c **** *******************************************************************************/
 348:Generated_Source\PSoC5/cyfitter_cfg.c **** 
 349:Generated_Source\PSoC5/cyfitter_cfg.c **** void cyfitter_cfg(void)
 350:Generated_Source\PSoC5/cyfitter_cfg.c **** {
 372              		.loc 1 350 0
 373              		.cfi_startproc
 374              		@ args = 0, pretend = 0, frame = 0
 375              		@ frame_needed = 0, uses_anonymous_args = 0
 376 0000 38B5     		push	{r3, r4, r5, lr}
 377              		.cfi_def_cfa_offset 16
 378              		.cfi_offset 3, -16
 379              		.cfi_offset 4, -12
 380              		.cfi_offset 5, -8
 381              		.cfi_offset 14, -4
 351:Generated_Source\PSoC5/cyfitter_cfg.c **** #ifdef CYGlobalIntDisable
 352:Generated_Source\PSoC5/cyfitter_cfg.c **** 	/* Disable interrupts by default. Let user enable if/when they want. */
 353:Generated_Source\PSoC5/cyfitter_cfg.c **** 	CYGlobalIntDisable
 382              		.loc 1 353 0
 383              		.syntax unified
 384              	@ 353 "Generated_Source\PSoC5\cyfitter_cfg.c" 1
 385 0002 72B6     		CPSID   i
 386              	@ 0 "" 2
 354:Generated_Source\PSoC5/cyfitter_cfg.c **** #endif
 355:Generated_Source\PSoC5/cyfitter_cfg.c **** 
 356:Generated_Source\PSoC5/cyfitter_cfg.c **** 	/* Enable/Disable Debug functionality based on settings from System DWR */
 357:Generated_Source\PSoC5/cyfitter_cfg.c **** 	CY_SET_XTND_REG8((void CYFAR *)CYREG_MLOGIC_DEBUG, (CY_GET_XTND_REG8((void CYFAR *)CYREG_MLOGIC_DE
 387              		.loc 1 357 0
 388              		.thumb
 389              		.syntax unified
 390 0004 334A     		ldr	r2, .L33
 391 0006 1378     		ldrb	r3, [r2]	@ zero_extendqisi2
 392 0008 43F00403 		orr	r3, r3, #4
 393 000c 1370     		strb	r3, [r2]
 394              	.LVL29:
 395              	.LBB3:
 358:Generated_Source\PSoC5/cyfitter_cfg.c **** 
 359:Generated_Source\PSoC5/cyfitter_cfg.c **** 	{
 360:Generated_Source\PSoC5/cyfitter_cfg.c **** 
 361:Generated_Source\PSoC5/cyfitter_cfg.c **** 		CYPACKED typedef struct {
 362:Generated_Source\PSoC5/cyfitter_cfg.c **** 			void CYFAR *address;
 363:Generated_Source\PSoC5/cyfitter_cfg.c **** 			uint16 size;
 364:Generated_Source\PSoC5/cyfitter_cfg.c **** 		} CYPACKED_ATTR cfg_memset_t;
 365:Generated_Source\PSoC5/cyfitter_cfg.c **** 
 366:Generated_Source\PSoC5/cyfitter_cfg.c **** 
 367:Generated_Source\PSoC5/cyfitter_cfg.c **** 		CYPACKED typedef struct {
 368:Generated_Source\PSoC5/cyfitter_cfg.c **** 			void CYFAR *dest;
 369:Generated_Source\PSoC5/cyfitter_cfg.c **** 			const void CYFAR *src;
 370:Generated_Source\PSoC5/cyfitter_cfg.c **** 			uint16 size;
 371:Generated_Source\PSoC5/cyfitter_cfg.c **** 		} CYPACKED_ATTR cfg_memcpy_t;
ARM GAS  C:\Users\Henry\AppData\Local\Temp\ccd7ELw7.s 			page 15


 372:Generated_Source\PSoC5/cyfitter_cfg.c **** 
 373:Generated_Source\PSoC5/cyfitter_cfg.c **** 		static const cfg_memset_t CYCODE cfg_memset_list[] = {
 374:Generated_Source\PSoC5/cyfitter_cfg.c **** 			/* address, size */
 375:Generated_Source\PSoC5/cyfitter_cfg.c **** 			{(void CYFAR *)(CYREG_PRT3_DR), 64u},
 376:Generated_Source\PSoC5/cyfitter_cfg.c **** 			{(void CYFAR *)(CYREG_PRT12_DR), 16u},
 377:Generated_Source\PSoC5/cyfitter_cfg.c **** 			{(void CYFAR *)(CYREG_PRT15_DR), 16u},
 378:Generated_Source\PSoC5/cyfitter_cfg.c **** 			{(void CYFAR *)(CYDEV_UCFG_B0_P0_U0_BASE), 128u},
 379:Generated_Source\PSoC5/cyfitter_cfg.c **** 			{(void CYFAR *)(CYDEV_UCFG_B0_P0_ROUTE_BASE), 3840u},
 380:Generated_Source\PSoC5/cyfitter_cfg.c **** 			{(void CYFAR *)(CYDEV_UCFG_B1_P2_U0_BASE), 2048u},
 381:Generated_Source\PSoC5/cyfitter_cfg.c **** 			{(void CYFAR *)(CYDEV_UCFG_DSI0_BASE), 2560u},
 382:Generated_Source\PSoC5/cyfitter_cfg.c **** 			{(void CYFAR *)(CYDEV_UCFG_DSI12_BASE), 512u},
 383:Generated_Source\PSoC5/cyfitter_cfg.c **** 			{(void CYFAR *)(CYREG_BCTL0_MDCLK_EN), 32u},
 384:Generated_Source\PSoC5/cyfitter_cfg.c **** 		};
 385:Generated_Source\PSoC5/cyfitter_cfg.c **** 
 386:Generated_Source\PSoC5/cyfitter_cfg.c **** 		static const cfg_memcpy_t CYCODE cfg_memcpy_list [] = {
 387:Generated_Source\PSoC5/cyfitter_cfg.c **** 			/* dest, src, size */
 388:Generated_Source\PSoC5/cyfitter_cfg.c **** 			{(void CYFAR *)(CYDEV_UCFG_B0_P0_U1_BASE), BS_UDB_1_5_1_CONFIG_VAL, 128u},
 389:Generated_Source\PSoC5/cyfitter_cfg.c **** 		};
 390:Generated_Source\PSoC5/cyfitter_cfg.c **** 
 391:Generated_Source\PSoC5/cyfitter_cfg.c **** 		uint8 CYDATA i;
 392:Generated_Source\PSoC5/cyfitter_cfg.c **** 
 393:Generated_Source\PSoC5/cyfitter_cfg.c **** 		/* Zero out critical memory blocks before beginning configuration */
 394:Generated_Source\PSoC5/cyfitter_cfg.c **** 		for (i = 0u; i < (sizeof(cfg_memset_list)/sizeof(cfg_memset_list[0])); i++)
 396              		.loc 1 394 0
 397 000e 0024     		movs	r4, #0
 398 0010 0CE0     		b	.L28
 399              	.LVL30:
 400              	.L29:
 401              	.LBB4:
 395:Generated_Source\PSoC5/cyfitter_cfg.c **** 		{
 396:Generated_Source\PSoC5/cyfitter_cfg.c **** 			const cfg_memset_t CYCODE * CYDATA ms = &cfg_memset_list[i];
 397:Generated_Source\PSoC5/cyfitter_cfg.c **** 			CYMEMZERO(ms->address, (size_t)(uint32)(ms->size));
 402              		.loc 1 397 0 discriminator 3
 403 0012 314D     		ldr	r5, .L33+4
 404 0014 6300     		lsls	r3, r4, #1
 405 0016 1919     		adds	r1, r3, r4
 406 0018 4A00     		lsls	r2, r1, #1
 407 001a 1146     		mov	r1, r2
 408 001c 2A44     		add	r2, r2, r5
 409 001e 0846     		mov	r0, r1
 410 0020 9188     		ldrh	r1, [r2, #4]
 411 0022 2858     		ldr	r0, [r5, r0]	@ unaligned
 412 0024 FFF7FEFF 		bl	CYMEMZERO
 413              	.LVL31:
 414              	.LBE4:
 394:Generated_Source\PSoC5/cyfitter_cfg.c **** 		{
 415              		.loc 1 394 0 discriminator 3
 416 0028 0134     		adds	r4, r4, #1
 417              	.LVL32:
 418 002a E4B2     		uxtb	r4, r4
 419              	.LVL33:
 420              	.L28:
 394:Generated_Source\PSoC5/cyfitter_cfg.c **** 		{
 421              		.loc 1 394 0 is_stmt 0 discriminator 1
 422 002c 082C     		cmp	r4, #8
 423 002e F0D9     		bls	.L29
 424 0030 0024     		movs	r4, #0
ARM GAS  C:\Users\Henry\AppData\Local\Temp\ccd7ELw7.s 			page 16


 425              	.LVL34:
 426 0032 0BE0     		b	.L30
 427              	.LVL35:
 428              	.L31:
 429              	.LBB5:
 398:Generated_Source\PSoC5/cyfitter_cfg.c **** 		}
 399:Generated_Source\PSoC5/cyfitter_cfg.c **** 
 400:Generated_Source\PSoC5/cyfitter_cfg.c **** 		/* Copy device configuration data into registers */
 401:Generated_Source\PSoC5/cyfitter_cfg.c **** 		for (i = 0u; i < (sizeof(cfg_memcpy_list)/sizeof(cfg_memcpy_list[0])); i++)
 402:Generated_Source\PSoC5/cyfitter_cfg.c **** 		{
 403:Generated_Source\PSoC5/cyfitter_cfg.c **** 			const cfg_memcpy_t CYCODE * CYDATA mc = &cfg_memcpy_list[i];
 404:Generated_Source\PSoC5/cyfitter_cfg.c **** 			void * CYDATA destPtr = mc->dest;
 430              		.loc 1 404 0 is_stmt 1 discriminator 3
 431 0034 2849     		ldr	r1, .L33+4
 432 0036 A300     		lsls	r3, r4, #2
 433 0038 1819     		adds	r0, r3, r4
 434 003a 4200     		lsls	r2, r0, #1
 435 003c 8818     		adds	r0, r1, r2
 436              	.LVL36:
 405:Generated_Source\PSoC5/cyfitter_cfg.c **** 			const void * CYDATA srcPtr = mc->src;
 406:Generated_Source\PSoC5/cyfitter_cfg.c **** 			uint16 CYDATA numBytes = mc->size;
 407:Generated_Source\PSoC5/cyfitter_cfg.c **** 			CYCONFIGCPY(destPtr, srcPtr, numBytes);
 437              		.loc 1 407 0 discriminator 3
 438 003e 8022     		movs	r2, #128
 439 0040 C16B     		ldr	r1, [r0, #60]	@ unaligned
 440              	.LVL37:
 441 0042 806B     		ldr	r0, [r0, #56]	@ unaligned
 442              	.LVL38:
 443 0044 FFF7FEFF 		bl	CYCONFIGCPY
 444              	.LVL39:
 445              	.LBE5:
 401:Generated_Source\PSoC5/cyfitter_cfg.c **** 		{
 446              		.loc 1 401 0 discriminator 3
 447 0048 0134     		adds	r4, r4, #1
 448              	.LVL40:
 449 004a E4B2     		uxtb	r4, r4
 450              	.LVL41:
 451              	.L30:
 401:Generated_Source\PSoC5/cyfitter_cfg.c **** 		{
 452              		.loc 1 401 0 is_stmt 0 discriminator 1
 453 004c 002C     		cmp	r4, #0
 454 004e F1D0     		beq	.L31
 408:Generated_Source\PSoC5/cyfitter_cfg.c **** 		}
 409:Generated_Source\PSoC5/cyfitter_cfg.c **** 
 410:Generated_Source\PSoC5/cyfitter_cfg.c **** 		cfg_write_bytes32(cy_cfg_addr_table, cy_cfg_data_table);
 455              		.loc 1 410 0 is_stmt 1
 456 0050 2249     		ldr	r1, .L33+8
 457 0052 4FF09040 		mov	r0, #1207959552
 458 0056 FFF7FEFF 		bl	cfg_write_bytes32
 459              	.LVL42:
 411:Generated_Source\PSoC5/cyfitter_cfg.c **** 
 412:Generated_Source\PSoC5/cyfitter_cfg.c **** 		/* Enable digital routing */
 413:Generated_Source\PSoC5/cyfitter_cfg.c **** 		CY_SET_XTND_REG8((void CYFAR *)CYREG_BCTL0_BANK_CTL, CY_GET_XTND_REG8((void CYFAR *)CYREG_BCTL0_B
 460              		.loc 1 413 0
 461 005a 214A     		ldr	r2, .L33+12
 462 005c 1378     		ldrb	r3, [r2]	@ zero_extendqisi2
 463 005e 43F00203 		orr	r3, r3, #2
ARM GAS  C:\Users\Henry\AppData\Local\Temp\ccd7ELw7.s 			page 17


 464 0062 1370     		strb	r3, [r2]
 414:Generated_Source\PSoC5/cyfitter_cfg.c **** 		CY_SET_XTND_REG8((void CYFAR *)CYREG_BCTL1_BANK_CTL, CY_GET_XTND_REG8((void CYFAR *)CYREG_BCTL1_B
 465              		.loc 1 414 0
 466 0064 1032     		adds	r2, r2, #16
 467 0066 1378     		ldrb	r3, [r2]	@ zero_extendqisi2
 468 0068 43F00203 		orr	r3, r3, #2
 469 006c 1370     		strb	r3, [r2]
 415:Generated_Source\PSoC5/cyfitter_cfg.c **** 
 416:Generated_Source\PSoC5/cyfitter_cfg.c **** 		/* Enable UDB array */
 417:Generated_Source\PSoC5/cyfitter_cfg.c **** 		CY_SET_XTND_REG8((void CYFAR *)CYREG_PM_ACT_CFG0, CY_GET_XTND_REG8((void CYFAR *)CYREG_PM_ACT_CFG
 470              		.loc 1 417 0
 471 006e 1D4C     		ldr	r4, .L33+16
 472              	.LVL43:
 473 0070 2378     		ldrb	r3, [r4]	@ zero_extendqisi2
 474 0072 43F04003 		orr	r3, r3, #64
 475 0076 2370     		strb	r3, [r4]
 418:Generated_Source\PSoC5/cyfitter_cfg.c **** 		CY_SET_XTND_REG8((void CYFAR *)CYREG_PM_AVAIL_CR2, CY_GET_XTND_REG8((void CYFAR *)CYREG_PM_AVAIL_
 476              		.loc 1 418 0
 477 0078 A2F58632 		sub	r2, r2, #68608
 478 007c 513A     		subs	r2, r2, #81
 479 007e 1378     		ldrb	r3, [r2]	@ zero_extendqisi2
 480 0080 43F01003 		orr	r3, r3, #16
 481 0084 1370     		strb	r3, [r2]
 482              	.LBE3:
 419:Generated_Source\PSoC5/cyfitter_cfg.c **** 	}
 420:Generated_Source\PSoC5/cyfitter_cfg.c **** 
 421:Generated_Source\PSoC5/cyfitter_cfg.c **** 
 422:Generated_Source\PSoC5/cyfitter_cfg.c **** 	/* Perform second pass device configuration. These items must be configured in specific order afte
 423:Generated_Source\PSoC5/cyfitter_cfg.c **** 	CYCONFIGCPY((void CYFAR *)(CYREG_PRT0_DR), (const void CYFAR *)(BS_IOPINS0_0_VAL), 10u);
 483              		.loc 1 423 0
 484 0086 0A22     		movs	r2, #10
 485 0088 1749     		ldr	r1, .L33+20
 486 008a 1848     		ldr	r0, .L33+24
 487 008c FFF7FEFF 		bl	CYCONFIGCPY
 488              	.LVL44:
 424:Generated_Source\PSoC5/cyfitter_cfg.c **** 	CYCONFIGCPY((void CYFAR *)(CYREG_PRT1_DM0), (const void CYFAR *)(BS_IOPINS0_1_VAL), 8u);
 489              		.loc 1 424 0
 490 0090 0822     		movs	r2, #8
 491 0092 1749     		ldr	r1, .L33+28
 492 0094 1748     		ldr	r0, .L33+32
 493 0096 FFF7FEFF 		bl	CYCONFIGCPY
 494              	.LVL45:
 425:Generated_Source\PSoC5/cyfitter_cfg.c **** 	CYCONFIGCPY((void CYFAR *)(CYREG_PRT2_DM0), (const void CYFAR *)(BS_IOPINS0_2_VAL), 8u);
 495              		.loc 1 425 0
 496 009a 0822     		movs	r2, #8
 497 009c 1649     		ldr	r1, .L33+36
 498 009e 1748     		ldr	r0, .L33+40
 499 00a0 FFF7FEFF 		bl	CYCONFIGCPY
 500              	.LVL46:
 426:Generated_Source\PSoC5/cyfitter_cfg.c **** 	/* Switch Boost to the precision bandgap reference from its internal reference */
 427:Generated_Source\PSoC5/cyfitter_cfg.c **** 	CY_SET_REG8((void CYXDATA *)CYREG_BOOST_CR2, (CY_GET_REG8((void CYXDATA *)CYREG_BOOST_CR2) | 0x08u
 501              		.loc 1 427 0
 502 00a4 164A     		ldr	r2, .L33+44
 503 00a6 1378     		ldrb	r3, [r2]	@ zero_extendqisi2
 504 00a8 43F00803 		orr	r3, r3, #8
 505 00ac 1370     		strb	r3, [r2]
 428:Generated_Source\PSoC5/cyfitter_cfg.c **** 
ARM GAS  C:\Users\Henry\AppData\Local\Temp\ccd7ELw7.s 			page 18


 429:Generated_Source\PSoC5/cyfitter_cfg.c **** 	/* Set Flash Cycles based on max possible frequency in case a glitch occurs during ClockSetup(). *
 430:Generated_Source\PSoC5/cyfitter_cfg.c **** 	CY_SET_XTND_REG8((void CYFAR *)(CYREG_CACHE_CC_CTL), (((CYDEV_INSTRUCT_CACHE_ENABLED) != 0) ? 0x61
 506              		.loc 1 430 0
 507 00ae 154D     		ldr	r5, .L33+48
 508 00b0 6123     		movs	r3, #97
 509 00b2 2B70     		strb	r3, [r5]
 431:Generated_Source\PSoC5/cyfitter_cfg.c **** 	/* Setup clocks based on selections from Clock DWR */
 432:Generated_Source\PSoC5/cyfitter_cfg.c **** 	ClockSetup();
 510              		.loc 1 432 0
 511 00b4 FFF7FEFF 		bl	ClockSetup
 512              	.LVL47:
 433:Generated_Source\PSoC5/cyfitter_cfg.c **** 	/* Set Flash Cycles based on newly configured 24.00MHz Bus Clock. */
 434:Generated_Source\PSoC5/cyfitter_cfg.c **** 	CY_SET_XTND_REG8((void CYFAR *)(CYREG_CACHE_CC_CTL), (((CYDEV_INSTRUCT_CACHE_ENABLED) != 0) ? 0x81
 513              		.loc 1 434 0
 514 00b8 8123     		movs	r3, #129
 515 00ba 2B70     		strb	r3, [r5]
 435:Generated_Source\PSoC5/cyfitter_cfg.c **** 	CY_SET_XTND_REG8((void CYFAR *)(CYREG_PANTHER_WAITPIPE), 0x01u);
 516              		.loc 1 435 0
 517 00bc 0122     		movs	r2, #1
 518 00be 124B     		ldr	r3, .L33+52
 519 00c0 1A70     		strb	r2, [r3]
 436:Generated_Source\PSoC5/cyfitter_cfg.c **** 
 437:Generated_Source\PSoC5/cyfitter_cfg.c **** 	/* Perform basic analog initialization to defaults */
 438:Generated_Source\PSoC5/cyfitter_cfg.c **** 	AnalogSetDefault();
 520              		.loc 1 438 0
 521 00c2 FFF7FEFF 		bl	AnalogSetDefault
 522              	.LVL48:
 439:Generated_Source\PSoC5/cyfitter_cfg.c **** 
 440:Generated_Source\PSoC5/cyfitter_cfg.c **** 	/* Configure alternate active mode */
 441:Generated_Source\PSoC5/cyfitter_cfg.c **** 	CYCONFIGCPY((void CYFAR *)CYDEV_PM_STBY_BASE, (const void CYFAR *)CYDEV_PM_ACT_BASE, 14u);
 523              		.loc 1 441 0
 524 00c6 0E22     		movs	r2, #14
 525 00c8 2146     		mov	r1, r4
 526 00ca 1048     		ldr	r0, .L33+56
 527 00cc FFF7FEFF 		bl	CYCONFIGCPY
 528              	.LVL49:
 529 00d0 38BD     		pop	{r3, r4, r5, pc}
 530              	.L34:
 531 00d2 00BF     		.align	2
 532              	.L33:
 533 00d4 E8460040 		.word	1073759976
 534 00d8 00000000 		.word	.LANCHOR0
 535 00dc 30000048 		.word	1207959600
 536 00e0 03500140 		.word	1073827843
 537 00e4 A0430040 		.word	1073759136
 538 00e8 F0020048 		.word	1207960304
 539 00ec 00510040 		.word	1073762560
 540 00f0 FC020048 		.word	1207960316
 541 00f4 12510040 		.word	1073762578
 542 00f8 04030048 		.word	1207960324
 543 00fc 22510040 		.word	1073762594
 544 0100 22430040 		.word	1073759010
 545 0104 00480040 		.word	1073760256
 546 0108 04000840 		.word	1074266116
 547 010c B0430040 		.word	1073759152
 548              		.cfi_endproc
 549              	.LFE8:
ARM GAS  C:\Users\Henry\AppData\Local\Temp\ccd7ELw7.s 			page 19


 550              		.size	cyfitter_cfg, .-cyfitter_cfg
 551              		.section	.rodata
 552              		.align	2
 553              		.set	.LANCHOR0,. + 0
 554              		.type	cfg_memset_list.5018, %object
 555              		.size	cfg_memset_list.5018, 54
 556              	cfg_memset_list.5018:
 557 0000 30510040 		.word	1073762608
 558 0004 4000     		.short	64
 559 0006 C0510040 		.4byte	1073762752
 560 000a 1000     		.short	16
 561 000c F0510040 		.word	1073762800
 562 0010 1000     		.short	16
 563 0012 00000140 		.4byte	1073807360
 564 0016 8000     		.short	128
 565 0018 00010140 		.word	1073807616
 566 001c 000F     		.short	3840
 567 001e 00140140 		.4byte	1073812480
 568 0022 0008     		.short	2048
 569 0024 00400140 		.word	1073823744
 570 0028 000A     		.short	2560
 571 002a 004C0140 		.4byte	1073826816
 572 002e 0002     		.short	512
 573 0030 00500140 		.word	1073827840
 574 0034 2000     		.short	32
 575 0036 0000     		.space	2
 576              		.type	cfg_memcpy_list.5019, %object
 577              		.size	cfg_memcpy_list.5019, 10
 578              	cfg_memcpy_list.5019:
 579 0038 80000140 		.word	1073807488
 580 003c 70020048 		.word	1207960176
 581 0040 8000     		.short	128
 582              		.text
 583              	.Letext0:
 584              		.file 2 "c:\\program files (x86)\\cypress\\psoc creator\\4.4\\psoc creator\\import\\gnu\\arm\\5.4.
 585              		.file 3 "Generated_Source\\PSoC5\\cytypes.h"
 586              		.file 4 "Generated_Source\\PSoC5\\CyLib.h"
 587              		.section	.debug_info,"",%progbits
 588              	.Ldebug_info0:
 589 0000 91050000 		.4byte	0x591
 590 0004 0400     		.2byte	0x4
 591 0006 00000000 		.4byte	.Ldebug_abbrev0
 592 000a 04       		.byte	0x4
 593 000b 01       		.uleb128 0x1
 594 000c 0A020000 		.4byte	.LASF52
 595 0010 0C       		.byte	0xc
 596 0011 F7020000 		.4byte	.LASF53
 597 0015 48010000 		.4byte	.LASF54
 598 0019 00000000 		.4byte	.Ldebug_ranges0+0
 599 001d 00000000 		.4byte	0
 600 0021 00000000 		.4byte	.Ldebug_line0
 601 0025 02       		.uleb128 0x2
 602 0026 04       		.byte	0x4
 603 0027 05       		.byte	0x5
 604 0028 696E7400 		.ascii	"int\000"
 605 002c 03       		.uleb128 0x3
 606 002d 16000000 		.4byte	.LASF12
ARM GAS  C:\Users\Henry\AppData\Local\Temp\ccd7ELw7.s 			page 20


 607 0031 02       		.byte	0x2
 608 0032 D8       		.byte	0xd8
 609 0033 37000000 		.4byte	0x37
 610 0037 04       		.uleb128 0x4
 611 0038 04       		.byte	0x4
 612 0039 07       		.byte	0x7
 613 003a F3000000 		.4byte	.LASF0
 614 003e 04       		.uleb128 0x4
 615 003f 08       		.byte	0x8
 616 0040 05       		.byte	0x5
 617 0041 6F000000 		.4byte	.LASF1
 618 0045 04       		.uleb128 0x4
 619 0046 08       		.byte	0x8
 620 0047 04       		.byte	0x4
 621 0048 91010000 		.4byte	.LASF2
 622 004c 04       		.uleb128 0x4
 623 004d 01       		.byte	0x1
 624 004e 06       		.byte	0x6
 625 004f 7D000000 		.4byte	.LASF3
 626 0053 04       		.uleb128 0x4
 627 0054 01       		.byte	0x1
 628 0055 08       		.byte	0x8
 629 0056 F2010000 		.4byte	.LASF4
 630 005a 04       		.uleb128 0x4
 631 005b 02       		.byte	0x2
 632 005c 05       		.byte	0x5
 633 005d 00020000 		.4byte	.LASF5
 634 0061 04       		.uleb128 0x4
 635 0062 02       		.byte	0x2
 636 0063 07       		.byte	0x7
 637 0064 35010000 		.4byte	.LASF6
 638 0068 04       		.uleb128 0x4
 639 0069 04       		.byte	0x4
 640 006a 05       		.byte	0x5
 641 006b B0000000 		.4byte	.LASF7
 642 006f 04       		.uleb128 0x4
 643 0070 04       		.byte	0x4
 644 0071 07       		.byte	0x7
 645 0072 09010000 		.4byte	.LASF8
 646 0076 04       		.uleb128 0x4
 647 0077 08       		.byte	0x8
 648 0078 07       		.byte	0x7
 649 0079 3C000000 		.4byte	.LASF9
 650 007d 04       		.uleb128 0x4
 651 007e 04       		.byte	0x4
 652 007f 07       		.byte	0x7
 653 0080 88010000 		.4byte	.LASF10
 654 0084 05       		.uleb128 0x5
 655 0085 04       		.byte	0x4
 656 0086 04       		.uleb128 0x4
 657 0087 01       		.byte	0x1
 658 0088 08       		.byte	0x8
 659 0089 B3020000 		.4byte	.LASF11
 660 008d 06       		.uleb128 0x6
 661 008e C6000000 		.4byte	.LASF13
 662 0092 03       		.byte	0x3
 663 0093 E801     		.2byte	0x1e8
ARM GAS  C:\Users\Henry\AppData\Local\Temp\ccd7ELw7.s 			page 21


 664 0095 53000000 		.4byte	0x53
 665 0099 06       		.uleb128 0x6
 666 009a 06000000 		.4byte	.LASF14
 667 009e 03       		.byte	0x3
 668 009f E901     		.2byte	0x1e9
 669 00a1 61000000 		.4byte	0x61
 670 00a5 06       		.uleb128 0x6
 671 00a6 DD000000 		.4byte	.LASF15
 672 00aa 03       		.byte	0x3
 673 00ab EA01     		.2byte	0x1ea
 674 00ad 6F000000 		.4byte	0x6f
 675 00b1 04       		.uleb128 0x4
 676 00b2 04       		.byte	0x4
 677 00b3 04       		.byte	0x4
 678 00b4 D1010000 		.4byte	.LASF16
 679 00b8 04       		.uleb128 0x4
 680 00b9 08       		.byte	0x8
 681 00ba 04       		.byte	0x4
 682 00bb CC000000 		.4byte	.LASF17
 683 00bf 06       		.uleb128 0x6
 684 00c0 ED010000 		.4byte	.LASF18
 685 00c4 03       		.byte	0x3
 686 00c5 9202     		.2byte	0x292
 687 00c7 CB000000 		.4byte	0xcb
 688 00cb 07       		.uleb128 0x7
 689 00cc 8D000000 		.4byte	0x8d
 690 00d0 06       		.uleb128 0x6
 691 00d1 B9000000 		.4byte	.LASF19
 692 00d5 03       		.byte	0x3
 693 00d6 9302     		.2byte	0x293
 694 00d8 DC000000 		.4byte	0xdc
 695 00dc 07       		.uleb128 0x7
 696 00dd 99000000 		.4byte	0x99
 697 00e1 08       		.uleb128 0x8
 698 00e2 02       		.byte	0x2
 699 00e3 01       		.byte	0x1
 700 00e4 98       		.byte	0x98
 701 00e5 02010000 		.4byte	0x102
 702 00e9 09       		.uleb128 0x9
 703 00ea D5020000 		.4byte	.LASF20
 704 00ee 01       		.byte	0x1
 705 00ef 9A       		.byte	0x9a
 706 00f0 8D000000 		.4byte	0x8d
 707 00f4 00       		.byte	0
 708 00f5 09       		.uleb128 0x9
 709 00f6 ED000000 		.4byte	.LASF21
 710 00fa 01       		.byte	0x1
 711 00fb 9B       		.byte	0x9b
 712 00fc 8D000000 		.4byte	0x8d
 713 0100 01       		.byte	0x1
 714 0101 00       		.byte	0
 715 0102 03       		.uleb128 0x3
 716 0103 A0020000 		.4byte	.LASF22
 717 0107 01       		.byte	0x1
 718 0108 9C       		.byte	0x9c
 719 0109 E1000000 		.4byte	0xe1
 720 010d 0A       		.uleb128 0xa
ARM GAS  C:\Users\Henry\AppData\Local\Temp\ccd7ELw7.s 			page 22


 721 010e 1D000000 		.4byte	.LASF55
 722 0112 01       		.byte	0x1
 723 0113 7F       		.byte	0x7f
 724 0114 00000000 		.4byte	.LFB3
 725 0118 02000000 		.4byte	.LFE3-.LFB3
 726 011c 01       		.uleb128 0x1
 727 011d 9C       		.byte	0x9c
 728 011e 30010000 		.4byte	0x130
 729 0122 0B       		.uleb128 0xb
 730 0123 A6000000 		.4byte	.LASF23
 731 0127 01       		.byte	0x1
 732 0128 7F       		.byte	0x7f
 733 0129 8D000000 		.4byte	0x8d
 734 012d 01       		.uleb128 0x1
 735 012e 50       		.byte	0x50
 736 012f 00       		.byte	0
 737 0130 0C       		.uleb128 0xc
 738 0131 89000000 		.4byte	.LASF28
 739 0135 01       		.byte	0x1
 740 0136 BD       		.byte	0xbd
 741 0137 00000000 		.4byte	.LFB4
 742 013b 34000000 		.4byte	.LFE4-.LFB4
 743 013f 01       		.uleb128 0x1
 744 0140 9C       		.byte	0x9c
 745 0141 A2010000 		.4byte	0x1a2
 746 0145 0B       		.uleb128 0xb
 747 0146 53000000 		.4byte	.LASF24
 748 014a 01       		.byte	0x1
 749 014b BD       		.byte	0xbd
 750 014c A2010000 		.4byte	0x1a2
 751 0150 01       		.uleb128 0x1
 752 0151 50       		.byte	0x50
 753 0152 0B       		.uleb128 0xb
 754 0153 31000000 		.4byte	.LASF25
 755 0157 01       		.byte	0x1
 756 0158 BD       		.byte	0xbd
 757 0159 AD010000 		.4byte	0x1ad
 758 015d 01       		.uleb128 0x1
 759 015e 51       		.byte	0x51
 760 015f 0D       		.uleb128 0xd
 761 0160 6900     		.ascii	"i\000"
 762 0162 01       		.byte	0x1
 763 0163 C0       		.byte	0xc0
 764 0164 A5000000 		.4byte	0xa5
 765 0168 00000000 		.4byte	.LLST0
 766 016c 0D       		.uleb128 0xd
 767 016d 6A00     		.ascii	"j\000"
 768 016f 01       		.byte	0x1
 769 0170 C0       		.byte	0xc0
 770 0171 A5000000 		.4byte	0xa5
 771 0175 1F000000 		.4byte	.LLST1
 772 0179 0E       		.uleb128 0xe
 773 017a 08000000 		.4byte	.LBB2
 774 017e 22000000 		.4byte	.LBE2-.LBB2
 775 0182 0F       		.uleb128 0xf
 776 0183 0D000000 		.4byte	.LASF26
 777 0187 01       		.byte	0x1
ARM GAS  C:\Users\Henry\AppData\Local\Temp\ccd7ELw7.s 			page 23


 778 0188 C3       		.byte	0xc3
 779 0189 A5000000 		.4byte	0xa5
 780 018d 3E000000 		.4byte	.LLST2
 781 0191 0F       		.uleb128 0xf
 782 0192 00000000 		.4byte	.LASF27
 783 0196 01       		.byte	0x1
 784 0197 C4       		.byte	0xc4
 785 0198 8D000000 		.4byte	0x8d
 786 019c 51000000 		.4byte	.LLST3
 787 01a0 00       		.byte	0
 788 01a1 00       		.byte	0
 789 01a2 10       		.uleb128 0x10
 790 01a3 04       		.byte	0x4
 791 01a4 A8010000 		.4byte	0x1a8
 792 01a8 11       		.uleb128 0x11
 793 01a9 A5000000 		.4byte	0xa5
 794 01ad 10       		.uleb128 0x10
 795 01ae 04       		.byte	0x4
 796 01af B3010000 		.4byte	0x1b3
 797 01b3 11       		.uleb128 0x11
 798 01b4 02010000 		.4byte	0x102
 799 01b8 12       		.uleb128 0x12
 800 01b9 5E000000 		.4byte	.LASF29
 801 01bd 01       		.byte	0x1
 802 01be 2101     		.2byte	0x121
 803 01c0 00000000 		.4byte	.LFB6
 804 01c4 28000000 		.4byte	.LFE6-.LFB6
 805 01c8 01       		.uleb128 0x1
 806 01c9 9C       		.byte	0x9c
 807 01ca DF010000 		.4byte	0x1df
 808 01ce 13       		.uleb128 0x13
 809 01cf 9D010000 		.4byte	.LASF30
 810 01d3 01       		.byte	0x1
 811 01d4 2301     		.2byte	0x123
 812 01d6 8D000000 		.4byte	0x8d
 813 01da 6F000000 		.4byte	.LLST4
 814 01de 00       		.byte	0
 815 01df 0C       		.uleb128 0xc
 816 01e0 D3000000 		.4byte	.LASF31
 817 01e4 01       		.byte	0x1
 818 01e5 4D       		.byte	0x4d
 819 01e6 00000000 		.4byte	.LFB0
 820 01ea 0C000000 		.4byte	.LFE0-.LFB0
 821 01ee 01       		.uleb128 0x1
 822 01ef 9C       		.byte	0x9c
 823 01f0 2C020000 		.4byte	0x22c
 824 01f4 14       		.uleb128 0x14
 825 01f5 7300     		.ascii	"s\000"
 826 01f7 01       		.byte	0x1
 827 01f8 4D       		.byte	0x4d
 828 01f9 84000000 		.4byte	0x84
 829 01fd 82000000 		.4byte	.LLST5
 830 0201 14       		.uleb128 0x14
 831 0202 6E00     		.ascii	"n\000"
 832 0204 01       		.byte	0x1
 833 0205 4D       		.byte	0x4d
 834 0206 2C000000 		.4byte	0x2c
ARM GAS  C:\Users\Henry\AppData\Local\Temp\ccd7ELw7.s 			page 24


 835 020a A3000000 		.4byte	.LLST6
 836 020e 15       		.uleb128 0x15
 837 020f 0A000000 		.4byte	.LVL16
 838 0213 77050000 		.4byte	0x577
 839 0217 16       		.uleb128 0x16
 840 0218 01       		.uleb128 0x1
 841 0219 50       		.byte	0x50
 842 021a 03       		.uleb128 0x3
 843 021b F3       		.byte	0xf3
 844 021c 01       		.uleb128 0x1
 845 021d 50       		.byte	0x50
 846 021e 16       		.uleb128 0x16
 847 021f 01       		.uleb128 0x1
 848 0220 51       		.byte	0x51
 849 0221 01       		.uleb128 0x1
 850 0222 30       		.byte	0x30
 851 0223 16       		.uleb128 0x16
 852 0224 01       		.uleb128 0x1
 853 0225 52       		.byte	0x52
 854 0226 03       		.uleb128 0x3
 855 0227 F3       		.byte	0xf3
 856 0228 01       		.uleb128 0x1
 857 0229 51       		.byte	0x51
 858 022a 00       		.byte	0
 859 022b 00       		.byte	0
 860 022c 0C       		.uleb128 0xc
 861 022d 9B000000 		.4byte	.LASF32
 862 0231 01       		.byte	0x1
 863 0232 E0       		.byte	0xe0
 864 0233 00000000 		.4byte	.LFB5
 865 0237 B8000000 		.4byte	.LFE5-.LFB5
 866 023b 01       		.uleb128 0x1
 867 023c 9C       		.byte	0x9c
 868 023d 84020000 		.4byte	0x284
 869 0241 0F       		.uleb128 0xf
 870 0242 1B010000 		.4byte	.LASF33
 871 0246 01       		.byte	0x1
 872 0247 E2       		.byte	0xe2
 873 0248 A5000000 		.4byte	0xa5
 874 024c CF000000 		.4byte	.LLST7
 875 0250 0F       		.uleb128 0xf
 876 0251 98020000 		.4byte	.LASF34
 877 0255 01       		.byte	0x1
 878 0256 E3       		.byte	0xe3
 879 0257 8D000000 		.4byte	0x8d
 880 025b EE000000 		.4byte	.LLST8
 881 025f 17       		.uleb128 0x17
 882 0260 5A000000 		.4byte	.LVL21
 883 0264 80050000 		.4byte	0x580
 884 0268 74020000 		.4byte	0x274
 885 026c 16       		.uleb128 0x16
 886 026d 01       		.uleb128 0x1
 887 026e 50       		.byte	0x50
 888 026f 03       		.uleb128 0x3
 889 0270 0A       		.byte	0xa
 890 0271 E001     		.2byte	0x1e0
 891 0273 00       		.byte	0
ARM GAS  C:\Users\Henry\AppData\Local\Temp\ccd7ELw7.s 			page 25


 892 0274 15       		.uleb128 0x15
 893 0275 6A000000 		.4byte	.LVL23
 894 0279 0D010000 		.4byte	0x10d
 895 027d 16       		.uleb128 0x16
 896 027e 01       		.uleb128 0x1
 897 027f 50       		.byte	0x50
 898 0280 01       		.uleb128 0x1
 899 0281 33       		.byte	0x33
 900 0282 00       		.byte	0
 901 0283 00       		.byte	0
 902 0284 0C       		.uleb128 0xc
 903 0285 EB020000 		.4byte	.LASF35
 904 0289 01       		.byte	0x1
 905 028a 54       		.byte	0x54
 906 028b 00000000 		.4byte	.LFB1
 907 028f 08000000 		.4byte	.LFE1-.LFB1
 908 0293 01       		.uleb128 0x1
 909 0294 9C       		.byte	0x9c
 910 0295 E4020000 		.4byte	0x2e4
 911 0299 18       		.uleb128 0x18
 912 029a CC010000 		.4byte	.LASF36
 913 029e 01       		.byte	0x1
 914 029f 54       		.byte	0x54
 915 02a0 84000000 		.4byte	0x84
 916 02a4 18010000 		.4byte	.LLST9
 917 02a8 14       		.uleb128 0x14
 918 02a9 73726300 		.ascii	"src\000"
 919 02ad 01       		.byte	0x1
 920 02ae 54       		.byte	0x54
 921 02af E4020000 		.4byte	0x2e4
 922 02b3 39010000 		.4byte	.LLST10
 923 02b7 14       		.uleb128 0x14
 924 02b8 6E00     		.ascii	"n\000"
 925 02ba 01       		.byte	0x1
 926 02bb 54       		.byte	0x54
 927 02bc 2C000000 		.4byte	0x2c
 928 02c0 5A010000 		.4byte	.LLST11
 929 02c4 15       		.uleb128 0x15
 930 02c5 06000000 		.4byte	.LVL26
 931 02c9 8B050000 		.4byte	0x58b
 932 02cd 16       		.uleb128 0x16
 933 02ce 01       		.uleb128 0x1
 934 02cf 50       		.byte	0x50
 935 02d0 03       		.uleb128 0x3
 936 02d1 F3       		.byte	0xf3
 937 02d2 01       		.uleb128 0x1
 938 02d3 50       		.byte	0x50
 939 02d4 16       		.uleb128 0x16
 940 02d5 01       		.uleb128 0x1
 941 02d6 51       		.byte	0x51
 942 02d7 03       		.uleb128 0x3
 943 02d8 F3       		.byte	0xf3
 944 02d9 01       		.uleb128 0x1
 945 02da 51       		.byte	0x51
 946 02db 16       		.uleb128 0x16
 947 02dc 01       		.uleb128 0x1
 948 02dd 52       		.byte	0x52
ARM GAS  C:\Users\Henry\AppData\Local\Temp\ccd7ELw7.s 			page 26


 949 02de 03       		.uleb128 0x3
 950 02df F3       		.byte	0xf3
 951 02e0 01       		.uleb128 0x1
 952 02e1 52       		.byte	0x52
 953 02e2 00       		.byte	0
 954 02e3 00       		.byte	0
 955 02e4 10       		.uleb128 0x10
 956 02e5 04       		.byte	0x4
 957 02e6 EA020000 		.4byte	0x2ea
 958 02ea 19       		.uleb128 0x19
 959 02eb 1A       		.uleb128 0x1a
 960 02ec BF020000 		.4byte	.LASF39
 961 02f0 01       		.byte	0x1
 962 02f1 3B01     		.2byte	0x13b
 963 02f3 00000000 		.4byte	.LFB7
 964 02f7 10000000 		.4byte	.LFE7-.LFB7
 965 02fb 01       		.uleb128 0x1
 966 02fc 9C       		.byte	0x9c
 967 02fd 1E030000 		.4byte	0x31e
 968 0301 1B       		.uleb128 0x1b
 969 0302 DC020000 		.4byte	.LASF37
 970 0306 01       		.byte	0x1
 971 0307 3B01     		.2byte	0x13b
 972 0309 8D000000 		.4byte	0x8d
 973 030d 01       		.uleb128 0x1
 974 030e 50       		.byte	0x50
 975 030f 1C       		.uleb128 0x1c
 976 0310 E4000000 		.4byte	.LASF38
 977 0314 01       		.byte	0x1
 978 0315 3D01     		.2byte	0x13d
 979 0317 8D000000 		.4byte	0x8d
 980 031b 01       		.uleb128 0x1
 981 031c 53       		.byte	0x53
 982 031d 00       		.byte	0
 983 031e 1A       		.uleb128 0x1a
 984 031f 35030000 		.4byte	.LASF40
 985 0323 01       		.byte	0x1
 986 0324 5D01     		.2byte	0x15d
 987 0326 00000000 		.4byte	.LFB8
 988 032a 10010000 		.4byte	.LFE8-.LFB8
 989 032e 01       		.uleb128 0x1
 990 032f 9C       		.byte	0x9c
 991 0330 77050000 		.4byte	0x577
 992 0334 1D       		.uleb128 0x1d
 993 0335 0E000000 		.4byte	.LBB3
 994 0339 78000000 		.4byte	.LBE3-.LBB3
 995 033d D7040000 		.4byte	0x4d7
 996 0341 1E       		.uleb128 0x1e
 997 0342 06       		.byte	0x6
 998 0343 01       		.byte	0x1
 999 0344 6901     		.2byte	0x169
 1000 0346 65030000 		.4byte	0x365
 1001 034a 1F       		.uleb128 0x1f
 1002 034b 1D030000 		.4byte	.LASF41
 1003 034f 01       		.byte	0x1
 1004 0350 6A01     		.2byte	0x16a
 1005 0352 84000000 		.4byte	0x84
ARM GAS  C:\Users\Henry\AppData\Local\Temp\ccd7ELw7.s 			page 27


 1006 0356 00       		.byte	0
 1007 0357 1F       		.uleb128 0x1f
 1008 0358 30010000 		.4byte	.LASF42
 1009 035c 01       		.byte	0x1
 1010 035d 6B01     		.2byte	0x16b
 1011 035f 99000000 		.4byte	0x99
 1012 0363 04       		.byte	0x4
 1013 0364 00       		.byte	0
 1014 0365 06       		.uleb128 0x6
 1015 0366 AF010000 		.4byte	.LASF43
 1016 036a 01       		.byte	0x1
 1017 036b 6C01     		.2byte	0x16c
 1018 036d 41030000 		.4byte	0x341
 1019 0371 1E       		.uleb128 0x1e
 1020 0372 0A       		.byte	0xa
 1021 0373 01       		.byte	0x1
 1022 0374 6F01     		.2byte	0x16f
 1023 0376 A2030000 		.4byte	0x3a2
 1024 037a 1F       		.uleb128 0x1f
 1025 037b CC010000 		.4byte	.LASF36
 1026 037f 01       		.byte	0x1
 1027 0380 7001     		.2byte	0x170
 1028 0382 84000000 		.4byte	0x84
 1029 0386 00       		.byte	0
 1030 0387 20       		.uleb128 0x20
 1031 0388 73726300 		.ascii	"src\000"
 1032 038c 01       		.byte	0x1
 1033 038d 7101     		.2byte	0x171
 1034 038f E4020000 		.4byte	0x2e4
 1035 0393 04       		.byte	0x4
 1036 0394 1F       		.uleb128 0x1f
 1037 0395 30010000 		.4byte	.LASF42
 1038 0399 01       		.byte	0x1
 1039 039a 7201     		.2byte	0x172
 1040 039c 99000000 		.4byte	0x99
 1041 03a0 08       		.byte	0x8
 1042 03a1 00       		.byte	0
 1043 03a2 06       		.uleb128 0x6
 1044 03a3 23010000 		.4byte	.LASF44
 1045 03a7 01       		.byte	0x1
 1046 03a8 7301     		.2byte	0x173
 1047 03aa 71030000 		.4byte	0x371
 1048 03ae 21       		.uleb128 0x21
 1049 03af BE030000 		.4byte	0x3be
 1050 03b3 BE030000 		.4byte	0x3be
 1051 03b7 22       		.uleb128 0x22
 1052 03b8 7D000000 		.4byte	0x7d
 1053 03bc 08       		.byte	0x8
 1054 03bd 00       		.byte	0
 1055 03be 11       		.uleb128 0x11
 1056 03bf 65030000 		.4byte	0x365
 1057 03c3 1C       		.uleb128 0x1c
 1058 03c4 BC010000 		.4byte	.LASF45
 1059 03c8 01       		.byte	0x1
 1060 03c9 7501     		.2byte	0x175
 1061 03cb D5030000 		.4byte	0x3d5
 1062 03cf 05       		.uleb128 0x5
ARM GAS  C:\Users\Henry\AppData\Local\Temp\ccd7ELw7.s 			page 28


 1063 03d0 03       		.byte	0x3
 1064 03d1 00000000 		.4byte	cfg_memset_list.5018
 1065 03d5 11       		.uleb128 0x11
 1066 03d6 AE030000 		.4byte	0x3ae
 1067 03da 21       		.uleb128 0x21
 1068 03db EA030000 		.4byte	0x3ea
 1069 03df EA030000 		.4byte	0x3ea
 1070 03e3 22       		.uleb128 0x22
 1071 03e4 7D000000 		.4byte	0x7d
 1072 03e8 00       		.byte	0
 1073 03e9 00       		.byte	0
 1074 03ea 11       		.uleb128 0x11
 1075 03eb A2030000 		.4byte	0x3a2
 1076 03ef 1C       		.uleb128 0x1c
 1077 03f0 25030000 		.4byte	.LASF46
 1078 03f4 01       		.byte	0x1
 1079 03f5 8201     		.2byte	0x182
 1080 03f7 01040000 		.4byte	0x401
 1081 03fb 05       		.uleb128 0x5
 1082 03fc 03       		.byte	0x3
 1083 03fd 38000000 		.4byte	cfg_memcpy_list.5019
 1084 0401 11       		.uleb128 0x11
 1085 0402 DA030000 		.4byte	0x3da
 1086 0406 23       		.uleb128 0x23
 1087 0407 6900     		.ascii	"i\000"
 1088 0409 01       		.byte	0x1
 1089 040a 8701     		.2byte	0x187
 1090 040c 8D000000 		.4byte	0x8d
 1091 0410 7B010000 		.4byte	.LLST12
 1092 0414 1D       		.uleb128 0x1d
 1093 0415 12000000 		.4byte	.LBB4
 1094 0419 16000000 		.4byte	.LBE4-.LBB4
 1095 041d 59040000 		.4byte	0x459
 1096 0421 23       		.uleb128 0x23
 1097 0422 6D7300   		.ascii	"ms\000"
 1098 0425 01       		.byte	0x1
 1099 0426 8C01     		.2byte	0x18c
 1100 0428 30040000 		.4byte	0x430
 1101 042c BB010000 		.4byte	.LLST13
 1102 0430 10       		.uleb128 0x10
 1103 0431 04       		.byte	0x4
 1104 0432 BE030000 		.4byte	0x3be
 1105 0436 15       		.uleb128 0x15
 1106 0437 28000000 		.4byte	.LVL31
 1107 043b DF010000 		.4byte	0x1df
 1108 043f 16       		.uleb128 0x16
 1109 0440 01       		.uleb128 0x1
 1110 0441 51       		.byte	0x51
 1111 0442 14       		.uleb128 0x14
 1112 0443 74       		.byte	0x74
 1113 0444 00       		.sleb128 0
 1114 0445 31       		.byte	0x31
 1115 0446 24       		.byte	0x24
 1116 0447 74       		.byte	0x74
 1117 0448 00       		.sleb128 0
 1118 0449 22       		.byte	0x22
 1119 044a 31       		.byte	0x31
ARM GAS  C:\Users\Henry\AppData\Local\Temp\ccd7ELw7.s 			page 29


 1120 044b 24       		.byte	0x24
 1121 044c 75       		.byte	0x75
 1122 044d 00       		.sleb128 0
 1123 044e 22       		.byte	0x22
 1124 044f 23       		.byte	0x23
 1125 0450 04       		.uleb128 0x4
 1126 0451 94       		.byte	0x94
 1127 0452 02       		.byte	0x2
 1128 0453 0A       		.byte	0xa
 1129 0454 FFFF     		.2byte	0xffff
 1130 0456 1A       		.byte	0x1a
 1131 0457 00       		.byte	0
 1132 0458 00       		.byte	0
 1133 0459 1D       		.uleb128 0x1d
 1134 045a 34000000 		.4byte	.LBB5
 1135 045e 14000000 		.4byte	.LBE5-.LBB5
 1136 0462 BC040000 		.4byte	0x4bc
 1137 0466 23       		.uleb128 0x23
 1138 0467 6D6300   		.ascii	"mc\000"
 1139 046a 01       		.byte	0x1
 1140 046b 9301     		.2byte	0x193
 1141 046d 75040000 		.4byte	0x475
 1142 0471 ED010000 		.4byte	.LLST14
 1143 0475 10       		.uleb128 0x10
 1144 0476 04       		.byte	0x4
 1145 0477 EA030000 		.4byte	0x3ea
 1146 047b 13       		.uleb128 0x13
 1147 047c E5010000 		.4byte	.LASF47
 1148 0480 01       		.byte	0x1
 1149 0481 9401     		.2byte	0x194
 1150 0483 84000000 		.4byte	0x84
 1151 0487 1F020000 		.4byte	.LLST15
 1152 048b 13       		.uleb128 0x13
 1153 048c B8020000 		.4byte	.LASF48
 1154 0490 01       		.byte	0x1
 1155 0491 9501     		.2byte	0x195
 1156 0493 E4020000 		.4byte	0x2e4
 1157 0497 32020000 		.4byte	.LLST16
 1158 049b 13       		.uleb128 0x13
 1159 049c 00010000 		.4byte	.LASF49
 1160 04a0 01       		.byte	0x1
 1161 04a1 9601     		.2byte	0x196
 1162 04a3 99000000 		.4byte	0x99
 1163 04a7 45020000 		.4byte	.LLST17
 1164 04ab 15       		.uleb128 0x15
 1165 04ac 48000000 		.4byte	.LVL39
 1166 04b0 84020000 		.4byte	0x284
 1167 04b4 16       		.uleb128 0x16
 1168 04b5 01       		.uleb128 0x1
 1169 04b6 52       		.byte	0x52
 1170 04b7 02       		.uleb128 0x2
 1171 04b8 08       		.byte	0x8
 1172 04b9 80       		.byte	0x80
 1173 04ba 00       		.byte	0
 1174 04bb 00       		.byte	0
 1175 04bc 15       		.uleb128 0x15
 1176 04bd 5A000000 		.4byte	.LVL42
ARM GAS  C:\Users\Henry\AppData\Local\Temp\ccd7ELw7.s 			page 30


 1177 04c1 30010000 		.4byte	0x130
 1178 04c5 16       		.uleb128 0x16
 1179 04c6 01       		.uleb128 0x1
 1180 04c7 50       		.byte	0x50
 1181 04c8 03       		.uleb128 0x3
 1182 04c9 42       		.byte	0x42
 1183 04ca 4A       		.byte	0x4a
 1184 04cb 24       		.byte	0x24
 1185 04cc 16       		.uleb128 0x16
 1186 04cd 01       		.uleb128 0x1
 1187 04ce 51       		.byte	0x51
 1188 04cf 05       		.uleb128 0x5
 1189 04d0 0C       		.byte	0xc
 1190 04d1 30000048 		.4byte	0x48000030
 1191 04d5 00       		.byte	0
 1192 04d6 00       		.byte	0
 1193 04d7 17       		.uleb128 0x17
 1194 04d8 90000000 		.4byte	.LVL44
 1195 04dc 84020000 		.4byte	0x284
 1196 04e0 FC040000 		.4byte	0x4fc
 1197 04e4 16       		.uleb128 0x16
 1198 04e5 01       		.uleb128 0x1
 1199 04e6 50       		.byte	0x50
 1200 04e7 05       		.uleb128 0x5
 1201 04e8 0C       		.byte	0xc
 1202 04e9 00510040 		.4byte	0x40005100
 1203 04ed 16       		.uleb128 0x16
 1204 04ee 01       		.uleb128 0x1
 1205 04ef 51       		.byte	0x51
 1206 04f0 05       		.uleb128 0x5
 1207 04f1 0C       		.byte	0xc
 1208 04f2 F0020048 		.4byte	0x480002f0
 1209 04f6 16       		.uleb128 0x16
 1210 04f7 01       		.uleb128 0x1
 1211 04f8 52       		.byte	0x52
 1212 04f9 01       		.uleb128 0x1
 1213 04fa 3A       		.byte	0x3a
 1214 04fb 00       		.byte	0
 1215 04fc 17       		.uleb128 0x17
 1216 04fd 9A000000 		.4byte	.LVL45
 1217 0501 84020000 		.4byte	0x284
 1218 0505 21050000 		.4byte	0x521
 1219 0509 16       		.uleb128 0x16
 1220 050a 01       		.uleb128 0x1
 1221 050b 50       		.byte	0x50
 1222 050c 05       		.uleb128 0x5
 1223 050d 0C       		.byte	0xc
 1224 050e 12510040 		.4byte	0x40005112
 1225 0512 16       		.uleb128 0x16
 1226 0513 01       		.uleb128 0x1
 1227 0514 51       		.byte	0x51
 1228 0515 05       		.uleb128 0x5
 1229 0516 0C       		.byte	0xc
 1230 0517 FC020048 		.4byte	0x480002fc
 1231 051b 16       		.uleb128 0x16
 1232 051c 01       		.uleb128 0x1
 1233 051d 52       		.byte	0x52
ARM GAS  C:\Users\Henry\AppData\Local\Temp\ccd7ELw7.s 			page 31


 1234 051e 01       		.uleb128 0x1
 1235 051f 38       		.byte	0x38
 1236 0520 00       		.byte	0
 1237 0521 17       		.uleb128 0x17
 1238 0522 A4000000 		.4byte	.LVL46
 1239 0526 84020000 		.4byte	0x284
 1240 052a 46050000 		.4byte	0x546
 1241 052e 16       		.uleb128 0x16
 1242 052f 01       		.uleb128 0x1
 1243 0530 50       		.byte	0x50
 1244 0531 05       		.uleb128 0x5
 1245 0532 0C       		.byte	0xc
 1246 0533 22510040 		.4byte	0x40005122
 1247 0537 16       		.uleb128 0x16
 1248 0538 01       		.uleb128 0x1
 1249 0539 51       		.byte	0x51
 1250 053a 05       		.uleb128 0x5
 1251 053b 0C       		.byte	0xc
 1252 053c 04030048 		.4byte	0x48000304
 1253 0540 16       		.uleb128 0x16
 1254 0541 01       		.uleb128 0x1
 1255 0542 52       		.byte	0x52
 1256 0543 01       		.uleb128 0x1
 1257 0544 38       		.byte	0x38
 1258 0545 00       		.byte	0
 1259 0546 24       		.uleb128 0x24
 1260 0547 B8000000 		.4byte	.LVL47
 1261 054b 2C020000 		.4byte	0x22c
 1262 054f 24       		.uleb128 0x24
 1263 0550 C6000000 		.4byte	.LVL48
 1264 0554 B8010000 		.4byte	0x1b8
 1265 0558 15       		.uleb128 0x15
 1266 0559 D0000000 		.4byte	.LVL49
 1267 055d 84020000 		.4byte	0x284
 1268 0561 16       		.uleb128 0x16
 1269 0562 01       		.uleb128 0x1
 1270 0563 50       		.byte	0x50
 1271 0564 05       		.uleb128 0x5
 1272 0565 0C       		.byte	0xc
 1273 0566 B0430040 		.4byte	0x400043b0
 1274 056a 16       		.uleb128 0x16
 1275 056b 01       		.uleb128 0x1
 1276 056c 51       		.byte	0x51
 1277 056d 02       		.uleb128 0x2
 1278 056e 74       		.byte	0x74
 1279 056f 00       		.sleb128 0
 1280 0570 16       		.uleb128 0x16
 1281 0571 01       		.uleb128 0x1
 1282 0572 52       		.byte	0x52
 1283 0573 01       		.uleb128 0x1
 1284 0574 3E       		.byte	0x3e
 1285 0575 00       		.byte	0
 1286 0576 00       		.byte	0
 1287 0577 25       		.uleb128 0x25
 1288 0578 E4020000 		.4byte	.LASF50
 1289 057c E4020000 		.4byte	.LASF50
 1290 0580 26       		.uleb128 0x26
ARM GAS  C:\Users\Henry\AppData\Local\Temp\ccd7ELw7.s 			page 32


 1291 0581 D7010000 		.4byte	.LASF56
 1292 0585 D7010000 		.4byte	.LASF56
 1293 0589 04       		.byte	0x4
 1294 058a 79       		.byte	0x79
 1295 058b 25       		.uleb128 0x25
 1296 058c BF000000 		.4byte	.LASF51
 1297 0590 BF000000 		.4byte	.LASF51
 1298 0594 00       		.byte	0
 1299              		.section	.debug_abbrev,"",%progbits
 1300              	.Ldebug_abbrev0:
 1301 0000 01       		.uleb128 0x1
 1302 0001 11       		.uleb128 0x11
 1303 0002 01       		.byte	0x1
 1304 0003 25       		.uleb128 0x25
 1305 0004 0E       		.uleb128 0xe
 1306 0005 13       		.uleb128 0x13
 1307 0006 0B       		.uleb128 0xb
 1308 0007 03       		.uleb128 0x3
 1309 0008 0E       		.uleb128 0xe
 1310 0009 1B       		.uleb128 0x1b
 1311 000a 0E       		.uleb128 0xe
 1312 000b 55       		.uleb128 0x55
 1313 000c 17       		.uleb128 0x17
 1314 000d 11       		.uleb128 0x11
 1315 000e 01       		.uleb128 0x1
 1316 000f 10       		.uleb128 0x10
 1317 0010 17       		.uleb128 0x17
 1318 0011 00       		.byte	0
 1319 0012 00       		.byte	0
 1320 0013 02       		.uleb128 0x2
 1321 0014 24       		.uleb128 0x24
 1322 0015 00       		.byte	0
 1323 0016 0B       		.uleb128 0xb
 1324 0017 0B       		.uleb128 0xb
 1325 0018 3E       		.uleb128 0x3e
 1326 0019 0B       		.uleb128 0xb
 1327 001a 03       		.uleb128 0x3
 1328 001b 08       		.uleb128 0x8
 1329 001c 00       		.byte	0
 1330 001d 00       		.byte	0
 1331 001e 03       		.uleb128 0x3
 1332 001f 16       		.uleb128 0x16
 1333 0020 00       		.byte	0
 1334 0021 03       		.uleb128 0x3
 1335 0022 0E       		.uleb128 0xe
 1336 0023 3A       		.uleb128 0x3a
 1337 0024 0B       		.uleb128 0xb
 1338 0025 3B       		.uleb128 0x3b
 1339 0026 0B       		.uleb128 0xb
 1340 0027 49       		.uleb128 0x49
 1341 0028 13       		.uleb128 0x13
 1342 0029 00       		.byte	0
 1343 002a 00       		.byte	0
 1344 002b 04       		.uleb128 0x4
 1345 002c 24       		.uleb128 0x24
 1346 002d 00       		.byte	0
 1347 002e 0B       		.uleb128 0xb
ARM GAS  C:\Users\Henry\AppData\Local\Temp\ccd7ELw7.s 			page 33


 1348 002f 0B       		.uleb128 0xb
 1349 0030 3E       		.uleb128 0x3e
 1350 0031 0B       		.uleb128 0xb
 1351 0032 03       		.uleb128 0x3
 1352 0033 0E       		.uleb128 0xe
 1353 0034 00       		.byte	0
 1354 0035 00       		.byte	0
 1355 0036 05       		.uleb128 0x5
 1356 0037 0F       		.uleb128 0xf
 1357 0038 00       		.byte	0
 1358 0039 0B       		.uleb128 0xb
 1359 003a 0B       		.uleb128 0xb
 1360 003b 00       		.byte	0
 1361 003c 00       		.byte	0
 1362 003d 06       		.uleb128 0x6
 1363 003e 16       		.uleb128 0x16
 1364 003f 00       		.byte	0
 1365 0040 03       		.uleb128 0x3
 1366 0041 0E       		.uleb128 0xe
 1367 0042 3A       		.uleb128 0x3a
 1368 0043 0B       		.uleb128 0xb
 1369 0044 3B       		.uleb128 0x3b
 1370 0045 05       		.uleb128 0x5
 1371 0046 49       		.uleb128 0x49
 1372 0047 13       		.uleb128 0x13
 1373 0048 00       		.byte	0
 1374 0049 00       		.byte	0
 1375 004a 07       		.uleb128 0x7
 1376 004b 35       		.uleb128 0x35
 1377 004c 00       		.byte	0
 1378 004d 49       		.uleb128 0x49
 1379 004e 13       		.uleb128 0x13
 1380 004f 00       		.byte	0
 1381 0050 00       		.byte	0
 1382 0051 08       		.uleb128 0x8
 1383 0052 13       		.uleb128 0x13
 1384 0053 01       		.byte	0x1
 1385 0054 0B       		.uleb128 0xb
 1386 0055 0B       		.uleb128 0xb
 1387 0056 3A       		.uleb128 0x3a
 1388 0057 0B       		.uleb128 0xb
 1389 0058 3B       		.uleb128 0x3b
 1390 0059 0B       		.uleb128 0xb
 1391 005a 01       		.uleb128 0x1
 1392 005b 13       		.uleb128 0x13
 1393 005c 00       		.byte	0
 1394 005d 00       		.byte	0
 1395 005e 09       		.uleb128 0x9
 1396 005f 0D       		.uleb128 0xd
 1397 0060 00       		.byte	0
 1398 0061 03       		.uleb128 0x3
 1399 0062 0E       		.uleb128 0xe
 1400 0063 3A       		.uleb128 0x3a
 1401 0064 0B       		.uleb128 0xb
 1402 0065 3B       		.uleb128 0x3b
 1403 0066 0B       		.uleb128 0xb
 1404 0067 49       		.uleb128 0x49
ARM GAS  C:\Users\Henry\AppData\Local\Temp\ccd7ELw7.s 			page 34


 1405 0068 13       		.uleb128 0x13
 1406 0069 38       		.uleb128 0x38
 1407 006a 0B       		.uleb128 0xb
 1408 006b 00       		.byte	0
 1409 006c 00       		.byte	0
 1410 006d 0A       		.uleb128 0xa
 1411 006e 2E       		.uleb128 0x2e
 1412 006f 01       		.byte	0x1
 1413 0070 03       		.uleb128 0x3
 1414 0071 0E       		.uleb128 0xe
 1415 0072 3A       		.uleb128 0x3a
 1416 0073 0B       		.uleb128 0xb
 1417 0074 3B       		.uleb128 0x3b
 1418 0075 0B       		.uleb128 0xb
 1419 0076 27       		.uleb128 0x27
 1420 0077 19       		.uleb128 0x19
 1421 0078 8701     		.uleb128 0x87
 1422 007a 19       		.uleb128 0x19
 1423 007b 11       		.uleb128 0x11
 1424 007c 01       		.uleb128 0x1
 1425 007d 12       		.uleb128 0x12
 1426 007e 06       		.uleb128 0x6
 1427 007f 40       		.uleb128 0x40
 1428 0080 18       		.uleb128 0x18
 1429 0081 9742     		.uleb128 0x2117
 1430 0083 19       		.uleb128 0x19
 1431 0084 01       		.uleb128 0x1
 1432 0085 13       		.uleb128 0x13
 1433 0086 00       		.byte	0
 1434 0087 00       		.byte	0
 1435 0088 0B       		.uleb128 0xb
 1436 0089 05       		.uleb128 0x5
 1437 008a 00       		.byte	0
 1438 008b 03       		.uleb128 0x3
 1439 008c 0E       		.uleb128 0xe
 1440 008d 3A       		.uleb128 0x3a
 1441 008e 0B       		.uleb128 0xb
 1442 008f 3B       		.uleb128 0x3b
 1443 0090 0B       		.uleb128 0xb
 1444 0091 49       		.uleb128 0x49
 1445 0092 13       		.uleb128 0x13
 1446 0093 02       		.uleb128 0x2
 1447 0094 18       		.uleb128 0x18
 1448 0095 00       		.byte	0
 1449 0096 00       		.byte	0
 1450 0097 0C       		.uleb128 0xc
 1451 0098 2E       		.uleb128 0x2e
 1452 0099 01       		.byte	0x1
 1453 009a 03       		.uleb128 0x3
 1454 009b 0E       		.uleb128 0xe
 1455 009c 3A       		.uleb128 0x3a
 1456 009d 0B       		.uleb128 0xb
 1457 009e 3B       		.uleb128 0x3b
 1458 009f 0B       		.uleb128 0xb
 1459 00a0 27       		.uleb128 0x27
 1460 00a1 19       		.uleb128 0x19
 1461 00a2 11       		.uleb128 0x11
ARM GAS  C:\Users\Henry\AppData\Local\Temp\ccd7ELw7.s 			page 35


 1462 00a3 01       		.uleb128 0x1
 1463 00a4 12       		.uleb128 0x12
 1464 00a5 06       		.uleb128 0x6
 1465 00a6 40       		.uleb128 0x40
 1466 00a7 18       		.uleb128 0x18
 1467 00a8 9742     		.uleb128 0x2117
 1468 00aa 19       		.uleb128 0x19
 1469 00ab 01       		.uleb128 0x1
 1470 00ac 13       		.uleb128 0x13
 1471 00ad 00       		.byte	0
 1472 00ae 00       		.byte	0
 1473 00af 0D       		.uleb128 0xd
 1474 00b0 34       		.uleb128 0x34
 1475 00b1 00       		.byte	0
 1476 00b2 03       		.uleb128 0x3
 1477 00b3 08       		.uleb128 0x8
 1478 00b4 3A       		.uleb128 0x3a
 1479 00b5 0B       		.uleb128 0xb
 1480 00b6 3B       		.uleb128 0x3b
 1481 00b7 0B       		.uleb128 0xb
 1482 00b8 49       		.uleb128 0x49
 1483 00b9 13       		.uleb128 0x13
 1484 00ba 02       		.uleb128 0x2
 1485 00bb 17       		.uleb128 0x17
 1486 00bc 00       		.byte	0
 1487 00bd 00       		.byte	0
 1488 00be 0E       		.uleb128 0xe
 1489 00bf 0B       		.uleb128 0xb
 1490 00c0 01       		.byte	0x1
 1491 00c1 11       		.uleb128 0x11
 1492 00c2 01       		.uleb128 0x1
 1493 00c3 12       		.uleb128 0x12
 1494 00c4 06       		.uleb128 0x6
 1495 00c5 00       		.byte	0
 1496 00c6 00       		.byte	0
 1497 00c7 0F       		.uleb128 0xf
 1498 00c8 34       		.uleb128 0x34
 1499 00c9 00       		.byte	0
 1500 00ca 03       		.uleb128 0x3
 1501 00cb 0E       		.uleb128 0xe
 1502 00cc 3A       		.uleb128 0x3a
 1503 00cd 0B       		.uleb128 0xb
 1504 00ce 3B       		.uleb128 0x3b
 1505 00cf 0B       		.uleb128 0xb
 1506 00d0 49       		.uleb128 0x49
 1507 00d1 13       		.uleb128 0x13
 1508 00d2 02       		.uleb128 0x2
 1509 00d3 17       		.uleb128 0x17
 1510 00d4 00       		.byte	0
 1511 00d5 00       		.byte	0
 1512 00d6 10       		.uleb128 0x10
 1513 00d7 0F       		.uleb128 0xf
 1514 00d8 00       		.byte	0
 1515 00d9 0B       		.uleb128 0xb
 1516 00da 0B       		.uleb128 0xb
 1517 00db 49       		.uleb128 0x49
 1518 00dc 13       		.uleb128 0x13
ARM GAS  C:\Users\Henry\AppData\Local\Temp\ccd7ELw7.s 			page 36


 1519 00dd 00       		.byte	0
 1520 00de 00       		.byte	0
 1521 00df 11       		.uleb128 0x11
 1522 00e0 26       		.uleb128 0x26
 1523 00e1 00       		.byte	0
 1524 00e2 49       		.uleb128 0x49
 1525 00e3 13       		.uleb128 0x13
 1526 00e4 00       		.byte	0
 1527 00e5 00       		.byte	0
 1528 00e6 12       		.uleb128 0x12
 1529 00e7 2E       		.uleb128 0x2e
 1530 00e8 01       		.byte	0x1
 1531 00e9 03       		.uleb128 0x3
 1532 00ea 0E       		.uleb128 0xe
 1533 00eb 3A       		.uleb128 0x3a
 1534 00ec 0B       		.uleb128 0xb
 1535 00ed 3B       		.uleb128 0x3b
 1536 00ee 05       		.uleb128 0x5
 1537 00ef 27       		.uleb128 0x27
 1538 00f0 19       		.uleb128 0x19
 1539 00f1 11       		.uleb128 0x11
 1540 00f2 01       		.uleb128 0x1
 1541 00f3 12       		.uleb128 0x12
 1542 00f4 06       		.uleb128 0x6
 1543 00f5 40       		.uleb128 0x40
 1544 00f6 18       		.uleb128 0x18
 1545 00f7 9742     		.uleb128 0x2117
 1546 00f9 19       		.uleb128 0x19
 1547 00fa 01       		.uleb128 0x1
 1548 00fb 13       		.uleb128 0x13
 1549 00fc 00       		.byte	0
 1550 00fd 00       		.byte	0
 1551 00fe 13       		.uleb128 0x13
 1552 00ff 34       		.uleb128 0x34
 1553 0100 00       		.byte	0
 1554 0101 03       		.uleb128 0x3
 1555 0102 0E       		.uleb128 0xe
 1556 0103 3A       		.uleb128 0x3a
 1557 0104 0B       		.uleb128 0xb
 1558 0105 3B       		.uleb128 0x3b
 1559 0106 05       		.uleb128 0x5
 1560 0107 49       		.uleb128 0x49
 1561 0108 13       		.uleb128 0x13
 1562 0109 02       		.uleb128 0x2
 1563 010a 17       		.uleb128 0x17
 1564 010b 00       		.byte	0
 1565 010c 00       		.byte	0
 1566 010d 14       		.uleb128 0x14
 1567 010e 05       		.uleb128 0x5
 1568 010f 00       		.byte	0
 1569 0110 03       		.uleb128 0x3
 1570 0111 08       		.uleb128 0x8
 1571 0112 3A       		.uleb128 0x3a
 1572 0113 0B       		.uleb128 0xb
 1573 0114 3B       		.uleb128 0x3b
 1574 0115 0B       		.uleb128 0xb
 1575 0116 49       		.uleb128 0x49
ARM GAS  C:\Users\Henry\AppData\Local\Temp\ccd7ELw7.s 			page 37


 1576 0117 13       		.uleb128 0x13
 1577 0118 02       		.uleb128 0x2
 1578 0119 17       		.uleb128 0x17
 1579 011a 00       		.byte	0
 1580 011b 00       		.byte	0
 1581 011c 15       		.uleb128 0x15
 1582 011d 898201   		.uleb128 0x4109
 1583 0120 01       		.byte	0x1
 1584 0121 11       		.uleb128 0x11
 1585 0122 01       		.uleb128 0x1
 1586 0123 31       		.uleb128 0x31
 1587 0124 13       		.uleb128 0x13
 1588 0125 00       		.byte	0
 1589 0126 00       		.byte	0
 1590 0127 16       		.uleb128 0x16
 1591 0128 8A8201   		.uleb128 0x410a
 1592 012b 00       		.byte	0
 1593 012c 02       		.uleb128 0x2
 1594 012d 18       		.uleb128 0x18
 1595 012e 9142     		.uleb128 0x2111
 1596 0130 18       		.uleb128 0x18
 1597 0131 00       		.byte	0
 1598 0132 00       		.byte	0
 1599 0133 17       		.uleb128 0x17
 1600 0134 898201   		.uleb128 0x4109
 1601 0137 01       		.byte	0x1
 1602 0138 11       		.uleb128 0x11
 1603 0139 01       		.uleb128 0x1
 1604 013a 31       		.uleb128 0x31
 1605 013b 13       		.uleb128 0x13
 1606 013c 01       		.uleb128 0x1
 1607 013d 13       		.uleb128 0x13
 1608 013e 00       		.byte	0
 1609 013f 00       		.byte	0
 1610 0140 18       		.uleb128 0x18
 1611 0141 05       		.uleb128 0x5
 1612 0142 00       		.byte	0
 1613 0143 03       		.uleb128 0x3
 1614 0144 0E       		.uleb128 0xe
 1615 0145 3A       		.uleb128 0x3a
 1616 0146 0B       		.uleb128 0xb
 1617 0147 3B       		.uleb128 0x3b
 1618 0148 0B       		.uleb128 0xb
 1619 0149 49       		.uleb128 0x49
 1620 014a 13       		.uleb128 0x13
 1621 014b 02       		.uleb128 0x2
 1622 014c 17       		.uleb128 0x17
 1623 014d 00       		.byte	0
 1624 014e 00       		.byte	0
 1625 014f 19       		.uleb128 0x19
 1626 0150 26       		.uleb128 0x26
 1627 0151 00       		.byte	0
 1628 0152 00       		.byte	0
 1629 0153 00       		.byte	0
 1630 0154 1A       		.uleb128 0x1a
 1631 0155 2E       		.uleb128 0x2e
 1632 0156 01       		.byte	0x1
ARM GAS  C:\Users\Henry\AppData\Local\Temp\ccd7ELw7.s 			page 38


 1633 0157 3F       		.uleb128 0x3f
 1634 0158 19       		.uleb128 0x19
 1635 0159 03       		.uleb128 0x3
 1636 015a 0E       		.uleb128 0xe
 1637 015b 3A       		.uleb128 0x3a
 1638 015c 0B       		.uleb128 0xb
 1639 015d 3B       		.uleb128 0x3b
 1640 015e 05       		.uleb128 0x5
 1641 015f 27       		.uleb128 0x27
 1642 0160 19       		.uleb128 0x19
 1643 0161 11       		.uleb128 0x11
 1644 0162 01       		.uleb128 0x1
 1645 0163 12       		.uleb128 0x12
 1646 0164 06       		.uleb128 0x6
 1647 0165 40       		.uleb128 0x40
 1648 0166 18       		.uleb128 0x18
 1649 0167 9742     		.uleb128 0x2117
 1650 0169 19       		.uleb128 0x19
 1651 016a 01       		.uleb128 0x1
 1652 016b 13       		.uleb128 0x13
 1653 016c 00       		.byte	0
 1654 016d 00       		.byte	0
 1655 016e 1B       		.uleb128 0x1b
 1656 016f 05       		.uleb128 0x5
 1657 0170 00       		.byte	0
 1658 0171 03       		.uleb128 0x3
 1659 0172 0E       		.uleb128 0xe
 1660 0173 3A       		.uleb128 0x3a
 1661 0174 0B       		.uleb128 0xb
 1662 0175 3B       		.uleb128 0x3b
 1663 0176 05       		.uleb128 0x5
 1664 0177 49       		.uleb128 0x49
 1665 0178 13       		.uleb128 0x13
 1666 0179 02       		.uleb128 0x2
 1667 017a 18       		.uleb128 0x18
 1668 017b 00       		.byte	0
 1669 017c 00       		.byte	0
 1670 017d 1C       		.uleb128 0x1c
 1671 017e 34       		.uleb128 0x34
 1672 017f 00       		.byte	0
 1673 0180 03       		.uleb128 0x3
 1674 0181 0E       		.uleb128 0xe
 1675 0182 3A       		.uleb128 0x3a
 1676 0183 0B       		.uleb128 0xb
 1677 0184 3B       		.uleb128 0x3b
 1678 0185 05       		.uleb128 0x5
 1679 0186 49       		.uleb128 0x49
 1680 0187 13       		.uleb128 0x13
 1681 0188 02       		.uleb128 0x2
 1682 0189 18       		.uleb128 0x18
 1683 018a 00       		.byte	0
 1684 018b 00       		.byte	0
 1685 018c 1D       		.uleb128 0x1d
 1686 018d 0B       		.uleb128 0xb
 1687 018e 01       		.byte	0x1
 1688 018f 11       		.uleb128 0x11
 1689 0190 01       		.uleb128 0x1
ARM GAS  C:\Users\Henry\AppData\Local\Temp\ccd7ELw7.s 			page 39


 1690 0191 12       		.uleb128 0x12
 1691 0192 06       		.uleb128 0x6
 1692 0193 01       		.uleb128 0x1
 1693 0194 13       		.uleb128 0x13
 1694 0195 00       		.byte	0
 1695 0196 00       		.byte	0
 1696 0197 1E       		.uleb128 0x1e
 1697 0198 13       		.uleb128 0x13
 1698 0199 01       		.byte	0x1
 1699 019a 0B       		.uleb128 0xb
 1700 019b 0B       		.uleb128 0xb
 1701 019c 3A       		.uleb128 0x3a
 1702 019d 0B       		.uleb128 0xb
 1703 019e 3B       		.uleb128 0x3b
 1704 019f 05       		.uleb128 0x5
 1705 01a0 01       		.uleb128 0x1
 1706 01a1 13       		.uleb128 0x13
 1707 01a2 00       		.byte	0
 1708 01a3 00       		.byte	0
 1709 01a4 1F       		.uleb128 0x1f
 1710 01a5 0D       		.uleb128 0xd
 1711 01a6 00       		.byte	0
 1712 01a7 03       		.uleb128 0x3
 1713 01a8 0E       		.uleb128 0xe
 1714 01a9 3A       		.uleb128 0x3a
 1715 01aa 0B       		.uleb128 0xb
 1716 01ab 3B       		.uleb128 0x3b
 1717 01ac 05       		.uleb128 0x5
 1718 01ad 49       		.uleb128 0x49
 1719 01ae 13       		.uleb128 0x13
 1720 01af 38       		.uleb128 0x38
 1721 01b0 0B       		.uleb128 0xb
 1722 01b1 00       		.byte	0
 1723 01b2 00       		.byte	0
 1724 01b3 20       		.uleb128 0x20
 1725 01b4 0D       		.uleb128 0xd
 1726 01b5 00       		.byte	0
 1727 01b6 03       		.uleb128 0x3
 1728 01b7 08       		.uleb128 0x8
 1729 01b8 3A       		.uleb128 0x3a
 1730 01b9 0B       		.uleb128 0xb
 1731 01ba 3B       		.uleb128 0x3b
 1732 01bb 05       		.uleb128 0x5
 1733 01bc 49       		.uleb128 0x49
 1734 01bd 13       		.uleb128 0x13
 1735 01be 38       		.uleb128 0x38
 1736 01bf 0B       		.uleb128 0xb
 1737 01c0 00       		.byte	0
 1738 01c1 00       		.byte	0
 1739 01c2 21       		.uleb128 0x21
 1740 01c3 01       		.uleb128 0x1
 1741 01c4 01       		.byte	0x1
 1742 01c5 49       		.uleb128 0x49
 1743 01c6 13       		.uleb128 0x13
 1744 01c7 01       		.uleb128 0x1
 1745 01c8 13       		.uleb128 0x13
 1746 01c9 00       		.byte	0
ARM GAS  C:\Users\Henry\AppData\Local\Temp\ccd7ELw7.s 			page 40


 1747 01ca 00       		.byte	0
 1748 01cb 22       		.uleb128 0x22
 1749 01cc 21       		.uleb128 0x21
 1750 01cd 00       		.byte	0
 1751 01ce 49       		.uleb128 0x49
 1752 01cf 13       		.uleb128 0x13
 1753 01d0 2F       		.uleb128 0x2f
 1754 01d1 0B       		.uleb128 0xb
 1755 01d2 00       		.byte	0
 1756 01d3 00       		.byte	0
 1757 01d4 23       		.uleb128 0x23
 1758 01d5 34       		.uleb128 0x34
 1759 01d6 00       		.byte	0
 1760 01d7 03       		.uleb128 0x3
 1761 01d8 08       		.uleb128 0x8
 1762 01d9 3A       		.uleb128 0x3a
 1763 01da 0B       		.uleb128 0xb
 1764 01db 3B       		.uleb128 0x3b
 1765 01dc 05       		.uleb128 0x5
 1766 01dd 49       		.uleb128 0x49
 1767 01de 13       		.uleb128 0x13
 1768 01df 02       		.uleb128 0x2
 1769 01e0 17       		.uleb128 0x17
 1770 01e1 00       		.byte	0
 1771 01e2 00       		.byte	0
 1772 01e3 24       		.uleb128 0x24
 1773 01e4 898201   		.uleb128 0x4109
 1774 01e7 00       		.byte	0
 1775 01e8 11       		.uleb128 0x11
 1776 01e9 01       		.uleb128 0x1
 1777 01ea 31       		.uleb128 0x31
 1778 01eb 13       		.uleb128 0x13
 1779 01ec 00       		.byte	0
 1780 01ed 00       		.byte	0
 1781 01ee 25       		.uleb128 0x25
 1782 01ef 2E       		.uleb128 0x2e
 1783 01f0 00       		.byte	0
 1784 01f1 3F       		.uleb128 0x3f
 1785 01f2 19       		.uleb128 0x19
 1786 01f3 3C       		.uleb128 0x3c
 1787 01f4 19       		.uleb128 0x19
 1788 01f5 6E       		.uleb128 0x6e
 1789 01f6 0E       		.uleb128 0xe
 1790 01f7 03       		.uleb128 0x3
 1791 01f8 0E       		.uleb128 0xe
 1792 01f9 00       		.byte	0
 1793 01fa 00       		.byte	0
 1794 01fb 26       		.uleb128 0x26
 1795 01fc 2E       		.uleb128 0x2e
 1796 01fd 00       		.byte	0
 1797 01fe 3F       		.uleb128 0x3f
 1798 01ff 19       		.uleb128 0x19
 1799 0200 3C       		.uleb128 0x3c
 1800 0201 19       		.uleb128 0x19
 1801 0202 6E       		.uleb128 0x6e
 1802 0203 0E       		.uleb128 0xe
 1803 0204 03       		.uleb128 0x3
ARM GAS  C:\Users\Henry\AppData\Local\Temp\ccd7ELw7.s 			page 41


 1804 0205 0E       		.uleb128 0xe
 1805 0206 3A       		.uleb128 0x3a
 1806 0207 0B       		.uleb128 0xb
 1807 0208 3B       		.uleb128 0x3b
 1808 0209 0B       		.uleb128 0xb
 1809 020a 00       		.byte	0
 1810 020b 00       		.byte	0
 1811 020c 00       		.byte	0
 1812              		.section	.debug_loc,"",%progbits
 1813              	.Ldebug_loc0:
 1814              	.LLST0:
 1815 0000 02000000 		.4byte	.LVL2
 1816 0004 08000000 		.4byte	.LVL3
 1817 0008 0200     		.2byte	0x2
 1818 000a 30       		.byte	0x30
 1819 000b 9F       		.byte	0x9f
 1820 000c 08000000 		.4byte	.LVL3
 1821 0010 32000000 		.4byte	.LVL11
 1822 0014 0100     		.2byte	0x1
 1823 0016 57       		.byte	0x57
 1824 0017 00000000 		.4byte	0
 1825 001b 00000000 		.4byte	0
 1826              	.LLST1:
 1827 001f 02000000 		.4byte	.LVL2
 1828 0023 08000000 		.4byte	.LVL3
 1829 0027 0200     		.2byte	0x2
 1830 0029 30       		.byte	0x30
 1831 002a 9F       		.byte	0x9f
 1832 002b 08000000 		.4byte	.LVL3
 1833 002f 34000000 		.4byte	.LFE4
 1834 0033 0100     		.2byte	0x1
 1835 0035 52       		.byte	0x52
 1836 0036 00000000 		.4byte	0
 1837 003a 00000000 		.4byte	0
 1838              	.LLST2:
 1839 003e 0C000000 		.4byte	.LVL4
 1840 0042 2C000000 		.4byte	.LVL10
 1841 0046 0100     		.2byte	0x1
 1842 0048 56       		.byte	0x56
 1843 0049 00000000 		.4byte	0
 1844 004d 00000000 		.4byte	0
 1845              	.LLST3:
 1846 0051 0E000000 		.4byte	.LVL5
 1847 0055 24000000 		.4byte	.LVL8
 1848 0059 0100     		.2byte	0x1
 1849 005b 53       		.byte	0x53
 1850 005c 26000000 		.4byte	.LVL9
 1851 0060 2C000000 		.4byte	.LVL10
 1852 0064 0100     		.2byte	0x1
 1853 0066 53       		.byte	0x53
 1854 0067 00000000 		.4byte	0
 1855 006b 00000000 		.4byte	0
 1856              	.LLST4:
 1857 006f 06000000 		.4byte	.LVL12
 1858 0073 10000000 		.4byte	.LVL13
 1859 0077 0100     		.2byte	0x1
 1860 0079 53       		.byte	0x53
ARM GAS  C:\Users\Henry\AppData\Local\Temp\ccd7ELw7.s 			page 42


 1861 007a 00000000 		.4byte	0
 1862 007e 00000000 		.4byte	0
 1863              	.LLST5:
 1864 0082 00000000 		.4byte	.LVL14
 1865 0086 09000000 		.4byte	.LVL16-1
 1866 008a 0100     		.2byte	0x1
 1867 008c 50       		.byte	0x50
 1868 008d 09000000 		.4byte	.LVL16-1
 1869 0091 0C000000 		.4byte	.LFE0
 1870 0095 0400     		.2byte	0x4
 1871 0097 F3       		.byte	0xf3
 1872 0098 01       		.uleb128 0x1
 1873 0099 50       		.byte	0x50
 1874 009a 9F       		.byte	0x9f
 1875 009b 00000000 		.4byte	0
 1876 009f 00000000 		.4byte	0
 1877              	.LLST6:
 1878 00a3 00000000 		.4byte	.LVL14
 1879 00a7 06000000 		.4byte	.LVL15
 1880 00ab 0100     		.2byte	0x1
 1881 00ad 51       		.byte	0x51
 1882 00ae 06000000 		.4byte	.LVL15
 1883 00b2 09000000 		.4byte	.LVL16-1
 1884 00b6 0100     		.2byte	0x1
 1885 00b8 52       		.byte	0x52
 1886 00b9 09000000 		.4byte	.LVL16-1
 1887 00bd 0C000000 		.4byte	.LFE0
 1888 00c1 0400     		.2byte	0x4
 1889 00c3 F3       		.byte	0xf3
 1890 00c4 01       		.uleb128 0x1
 1891 00c5 51       		.byte	0x51
 1892 00c6 9F       		.byte	0x9f
 1893 00c7 00000000 		.4byte	0
 1894 00cb 00000000 		.4byte	0
 1895              	.LLST7:
 1896 00cf 3C000000 		.4byte	.LVL17
 1897 00d3 42000000 		.4byte	.LVL18
 1898 00d7 0200     		.2byte	0x2
 1899 00d9 49       		.byte	0x49
 1900 00da 9F       		.byte	0x9f
 1901 00db 42000000 		.4byte	.LVL18
 1902 00df 96000000 		.4byte	.LVL24
 1903 00e3 0100     		.2byte	0x1
 1904 00e5 55       		.byte	0x55
 1905 00e6 00000000 		.4byte	0
 1906 00ea 00000000 		.4byte	0
 1907              	.LLST8:
 1908 00ee 3C000000 		.4byte	.LVL17
 1909 00f2 42000000 		.4byte	.LVL18
 1910 00f6 0200     		.2byte	0x2
 1911 00f8 30       		.byte	0x30
 1912 00f9 9F       		.byte	0x9f
 1913 00fa 42000000 		.4byte	.LVL18
 1914 00fe 4E000000 		.4byte	.LVL19
 1915 0102 0100     		.2byte	0x1
 1916 0104 54       		.byte	0x54
 1917 0105 52000000 		.4byte	.LVL20
ARM GAS  C:\Users\Henry\AppData\Local\Temp\ccd7ELw7.s 			page 43


 1918 0109 96000000 		.4byte	.LVL24
 1919 010d 0100     		.2byte	0x1
 1920 010f 54       		.byte	0x54
 1921 0110 00000000 		.4byte	0
 1922 0114 00000000 		.4byte	0
 1923              	.LLST9:
 1924 0118 00000000 		.4byte	.LVL25
 1925 011c 05000000 		.4byte	.LVL26-1
 1926 0120 0100     		.2byte	0x1
 1927 0122 50       		.byte	0x50
 1928 0123 05000000 		.4byte	.LVL26-1
 1929 0127 08000000 		.4byte	.LFE1
 1930 012b 0400     		.2byte	0x4
 1931 012d F3       		.byte	0xf3
 1932 012e 01       		.uleb128 0x1
 1933 012f 50       		.byte	0x50
 1934 0130 9F       		.byte	0x9f
 1935 0131 00000000 		.4byte	0
 1936 0135 00000000 		.4byte	0
 1937              	.LLST10:
 1938 0139 00000000 		.4byte	.LVL25
 1939 013d 05000000 		.4byte	.LVL26-1
 1940 0141 0100     		.2byte	0x1
 1941 0143 51       		.byte	0x51
 1942 0144 05000000 		.4byte	.LVL26-1
 1943 0148 08000000 		.4byte	.LFE1
 1944 014c 0400     		.2byte	0x4
 1945 014e F3       		.byte	0xf3
 1946 014f 01       		.uleb128 0x1
 1947 0150 51       		.byte	0x51
 1948 0151 9F       		.byte	0x9f
 1949 0152 00000000 		.4byte	0
 1950 0156 00000000 		.4byte	0
 1951              	.LLST11:
 1952 015a 00000000 		.4byte	.LVL25
 1953 015e 05000000 		.4byte	.LVL26-1
 1954 0162 0100     		.2byte	0x1
 1955 0164 52       		.byte	0x52
 1956 0165 05000000 		.4byte	.LVL26-1
 1957 0169 08000000 		.4byte	.LFE1
 1958 016d 0400     		.2byte	0x4
 1959 016f F3       		.byte	0xf3
 1960 0170 01       		.uleb128 0x1
 1961 0171 52       		.byte	0x52
 1962 0172 9F       		.byte	0x9f
 1963 0173 00000000 		.4byte	0
 1964 0177 00000000 		.4byte	0
 1965              	.LLST12:
 1966 017b 0E000000 		.4byte	.LVL29
 1967 017f 12000000 		.4byte	.LVL30
 1968 0183 0200     		.2byte	0x2
 1969 0185 30       		.byte	0x30
 1970 0186 9F       		.byte	0x9f
 1971 0187 12000000 		.4byte	.LVL30
 1972 018b 2A000000 		.4byte	.LVL32
 1973 018f 0100     		.2byte	0x1
 1974 0191 54       		.byte	0x54
ARM GAS  C:\Users\Henry\AppData\Local\Temp\ccd7ELw7.s 			page 44


 1975 0192 2C000000 		.4byte	.LVL33
 1976 0196 32000000 		.4byte	.LVL34
 1977 019a 0100     		.2byte	0x1
 1978 019c 54       		.byte	0x54
 1979 019d 34000000 		.4byte	.LVL35
 1980 01a1 4A000000 		.4byte	.LVL40
 1981 01a5 0100     		.2byte	0x1
 1982 01a7 54       		.byte	0x54
 1983 01a8 4C000000 		.4byte	.LVL41
 1984 01ac 70000000 		.4byte	.LVL43
 1985 01b0 0100     		.2byte	0x1
 1986 01b2 54       		.byte	0x54
 1987 01b3 00000000 		.4byte	0
 1988 01b7 00000000 		.4byte	0
 1989              	.LLST13:
 1990 01bb 12000000 		.4byte	.LVL30
 1991 01bf 2A000000 		.4byte	.LVL32
 1992 01c3 0B00     		.2byte	0xb
 1993 01c5 74       		.byte	0x74
 1994 01c6 00       		.sleb128 0
 1995 01c7 36       		.byte	0x36
 1996 01c8 1E       		.byte	0x1e
 1997 01c9 03       		.byte	0x3
 1998 01ca 00000000 		.4byte	cfg_memset_list.5018
 1999 01ce 22       		.byte	0x22
 2000 01cf 9F       		.byte	0x9f
 2001 01d0 2A000000 		.4byte	.LVL32
 2002 01d4 2C000000 		.4byte	.LVL33
 2003 01d8 0B00     		.2byte	0xb
 2004 01da 74       		.byte	0x74
 2005 01db 7F       		.sleb128 -1
 2006 01dc 36       		.byte	0x36
 2007 01dd 1E       		.byte	0x1e
 2008 01de 03       		.byte	0x3
 2009 01df 00000000 		.4byte	cfg_memset_list.5018
 2010 01e3 22       		.byte	0x22
 2011 01e4 9F       		.byte	0x9f
 2012 01e5 00000000 		.4byte	0
 2013 01e9 00000000 		.4byte	0
 2014              	.LLST14:
 2015 01ed 34000000 		.4byte	.LVL35
 2016 01f1 4A000000 		.4byte	.LVL40
 2017 01f5 0B00     		.2byte	0xb
 2018 01f7 74       		.byte	0x74
 2019 01f8 00       		.sleb128 0
 2020 01f9 3A       		.byte	0x3a
 2021 01fa 1E       		.byte	0x1e
 2022 01fb 03       		.byte	0x3
 2023 01fc 38000000 		.4byte	cfg_memcpy_list.5019
 2024 0200 22       		.byte	0x22
 2025 0201 9F       		.byte	0x9f
 2026 0202 4A000000 		.4byte	.LVL40
 2027 0206 4C000000 		.4byte	.LVL41
 2028 020a 0B00     		.2byte	0xb
 2029 020c 74       		.byte	0x74
 2030 020d 7F       		.sleb128 -1
 2031 020e 3A       		.byte	0x3a
ARM GAS  C:\Users\Henry\AppData\Local\Temp\ccd7ELw7.s 			page 45


 2032 020f 1E       		.byte	0x1e
 2033 0210 03       		.byte	0x3
 2034 0211 38000000 		.4byte	cfg_memcpy_list.5019
 2035 0215 22       		.byte	0x22
 2036 0216 9F       		.byte	0x9f
 2037 0217 00000000 		.4byte	0
 2038 021b 00000000 		.4byte	0
 2039              	.LLST15:
 2040 021f 44000000 		.4byte	.LVL38
 2041 0223 47000000 		.4byte	.LVL39-1
 2042 0227 0100     		.2byte	0x1
 2043 0229 50       		.byte	0x50
 2044 022a 00000000 		.4byte	0
 2045 022e 00000000 		.4byte	0
 2046              	.LLST16:
 2047 0232 42000000 		.4byte	.LVL37
 2048 0236 47000000 		.4byte	.LVL39-1
 2049 023a 0100     		.2byte	0x1
 2050 023c 51       		.byte	0x51
 2051 023d 00000000 		.4byte	0
 2052 0241 00000000 		.4byte	0
 2053              	.LLST17:
 2054 0245 3E000000 		.4byte	.LVL36
 2055 0249 4C000000 		.4byte	.LVL41
 2056 024d 0300     		.2byte	0x3
 2057 024f 08       		.byte	0x8
 2058 0250 80       		.byte	0x80
 2059 0251 9F       		.byte	0x9f
 2060 0252 00000000 		.4byte	0
 2061 0256 00000000 		.4byte	0
 2062              		.section	.debug_aranges,"",%progbits
 2063 0000 54000000 		.4byte	0x54
 2064 0004 0200     		.2byte	0x2
 2065 0006 00000000 		.4byte	.Ldebug_info0
 2066 000a 04       		.byte	0x4
 2067 000b 00       		.byte	0
 2068 000c 0000     		.2byte	0
 2069 000e 0000     		.2byte	0
 2070 0010 00000000 		.4byte	.LFB3
 2071 0014 02000000 		.4byte	.LFE3-.LFB3
 2072 0018 00000000 		.4byte	.LFB4
 2073 001c 34000000 		.4byte	.LFE4-.LFB4
 2074 0020 00000000 		.4byte	.LFB6
 2075 0024 28000000 		.4byte	.LFE6-.LFB6
 2076 0028 00000000 		.4byte	.LFB0
 2077 002c 0C000000 		.4byte	.LFE0-.LFB0
 2078 0030 00000000 		.4byte	.LFB5
 2079 0034 B8000000 		.4byte	.LFE5-.LFB5
 2080 0038 00000000 		.4byte	.LFB1
 2081 003c 08000000 		.4byte	.LFE1-.LFB1
 2082 0040 00000000 		.4byte	.LFB7
 2083 0044 10000000 		.4byte	.LFE7-.LFB7
 2084 0048 00000000 		.4byte	.LFB8
 2085 004c 10010000 		.4byte	.LFE8-.LFB8
 2086 0050 00000000 		.4byte	0
 2087 0054 00000000 		.4byte	0
 2088              		.section	.debug_ranges,"",%progbits
ARM GAS  C:\Users\Henry\AppData\Local\Temp\ccd7ELw7.s 			page 46


 2089              	.Ldebug_ranges0:
 2090 0000 00000000 		.4byte	.LFB3
 2091 0004 02000000 		.4byte	.LFE3
 2092 0008 00000000 		.4byte	.LFB4
 2093 000c 34000000 		.4byte	.LFE4
 2094 0010 00000000 		.4byte	.LFB6
 2095 0014 28000000 		.4byte	.LFE6
 2096 0018 00000000 		.4byte	.LFB0
 2097 001c 0C000000 		.4byte	.LFE0
 2098 0020 00000000 		.4byte	.LFB5
 2099 0024 B8000000 		.4byte	.LFE5
 2100 0028 00000000 		.4byte	.LFB1
 2101 002c 08000000 		.4byte	.LFE1
 2102 0030 00000000 		.4byte	.LFB7
 2103 0034 10000000 		.4byte	.LFE7
 2104 0038 00000000 		.4byte	.LFB8
 2105 003c 10010000 		.4byte	.LFE8
 2106 0040 00000000 		.4byte	0
 2107 0044 00000000 		.4byte	0
 2108              		.section	.debug_line,"",%progbits
 2109              	.Ldebug_line0:
 2110 0000 EF010000 		.section	.debug_str,"MS",%progbits,1
 2110      0200D600 
 2110      00000201 
 2110      FB0E0D00 
 2110      01010101 
 2111              	.LASF27:
 2112 0000 636F756E 		.ascii	"count\000"
 2112      7400
 2113              	.LASF14:
 2114 0006 75696E74 		.ascii	"uint16\000"
 2114      313600
 2115              	.LASF26:
 2116 000d 62617365 		.ascii	"baseAddr\000"
 2116      41646472 
 2116      00
 2117              	.LASF12:
 2118 0016 73697A65 		.ascii	"size_t\000"
 2118      5F7400
 2119              	.LASF55:
 2120 001d 4379436C 		.ascii	"CyClockStartupError\000"
 2120      6F636B53 
 2120      74617274 
 2120      75704572 
 2120      726F7200 
 2121              	.LASF25:
 2122 0031 64617461 		.ascii	"data_table\000"
 2122      5F746162 
 2122      6C6500
 2123              	.LASF9:
 2124 003c 6C6F6E67 		.ascii	"long long unsigned int\000"
 2124      206C6F6E 
 2124      6720756E 
 2124      7369676E 
 2124      65642069 
 2125              	.LASF24:
 2126 0053 61646472 		.ascii	"addr_table\000"
ARM GAS  C:\Users\Henry\AppData\Local\Temp\ccd7ELw7.s 			page 47


 2126      5F746162 
 2126      6C6500
 2127              	.LASF29:
 2128 005e 416E616C 		.ascii	"AnalogSetDefault\000"
 2128      6F675365 
 2128      74446566 
 2128      61756C74 
 2128      00
 2129              	.LASF1:
 2130 006f 6C6F6E67 		.ascii	"long long int\000"
 2130      206C6F6E 
 2130      6720696E 
 2130      7400
 2131              	.LASF3:
 2132 007d 7369676E 		.ascii	"signed char\000"
 2132      65642063 
 2132      68617200 
 2133              	.LASF28:
 2134 0089 6366675F 		.ascii	"cfg_write_bytes32\000"
 2134      77726974 
 2134      655F6279 
 2134      74657333 
 2134      3200
 2135              	.LASF32:
 2136 009b 436C6F63 		.ascii	"ClockSetup\000"
 2136      6B536574 
 2136      757000
 2137              	.LASF23:
 2138 00a6 6572726F 		.ascii	"errorCode\000"
 2138      72436F64 
 2138      6500
 2139              	.LASF7:
 2140 00b0 6C6F6E67 		.ascii	"long int\000"
 2140      20696E74 
 2140      00
 2141              	.LASF19:
 2142 00b9 72656731 		.ascii	"reg16\000"
 2142      3600
 2143              	.LASF51:
 2144 00bf 6D656D63 		.ascii	"memcpy\000"
 2144      707900
 2145              	.LASF13:
 2146 00c6 75696E74 		.ascii	"uint8\000"
 2146      3800
 2147              	.LASF17:
 2148 00cc 646F7562 		.ascii	"double\000"
 2148      6C6500
 2149              	.LASF31:
 2150 00d3 43594D45 		.ascii	"CYMEMZERO\000"
 2150      4D5A4552 
 2150      4F00
 2151              	.LASF15:
 2152 00dd 75696E74 		.ascii	"uint32\000"
 2152      333200
 2153              	.LASF38:
 2154 00e4 72656756 		.ascii	"regValue\000"
 2154      616C7565 
ARM GAS  C:\Users\Henry\AppData\Local\Temp\ccd7ELw7.s 			page 48


 2154      00
 2155              	.LASF21:
 2156 00ed 76616C75 		.ascii	"value\000"
 2156      6500
 2157              	.LASF0:
 2158 00f3 756E7369 		.ascii	"unsigned int\000"
 2158      676E6564 
 2158      20696E74 
 2158      00
 2159              	.LASF49:
 2160 0100 6E756D42 		.ascii	"numBytes\000"
 2160      79746573 
 2160      00
 2161              	.LASF8:
 2162 0109 6C6F6E67 		.ascii	"long unsigned int\000"
 2162      20756E73 
 2162      69676E65 
 2162      6420696E 
 2162      7400
 2163              	.LASF33:
 2164 011b 74696D65 		.ascii	"timeout\000"
 2164      6F757400 
 2165              	.LASF44:
 2166 0123 6366675F 		.ascii	"cfg_memcpy_t\000"
 2166      6D656D63 
 2166      70795F74 
 2166      00
 2167              	.LASF42:
 2168 0130 73697A65 		.ascii	"size\000"
 2168      00
 2169              	.LASF6:
 2170 0135 73686F72 		.ascii	"short unsigned int\000"
 2170      7420756E 
 2170      7369676E 
 2170      65642069 
 2170      6E7400
 2171              	.LASF54:
 2172 0148 433A5C55 		.ascii	"C:\\Users\\Henry\\Documents\\PSoC Creator\\Serial\\"
 2172      73657273 
 2172      5C48656E 
 2172      72795C44 
 2172      6F63756D 
 2173 0175 52656365 		.ascii	"Receptor_Int.cydsn\000"
 2173      70746F72 
 2173      5F496E74 
 2173      2E637964 
 2173      736E00
 2174              	.LASF10:
 2175 0188 73697A65 		.ascii	"sizetype\000"
 2175      74797065 
 2175      00
 2176              	.LASF2:
 2177 0191 6C6F6E67 		.ascii	"long double\000"
 2177      20646F75 
 2177      626C6500 
 2178              	.LASF30:
 2179 019d 62675F78 		.ascii	"bg_xover_inl_trim\000"
ARM GAS  C:\Users\Henry\AppData\Local\Temp\ccd7ELw7.s 			page 49


 2179      6F766572 
 2179      5F696E6C 
 2179      5F747269 
 2179      6D00
 2180              	.LASF43:
 2181 01af 6366675F 		.ascii	"cfg_memset_t\000"
 2181      6D656D73 
 2181      65745F74 
 2181      00
 2182              	.LASF45:
 2183 01bc 6366675F 		.ascii	"cfg_memset_list\000"
 2183      6D656D73 
 2183      65745F6C 
 2183      69737400 
 2184              	.LASF36:
 2185 01cc 64657374 		.ascii	"dest\000"
 2185      00
 2186              	.LASF16:
 2187 01d1 666C6F61 		.ascii	"float\000"
 2187      7400
 2188              	.LASF56:
 2189 01d7 43794465 		.ascii	"CyDelayCycles\000"
 2189      6C617943 
 2189      79636C65 
 2189      7300
 2190              	.LASF47:
 2191 01e5 64657374 		.ascii	"destPtr\000"
 2191      50747200 
 2192              	.LASF18:
 2193 01ed 72656738 		.ascii	"reg8\000"
 2193      00
 2194              	.LASF4:
 2195 01f2 756E7369 		.ascii	"unsigned char\000"
 2195      676E6564 
 2195      20636861 
 2195      7200
 2196              	.LASF5:
 2197 0200 73686F72 		.ascii	"short int\000"
 2197      7420696E 
 2197      7400
 2198              	.LASF52:
 2199 020a 474E5520 		.ascii	"GNU C11 5.4.1 20160609 (release) [ARM/embedded-5-br"
 2199      43313120 
 2199      352E342E 
 2199      31203230 
 2199      31363036 
 2200 023d 616E6368 		.ascii	"anch revision 237715] -mcpu=cortex-m3 -mthumb -g -O"
 2200      20726576 
 2200      6973696F 
 2200      6E203233 
 2200      37373135 
 2201 0270 67202D66 		.ascii	"g -ffunction-sections -ffat-lto-objects\000"
 2201      66756E63 
 2201      74696F6E 
 2201      2D736563 
 2201      74696F6E 
 2202              	.LASF34:
ARM GAS  C:\Users\Henry\AppData\Local\Temp\ccd7ELw7.s 			page 50


 2203 0298 706C6C4C 		.ascii	"pllLock\000"
 2203      6F636B00 
 2204              	.LASF22:
 2205 02a0 63795F63 		.ascii	"cy_cfg_addrvalue_t\000"
 2205      66675F61 
 2205      64647276 
 2205      616C7565 
 2205      5F7400
 2206              	.LASF11:
 2207 02b3 63686172 		.ascii	"char\000"
 2207      00
 2208              	.LASF48:
 2209 02b8 73726350 		.ascii	"srcPtr\000"
 2209      747200
 2210              	.LASF39:
 2211 02bf 53657441 		.ascii	"SetAnalogRoutingPumps\000"
 2211      6E616C6F 
 2211      67526F75 
 2211      74696E67 
 2211      50756D70 
 2212              	.LASF20:
 2213 02d5 6F666673 		.ascii	"offset\000"
 2213      657400
 2214              	.LASF37:
 2215 02dc 656E6162 		.ascii	"enabled\000"
 2215      6C656400 
 2216              	.LASF50:
 2217 02e4 6D656D73 		.ascii	"memset\000"
 2217      657400
 2218              	.LASF35:
 2219 02eb 4359434F 		.ascii	"CYCONFIGCPY\000"
 2219      4E464947 
 2219      43505900 
 2220              	.LASF53:
 2221 02f7 47656E65 		.ascii	"Generated_Source\\PSoC5\\cyfitter_cfg.c\000"
 2221      72617465 
 2221      645F536F 
 2221      75726365 
 2221      5C50536F 
 2222              	.LASF41:
 2223 031d 61646472 		.ascii	"address\000"
 2223      65737300 
 2224              	.LASF46:
 2225 0325 6366675F 		.ascii	"cfg_memcpy_list\000"
 2225      6D656D63 
 2225      70795F6C 
 2225      69737400 
 2226              	.LASF40:
 2227 0335 63796669 		.ascii	"cyfitter_cfg\000"
 2227      74746572 
 2227      5F636667 
 2227      00
 2228              		.ident	"GCC: (GNU Tools for ARM Embedded Processors) 5.4.1 20160609 (release) [ARM/embedded-5-bran
