ARM GAS  C:\Users\Henry\AppData\Local\Temp\ccVtVZs9.s 			page 1


   1              		.syntax unified
   2              		.cpu cortex-m3
   3              		.fpu softvfp
   4              		.eabi_attribute 20, 1
   5              		.eabi_attribute 21, 1
   6              		.eabi_attribute 23, 3
   7              		.eabi_attribute 24, 1
   8              		.eabi_attribute 25, 1
   9              		.eabi_attribute 26, 1
  10              		.eabi_attribute 30, 1
  11              		.eabi_attribute 34, 1
  12              		.eabi_attribute 18, 4
  13              		.thumb
  14              		.syntax unified
  15              		.file	"cyfitter_cfg.c"
  16              		.text
  17              	.Ltext0:
  18              		.cfi_sections	.debug_frame
  19              		.section	.text.CyClockStartupError,"ax",%progbits
  20              		.align	2
  21              		.thumb
  22              		.thumb_func
  23              		.type	CyClockStartupError, %function
  24              	CyClockStartupError:
  25              	.LFB3:
  26              		.file 1 "Generated_Source\\PSoC5\\cyfitter_cfg.c"
   1:Generated_Source\PSoC5/cyfitter_cfg.c **** 
   2:Generated_Source\PSoC5/cyfitter_cfg.c **** /*******************************************************************************
   3:Generated_Source\PSoC5/cyfitter_cfg.c **** * File Name: cyfitter_cfg.c
   4:Generated_Source\PSoC5/cyfitter_cfg.c **** * 
   5:Generated_Source\PSoC5/cyfitter_cfg.c **** * PSoC Creator  4.4
   6:Generated_Source\PSoC5/cyfitter_cfg.c **** *
   7:Generated_Source\PSoC5/cyfitter_cfg.c **** * Description:
   8:Generated_Source\PSoC5/cyfitter_cfg.c **** * This file contains device initialization code.
   9:Generated_Source\PSoC5/cyfitter_cfg.c **** * Except for the user defined sections in CyClockStartupError(), this file should not be modified.
  10:Generated_Source\PSoC5/cyfitter_cfg.c **** * This file is automatically generated by PSoC Creator.
  11:Generated_Source\PSoC5/cyfitter_cfg.c **** *
  12:Generated_Source\PSoC5/cyfitter_cfg.c **** ********************************************************************************
  13:Generated_Source\PSoC5/cyfitter_cfg.c **** * Copyright (c) 2007-2020 Cypress Semiconductor.  All rights reserved.
  14:Generated_Source\PSoC5/cyfitter_cfg.c **** * You may use this file only in accordance with the license, terms, conditions, 
  15:Generated_Source\PSoC5/cyfitter_cfg.c **** * disclaimers, and limitations in the end user license agreement accompanying 
  16:Generated_Source\PSoC5/cyfitter_cfg.c **** * the software package with which this file was provided.
  17:Generated_Source\PSoC5/cyfitter_cfg.c **** ********************************************************************************/
  18:Generated_Source\PSoC5/cyfitter_cfg.c **** 
  19:Generated_Source\PSoC5/cyfitter_cfg.c **** #include <string.h>
  20:Generated_Source\PSoC5/cyfitter_cfg.c **** #include "cytypes.h"
  21:Generated_Source\PSoC5/cyfitter_cfg.c **** #include "cydevice_trm.h"
  22:Generated_Source\PSoC5/cyfitter_cfg.c **** #include "cyfitter.h"
  23:Generated_Source\PSoC5/cyfitter_cfg.c **** #include "CyLib.h"
  24:Generated_Source\PSoC5/cyfitter_cfg.c **** #include "cyfitter_cfg.h"
  25:Generated_Source\PSoC5/cyfitter_cfg.c **** #include "cyapicallbacks.h"
  26:Generated_Source\PSoC5/cyfitter_cfg.c **** 
  27:Generated_Source\PSoC5/cyfitter_cfg.c **** #define CY_NEED_CYCLOCKSTARTUPERROR 1
  28:Generated_Source\PSoC5/cyfitter_cfg.c **** 
  29:Generated_Source\PSoC5/cyfitter_cfg.c **** 
  30:Generated_Source\PSoC5/cyfitter_cfg.c **** #if defined(__GNUC__) || defined(__ARMCC_VERSION)
  31:Generated_Source\PSoC5/cyfitter_cfg.c ****     #define CYPACKED 
ARM GAS  C:\Users\Henry\AppData\Local\Temp\ccVtVZs9.s 			page 2


  32:Generated_Source\PSoC5/cyfitter_cfg.c ****     #define CYPACKED_ATTR __attribute__ ((packed))
  33:Generated_Source\PSoC5/cyfitter_cfg.c ****     #define CYALIGNED __attribute__ ((aligned))
  34:Generated_Source\PSoC5/cyfitter_cfg.c ****     #define CY_CFG_UNUSED __attribute__ ((unused))
  35:Generated_Source\PSoC5/cyfitter_cfg.c ****     #ifndef CY_CFG_SECTION
  36:Generated_Source\PSoC5/cyfitter_cfg.c ****         #define CY_CFG_SECTION __attribute__ ((section(".psocinit")))
  37:Generated_Source\PSoC5/cyfitter_cfg.c ****     #endif
  38:Generated_Source\PSoC5/cyfitter_cfg.c ****     
  39:Generated_Source\PSoC5/cyfitter_cfg.c ****     #if defined(__ARMCC_VERSION)
  40:Generated_Source\PSoC5/cyfitter_cfg.c ****         #define CY_CFG_MEMORY_BARRIER() __memory_changed()
  41:Generated_Source\PSoC5/cyfitter_cfg.c ****     #else
  42:Generated_Source\PSoC5/cyfitter_cfg.c ****         #define CY_CFG_MEMORY_BARRIER() __sync_synchronize()
  43:Generated_Source\PSoC5/cyfitter_cfg.c ****     #endif
  44:Generated_Source\PSoC5/cyfitter_cfg.c ****     
  45:Generated_Source\PSoC5/cyfitter_cfg.c **** #elif defined(__ICCARM__)
  46:Generated_Source\PSoC5/cyfitter_cfg.c ****     #include <intrinsics.h>
  47:Generated_Source\PSoC5/cyfitter_cfg.c **** 
  48:Generated_Source\PSoC5/cyfitter_cfg.c ****     #define CYPACKED __packed
  49:Generated_Source\PSoC5/cyfitter_cfg.c ****     #define CYPACKED_ATTR 
  50:Generated_Source\PSoC5/cyfitter_cfg.c ****     #define CYALIGNED _Pragma("data_alignment=4")
  51:Generated_Source\PSoC5/cyfitter_cfg.c ****     #define CY_CFG_UNUSED _Pragma("diag_suppress=Pe177")
  52:Generated_Source\PSoC5/cyfitter_cfg.c ****     #define CY_CFG_SECTION _Pragma("location=\".psocinit\"")
  53:Generated_Source\PSoC5/cyfitter_cfg.c ****     
  54:Generated_Source\PSoC5/cyfitter_cfg.c ****     #define CY_CFG_MEMORY_BARRIER() __DMB()
  55:Generated_Source\PSoC5/cyfitter_cfg.c ****     
  56:Generated_Source\PSoC5/cyfitter_cfg.c **** #else
  57:Generated_Source\PSoC5/cyfitter_cfg.c ****     #error Unsupported toolchain
  58:Generated_Source\PSoC5/cyfitter_cfg.c **** #endif
  59:Generated_Source\PSoC5/cyfitter_cfg.c **** 
  60:Generated_Source\PSoC5/cyfitter_cfg.c **** #ifndef CYCODE
  61:Generated_Source\PSoC5/cyfitter_cfg.c ****     #define CYCODE
  62:Generated_Source\PSoC5/cyfitter_cfg.c **** #endif
  63:Generated_Source\PSoC5/cyfitter_cfg.c **** #ifndef CYDATA
  64:Generated_Source\PSoC5/cyfitter_cfg.c ****     #define CYDATA
  65:Generated_Source\PSoC5/cyfitter_cfg.c **** #endif
  66:Generated_Source\PSoC5/cyfitter_cfg.c **** #ifndef CYFAR
  67:Generated_Source\PSoC5/cyfitter_cfg.c ****     #define CYFAR
  68:Generated_Source\PSoC5/cyfitter_cfg.c **** #endif
  69:Generated_Source\PSoC5/cyfitter_cfg.c **** #ifndef CYXDATA
  70:Generated_Source\PSoC5/cyfitter_cfg.c ****     #define CYXDATA
  71:Generated_Source\PSoC5/cyfitter_cfg.c **** #endif
  72:Generated_Source\PSoC5/cyfitter_cfg.c **** 
  73:Generated_Source\PSoC5/cyfitter_cfg.c **** 
  74:Generated_Source\PSoC5/cyfitter_cfg.c **** CY_CFG_UNUSED
  75:Generated_Source\PSoC5/cyfitter_cfg.c **** static void CYMEMZERO(void *s, size_t n);
  76:Generated_Source\PSoC5/cyfitter_cfg.c **** CY_CFG_UNUSED
  77:Generated_Source\PSoC5/cyfitter_cfg.c **** static void CYMEMZERO(void *s, size_t n)
  78:Generated_Source\PSoC5/cyfitter_cfg.c **** {
  79:Generated_Source\PSoC5/cyfitter_cfg.c **** 	(void)memset(s, 0, n);
  80:Generated_Source\PSoC5/cyfitter_cfg.c **** }
  81:Generated_Source\PSoC5/cyfitter_cfg.c **** CY_CFG_UNUSED
  82:Generated_Source\PSoC5/cyfitter_cfg.c **** static void CYCONFIGCPY(void *dest, const void *src, size_t n);
  83:Generated_Source\PSoC5/cyfitter_cfg.c **** CY_CFG_UNUSED
  84:Generated_Source\PSoC5/cyfitter_cfg.c **** static void CYCONFIGCPY(void *dest, const void *src, size_t n)
  85:Generated_Source\PSoC5/cyfitter_cfg.c **** {
  86:Generated_Source\PSoC5/cyfitter_cfg.c **** 	(void)memcpy(dest, src, n);
  87:Generated_Source\PSoC5/cyfitter_cfg.c **** }
  88:Generated_Source\PSoC5/cyfitter_cfg.c **** CY_CFG_UNUSED
ARM GAS  C:\Users\Henry\AppData\Local\Temp\ccVtVZs9.s 			page 3


  89:Generated_Source\PSoC5/cyfitter_cfg.c **** static void CYCONFIGCPYCODE(void *dest, const void *src, size_t n);
  90:Generated_Source\PSoC5/cyfitter_cfg.c **** CY_CFG_UNUSED
  91:Generated_Source\PSoC5/cyfitter_cfg.c **** static void CYCONFIGCPYCODE(void *dest, const void *src, size_t n)
  92:Generated_Source\PSoC5/cyfitter_cfg.c **** {
  93:Generated_Source\PSoC5/cyfitter_cfg.c **** 	(void)memcpy(dest, src, n);
  94:Generated_Source\PSoC5/cyfitter_cfg.c **** }
  95:Generated_Source\PSoC5/cyfitter_cfg.c **** 
  96:Generated_Source\PSoC5/cyfitter_cfg.c **** 
  97:Generated_Source\PSoC5/cyfitter_cfg.c **** 
  98:Generated_Source\PSoC5/cyfitter_cfg.c **** 
  99:Generated_Source\PSoC5/cyfitter_cfg.c **** /* Clock startup error codes                                                   */
 100:Generated_Source\PSoC5/cyfitter_cfg.c **** #define CYCLOCKSTART_NO_ERROR    0u
 101:Generated_Source\PSoC5/cyfitter_cfg.c **** #define CYCLOCKSTART_XTAL_ERROR  1u
 102:Generated_Source\PSoC5/cyfitter_cfg.c **** #define CYCLOCKSTART_32KHZ_ERROR 2u
 103:Generated_Source\PSoC5/cyfitter_cfg.c **** #define CYCLOCKSTART_PLL_ERROR   3u
 104:Generated_Source\PSoC5/cyfitter_cfg.c **** #define CYCLOCKSTART_FLL_ERROR   4u
 105:Generated_Source\PSoC5/cyfitter_cfg.c **** #define CYCLOCKSTART_WCO_ERROR   5u
 106:Generated_Source\PSoC5/cyfitter_cfg.c **** 
 107:Generated_Source\PSoC5/cyfitter_cfg.c **** 
 108:Generated_Source\PSoC5/cyfitter_cfg.c **** #ifdef CY_NEED_CYCLOCKSTARTUPERROR
 109:Generated_Source\PSoC5/cyfitter_cfg.c **** /*******************************************************************************
 110:Generated_Source\PSoC5/cyfitter_cfg.c **** * Function Name: CyClockStartupError
 111:Generated_Source\PSoC5/cyfitter_cfg.c **** ********************************************************************************
 112:Generated_Source\PSoC5/cyfitter_cfg.c **** * Summary:
 113:Generated_Source\PSoC5/cyfitter_cfg.c **** *  If an error is encountered during clock configuration (crystal startup error,
 114:Generated_Source\PSoC5/cyfitter_cfg.c **** *  PLL lock error, etc.), the system will end up here.  Unless reimplemented by
 115:Generated_Source\PSoC5/cyfitter_cfg.c **** *  the customer, this function will stop in an infinite loop.
 116:Generated_Source\PSoC5/cyfitter_cfg.c **** *
 117:Generated_Source\PSoC5/cyfitter_cfg.c **** * Parameters:
 118:Generated_Source\PSoC5/cyfitter_cfg.c **** *   void
 119:Generated_Source\PSoC5/cyfitter_cfg.c **** *
 120:Generated_Source\PSoC5/cyfitter_cfg.c **** * Return:
 121:Generated_Source\PSoC5/cyfitter_cfg.c **** *   void
 122:Generated_Source\PSoC5/cyfitter_cfg.c **** *
 123:Generated_Source\PSoC5/cyfitter_cfg.c **** *******************************************************************************/
 124:Generated_Source\PSoC5/cyfitter_cfg.c **** CY_CFG_UNUSED
 125:Generated_Source\PSoC5/cyfitter_cfg.c **** static void CyClockStartupError(uint8 errorCode);
 126:Generated_Source\PSoC5/cyfitter_cfg.c **** CY_CFG_UNUSED
 127:Generated_Source\PSoC5/cyfitter_cfg.c **** static void CyClockStartupError(uint8 errorCode)
 128:Generated_Source\PSoC5/cyfitter_cfg.c **** {
  27              		.loc 1 128 0
  28              		.cfi_startproc
  29              		@ Volatile: function does not return.
  30              		@ args = 0, pretend = 0, frame = 0
  31              		@ frame_needed = 0, uses_anonymous_args = 0
  32              		@ link register save eliminated.
  33              	.LVL0:
  34              	.L2:
  35 0000 FEE7     		b	.L2
  36              		.cfi_endproc
  37              	.LFE3:
  38              		.size	CyClockStartupError, .-CyClockStartupError
  39 0002 00BF     		.section	.text.cfg_write_bytes32,"ax",%progbits
  40              		.align	2
  41              		.thumb
  42              		.thumb_func
  43              		.type	cfg_write_bytes32, %function
ARM GAS  C:\Users\Henry\AppData\Local\Temp\ccVtVZs9.s 			page 4


  44              	cfg_write_bytes32:
  45              	.LFB4:
 129:Generated_Source\PSoC5/cyfitter_cfg.c ****     /* To remove the compiler warning if errorCode not used.                */
 130:Generated_Source\PSoC5/cyfitter_cfg.c ****     errorCode = errorCode;
 131:Generated_Source\PSoC5/cyfitter_cfg.c **** 
 132:Generated_Source\PSoC5/cyfitter_cfg.c ****     /* If we have a clock startup error (bad MHz crystal, PLL lock, etc.),  */
 133:Generated_Source\PSoC5/cyfitter_cfg.c ****     /* we will end up here to allow the customer to implement something to  */
 134:Generated_Source\PSoC5/cyfitter_cfg.c ****     /* deal with the clock condition.                                       */
 135:Generated_Source\PSoC5/cyfitter_cfg.c **** 
 136:Generated_Source\PSoC5/cyfitter_cfg.c **** #ifdef CY_CFG_CLOCK_STARTUP_ERROR_CALLBACK
 137:Generated_Source\PSoC5/cyfitter_cfg.c ****     CY_CFG_Clock_Startup_ErrorCallback();
 138:Generated_Source\PSoC5/cyfitter_cfg.c **** #else
 139:Generated_Source\PSoC5/cyfitter_cfg.c ****     /*  If not using CY_CFG_CLOCK_STARTUP_ERROR_CALLBACK, place your clock startup code here. */
 140:Generated_Source\PSoC5/cyfitter_cfg.c ****     /* `#START CyClockStartupError` */
 141:Generated_Source\PSoC5/cyfitter_cfg.c **** 
 142:Generated_Source\PSoC5/cyfitter_cfg.c **** 
 143:Generated_Source\PSoC5/cyfitter_cfg.c **** 
 144:Generated_Source\PSoC5/cyfitter_cfg.c ****     /* `#END` */
 145:Generated_Source\PSoC5/cyfitter_cfg.c **** 
 146:Generated_Source\PSoC5/cyfitter_cfg.c ****     while(1) {}
 147:Generated_Source\PSoC5/cyfitter_cfg.c **** #endif /* CY_CFG_CLOCK_STARTUP_ERROR_CALLBACK */
 148:Generated_Source\PSoC5/cyfitter_cfg.c **** }
 149:Generated_Source\PSoC5/cyfitter_cfg.c **** #endif
 150:Generated_Source\PSoC5/cyfitter_cfg.c **** 
 151:Generated_Source\PSoC5/cyfitter_cfg.c **** #define CY_CFG_BASE_ADDR_COUNT 12u
 152:Generated_Source\PSoC5/cyfitter_cfg.c **** CYPACKED typedef struct
 153:Generated_Source\PSoC5/cyfitter_cfg.c **** {
 154:Generated_Source\PSoC5/cyfitter_cfg.c **** 	uint8 offset;
 155:Generated_Source\PSoC5/cyfitter_cfg.c **** 	uint8 value;
 156:Generated_Source\PSoC5/cyfitter_cfg.c **** } CYPACKED_ATTR cy_cfg_addrvalue_t;
 157:Generated_Source\PSoC5/cyfitter_cfg.c **** 
 158:Generated_Source\PSoC5/cyfitter_cfg.c **** #define cy_cfg_addr_table ((const uint32 CYFAR *)0x48000000u)
 159:Generated_Source\PSoC5/cyfitter_cfg.c **** #define cy_cfg_data_table ((const cy_cfg_addrvalue_t CYFAR *)0x48000030u)
 160:Generated_Source\PSoC5/cyfitter_cfg.c **** 
 161:Generated_Source\PSoC5/cyfitter_cfg.c **** /* IOPINS0_8 Address: CYREG_PRT15_DR Size (bytes): 10 */
 162:Generated_Source\PSoC5/cyfitter_cfg.c **** #define BS_IOPINS0_8_VAL ((const uint8 CYFAR *)0x4800006Cu)
 163:Generated_Source\PSoC5/cyfitter_cfg.c **** 
 164:Generated_Source\PSoC5/cyfitter_cfg.c **** /* IOPINS0_1 Address: CYREG_PRT1_DM0 Size (bytes): 8 */
 165:Generated_Source\PSoC5/cyfitter_cfg.c **** #define BS_IOPINS0_1_VAL ((const uint8 CYFAR *)0x48000078u)
 166:Generated_Source\PSoC5/cyfitter_cfg.c **** 
 167:Generated_Source\PSoC5/cyfitter_cfg.c **** /* IOPINS0_2 Address: CYREG_PRT2_DM0 Size (bytes): 8 */
 168:Generated_Source\PSoC5/cyfitter_cfg.c **** #define BS_IOPINS0_2_VAL ((const uint8 CYFAR *)0x48000080u)
 169:Generated_Source\PSoC5/cyfitter_cfg.c **** 
 170:Generated_Source\PSoC5/cyfitter_cfg.c **** 
 171:Generated_Source\PSoC5/cyfitter_cfg.c **** /*******************************************************************************
 172:Generated_Source\PSoC5/cyfitter_cfg.c **** * Function Name: cfg_write_bytes32
 173:Generated_Source\PSoC5/cyfitter_cfg.c **** ********************************************************************************
 174:Generated_Source\PSoC5/cyfitter_cfg.c **** * Summary:
 175:Generated_Source\PSoC5/cyfitter_cfg.c **** *  This function is used for setting up the chip configuration areas that
 176:Generated_Source\PSoC5/cyfitter_cfg.c **** *  contain relatively sparse data.
 177:Generated_Source\PSoC5/cyfitter_cfg.c **** *
 178:Generated_Source\PSoC5/cyfitter_cfg.c **** * Parameters:
 179:Generated_Source\PSoC5/cyfitter_cfg.c **** *   void
 180:Generated_Source\PSoC5/cyfitter_cfg.c **** *
 181:Generated_Source\PSoC5/cyfitter_cfg.c **** * Return:
 182:Generated_Source\PSoC5/cyfitter_cfg.c **** *   void
 183:Generated_Source\PSoC5/cyfitter_cfg.c **** *
ARM GAS  C:\Users\Henry\AppData\Local\Temp\ccVtVZs9.s 			page 5


 184:Generated_Source\PSoC5/cyfitter_cfg.c **** *******************************************************************************/
 185:Generated_Source\PSoC5/cyfitter_cfg.c **** static void cfg_write_bytes32(const uint32 addr_table[], const cy_cfg_addrvalue_t data_table[]);
 186:Generated_Source\PSoC5/cyfitter_cfg.c **** static void cfg_write_bytes32(const uint32 addr_table[], const cy_cfg_addrvalue_t data_table[])
 187:Generated_Source\PSoC5/cyfitter_cfg.c **** {
  46              		.loc 1 187 0
  47              		.cfi_startproc
  48              		@ args = 0, pretend = 0, frame = 0
  49              		@ frame_needed = 0, uses_anonymous_args = 0
  50              		@ link register save eliminated.
  51              	.LVL1:
  52              		.loc 1 187 0
  53 0000 F0B4     		push	{r4, r5, r6, r7}
  54              		.cfi_def_cfa_offset 16
  55              		.cfi_offset 4, -16
  56              		.cfi_offset 5, -12
  57              		.cfi_offset 6, -8
  58              		.cfi_offset 7, -4
  59              	.LVL2:
 188:Generated_Source\PSoC5/cyfitter_cfg.c **** 	/* For 32-bit little-endian architectures */
 189:Generated_Source\PSoC5/cyfitter_cfg.c **** 	uint32 i, j = 0u;
  60              		.loc 1 189 0
  61 0002 0022     		movs	r2, #0
 190:Generated_Source\PSoC5/cyfitter_cfg.c **** 	for (i = 0u; i < CY_CFG_BASE_ADDR_COUNT; i++)
  62              		.loc 1 190 0
  63 0004 1746     		mov	r7, r2
  64 0006 11E0     		b	.L4
  65              	.LVL3:
  66              	.L7:
  67              	.LBB2:
 191:Generated_Source\PSoC5/cyfitter_cfg.c **** 	{
 192:Generated_Source\PSoC5/cyfitter_cfg.c **** 		uint32 baseAddr = addr_table[i];
  68              		.loc 1 192 0
  69 0008 50F82760 		ldr	r6, [r0, r7, lsl #2]
  70              	.LVL4:
 193:Generated_Source\PSoC5/cyfitter_cfg.c **** 		uint8 count = (uint8)baseAddr;
  71              		.loc 1 193 0
  72 000c F3B2     		uxtb	r3, r6
  73              	.LVL5:
 194:Generated_Source\PSoC5/cyfitter_cfg.c **** 		baseAddr &= 0xFFFFFF00u;
  74              		.loc 1 194 0
  75 000e 26F0FF06 		bic	r6, r6, #255
  76              	.LVL6:
 195:Generated_Source\PSoC5/cyfitter_cfg.c **** 		while (count != 0u)
  77              		.loc 1 195 0
  78 0012 08E0     		b	.L5
  79              	.L6:
 196:Generated_Source\PSoC5/cyfitter_cfg.c **** 		{
 197:Generated_Source\PSoC5/cyfitter_cfg.c **** 			CY_SET_REG8((void *)(baseAddr + data_table[j].offset), data_table[j].value);
  80              		.loc 1 197 0
  81 0014 01EB4205 		add	r5, r1, r2, lsl #1
  82 0018 11F81240 		ldrb	r4, [r1, r2, lsl #1]	@ zero_extendqisi2
  83 001c 6D78     		ldrb	r5, [r5, #1]	@ zero_extendqisi2
  84 001e A555     		strb	r5, [r4, r6]
 198:Generated_Source\PSoC5/cyfitter_cfg.c **** 			j++;
  85              		.loc 1 198 0
  86 0020 0132     		adds	r2, r2, #1
  87              	.LVL7:
ARM GAS  C:\Users\Henry\AppData\Local\Temp\ccVtVZs9.s 			page 6


 199:Generated_Source\PSoC5/cyfitter_cfg.c **** 			count--;
  88              		.loc 1 199 0
  89 0022 013B     		subs	r3, r3, #1
  90              	.LVL8:
  91 0024 DBB2     		uxtb	r3, r3
  92              	.LVL9:
  93              	.L5:
 195:Generated_Source\PSoC5/cyfitter_cfg.c **** 		{
  94              		.loc 1 195 0
  95 0026 002B     		cmp	r3, #0
  96 0028 F4D1     		bne	.L6
  97              	.LBE2:
 190:Generated_Source\PSoC5/cyfitter_cfg.c **** 	{
  98              		.loc 1 190 0 discriminator 2
  99 002a 0137     		adds	r7, r7, #1
 100              	.LVL10:
 101              	.L4:
 190:Generated_Source\PSoC5/cyfitter_cfg.c **** 	{
 102              		.loc 1 190 0 is_stmt 0 discriminator 1
 103 002c 0B2F     		cmp	r7, #11
 104 002e EBD9     		bls	.L7
 200:Generated_Source\PSoC5/cyfitter_cfg.c **** 		}
 201:Generated_Source\PSoC5/cyfitter_cfg.c **** 	}
 202:Generated_Source\PSoC5/cyfitter_cfg.c **** }
 105              		.loc 1 202 0 is_stmt 1
 106 0030 F0BC     		pop	{r4, r5, r6, r7}
 107              		.cfi_restore 7
 108              		.cfi_restore 6
 109              		.cfi_restore 5
 110              		.cfi_restore 4
 111              		.cfi_def_cfa_offset 0
 112              	.LVL11:
 113 0032 7047     		bx	lr
 114              		.cfi_endproc
 115              	.LFE4:
 116              		.size	cfg_write_bytes32, .-cfg_write_bytes32
 117              		.section	.text.AnalogSetDefault,"ax",%progbits
 118              		.align	2
 119              		.thumb
 120              		.thumb_func
 121              		.type	AnalogSetDefault, %function
 122              	AnalogSetDefault:
 123              	.LFB6:
 203:Generated_Source\PSoC5/cyfitter_cfg.c **** 
 204:Generated_Source\PSoC5/cyfitter_cfg.c **** /*******************************************************************************
 205:Generated_Source\PSoC5/cyfitter_cfg.c **** * Function Name: ClockSetup
 206:Generated_Source\PSoC5/cyfitter_cfg.c **** ********************************************************************************
 207:Generated_Source\PSoC5/cyfitter_cfg.c **** *
 208:Generated_Source\PSoC5/cyfitter_cfg.c **** * Summary:
 209:Generated_Source\PSoC5/cyfitter_cfg.c **** *  Performs the initialization of all of the clocks in the device based on the
 210:Generated_Source\PSoC5/cyfitter_cfg.c **** *  settings in the Clock tab of the DWR.  This includes enabling the requested
 211:Generated_Source\PSoC5/cyfitter_cfg.c **** *  clocks and setting the necessary dividers to produce the desired frequency. 
 212:Generated_Source\PSoC5/cyfitter_cfg.c **** *
 213:Generated_Source\PSoC5/cyfitter_cfg.c **** * Parameters:
 214:Generated_Source\PSoC5/cyfitter_cfg.c **** *  void
 215:Generated_Source\PSoC5/cyfitter_cfg.c **** *
 216:Generated_Source\PSoC5/cyfitter_cfg.c **** * Return:
ARM GAS  C:\Users\Henry\AppData\Local\Temp\ccVtVZs9.s 			page 7


 217:Generated_Source\PSoC5/cyfitter_cfg.c **** *  void
 218:Generated_Source\PSoC5/cyfitter_cfg.c **** *
 219:Generated_Source\PSoC5/cyfitter_cfg.c **** *******************************************************************************/
 220:Generated_Source\PSoC5/cyfitter_cfg.c **** static void ClockSetup(void);
 221:Generated_Source\PSoC5/cyfitter_cfg.c **** static void ClockSetup(void)
 222:Generated_Source\PSoC5/cyfitter_cfg.c **** {
 223:Generated_Source\PSoC5/cyfitter_cfg.c **** 	uint32 timeout;
 224:Generated_Source\PSoC5/cyfitter_cfg.c **** 	uint8 pllLock;
 225:Generated_Source\PSoC5/cyfitter_cfg.c **** 
 226:Generated_Source\PSoC5/cyfitter_cfg.c **** 
 227:Generated_Source\PSoC5/cyfitter_cfg.c **** 	/* Configure ILO based on settings from Clock DWR */
 228:Generated_Source\PSoC5/cyfitter_cfg.c **** 	CY_SET_XTND_REG8((void CYFAR *)(CYREG_SLOWCLK_ILO_CR0), 0x06u);
 229:Generated_Source\PSoC5/cyfitter_cfg.c **** 
 230:Generated_Source\PSoC5/cyfitter_cfg.c **** 	/* Configure IMO based on settings from Clock DWR */
 231:Generated_Source\PSoC5/cyfitter_cfg.c **** 	CY_SET_XTND_REG8((void CYFAR *)(CYREG_FASTCLK_IMO_CR), 0x52u);
 232:Generated_Source\PSoC5/cyfitter_cfg.c **** 	CY_SET_XTND_REG8((void CYFAR *)(CYREG_IMO_TR1), (CY_GET_XTND_REG8((void CYFAR *)CYREG_FLSHID_CUST_
 233:Generated_Source\PSoC5/cyfitter_cfg.c **** 
 234:Generated_Source\PSoC5/cyfitter_cfg.c **** 	/* Configure PLL based on settings from Clock DWR */
 235:Generated_Source\PSoC5/cyfitter_cfg.c **** 	CY_SET_XTND_REG16((void CYFAR *)(CYREG_FASTCLK_PLL_P), 0x0818u);
 236:Generated_Source\PSoC5/cyfitter_cfg.c **** 	CY_SET_XTND_REG16((void CYFAR *)(CYREG_FASTCLK_PLL_CFG0), 0x1251u);
 237:Generated_Source\PSoC5/cyfitter_cfg.c **** 	/* Wait up to 250us for the PLL to lock */
 238:Generated_Source\PSoC5/cyfitter_cfg.c **** 	pllLock = 0u;
 239:Generated_Source\PSoC5/cyfitter_cfg.c **** 	for (timeout = 250u / 10u; (timeout > 0u) && (pllLock != 0x03u); timeout--)
 240:Generated_Source\PSoC5/cyfitter_cfg.c **** 	{ 
 241:Generated_Source\PSoC5/cyfitter_cfg.c **** 		pllLock = 0x03u & ((uint8)((uint8)pllLock << 1) | ((CY_GET_XTND_REG8((void CYFAR *)CYREG_FASTCLK_
 242:Generated_Source\PSoC5/cyfitter_cfg.c **** 		CyDelayCycles(10u * 48u); /* Delay 10us based on 48MHz clock */
 243:Generated_Source\PSoC5/cyfitter_cfg.c **** 	}
 244:Generated_Source\PSoC5/cyfitter_cfg.c **** 	/* If we ran out of time the PLL didn't lock so go to the error function */
 245:Generated_Source\PSoC5/cyfitter_cfg.c **** 	if (timeout == 0u)
 246:Generated_Source\PSoC5/cyfitter_cfg.c **** 	{
 247:Generated_Source\PSoC5/cyfitter_cfg.c **** 		CyClockStartupError(CYCLOCKSTART_PLL_ERROR);
 248:Generated_Source\PSoC5/cyfitter_cfg.c **** 	}
 249:Generated_Source\PSoC5/cyfitter_cfg.c **** 
 250:Generated_Source\PSoC5/cyfitter_cfg.c **** 	/* Configure Bus/Master Clock based on settings from Clock DWR */
 251:Generated_Source\PSoC5/cyfitter_cfg.c **** 	CY_SET_XTND_REG16((void CYFAR *)(CYREG_CLKDIST_MSTR0), 0x0100u);
 252:Generated_Source\PSoC5/cyfitter_cfg.c **** 	CY_SET_XTND_REG8((void CYFAR *)(CYREG_CLKDIST_MSTR0), 0x07u);
 253:Generated_Source\PSoC5/cyfitter_cfg.c **** 	CY_SET_XTND_REG8((void CYFAR *)(CYREG_CLKDIST_BCFG0), 0x00u);
 254:Generated_Source\PSoC5/cyfitter_cfg.c **** 	CY_SET_XTND_REG8((void CYFAR *)(CYREG_CLKDIST_BCFG2), 0x48u);
 255:Generated_Source\PSoC5/cyfitter_cfg.c **** 	CY_SET_XTND_REG8((void CYFAR *)(CYREG_CLKDIST_MSTR0), 0x00u);
 256:Generated_Source\PSoC5/cyfitter_cfg.c **** 
 257:Generated_Source\PSoC5/cyfitter_cfg.c **** 	/* Configure USB Clock based on settings from Clock DWR */
 258:Generated_Source\PSoC5/cyfitter_cfg.c **** 	CY_SET_XTND_REG8((void CYFAR *)(CYREG_CLKDIST_UCFG), 0x00u);
 259:Generated_Source\PSoC5/cyfitter_cfg.c **** 	CY_SET_XTND_REG8((void CYFAR *)(CYREG_CLKDIST_LD), 0x02u);
 260:Generated_Source\PSoC5/cyfitter_cfg.c **** }
 261:Generated_Source\PSoC5/cyfitter_cfg.c **** 
 262:Generated_Source\PSoC5/cyfitter_cfg.c **** 
 263:Generated_Source\PSoC5/cyfitter_cfg.c **** /* Analog API Functions */
 264:Generated_Source\PSoC5/cyfitter_cfg.c **** 
 265:Generated_Source\PSoC5/cyfitter_cfg.c **** 
 266:Generated_Source\PSoC5/cyfitter_cfg.c **** /*******************************************************************************
 267:Generated_Source\PSoC5/cyfitter_cfg.c **** * Function Name: AnalogSetDefault
 268:Generated_Source\PSoC5/cyfitter_cfg.c **** ********************************************************************************
 269:Generated_Source\PSoC5/cyfitter_cfg.c **** *
 270:Generated_Source\PSoC5/cyfitter_cfg.c **** * Summary:
 271:Generated_Source\PSoC5/cyfitter_cfg.c **** *  Sets up the analog portions of the chip to default values based on chip
 272:Generated_Source\PSoC5/cyfitter_cfg.c **** *  configuration options from the project.
 273:Generated_Source\PSoC5/cyfitter_cfg.c **** *
ARM GAS  C:\Users\Henry\AppData\Local\Temp\ccVtVZs9.s 			page 8


 274:Generated_Source\PSoC5/cyfitter_cfg.c **** * Parameters:
 275:Generated_Source\PSoC5/cyfitter_cfg.c **** *  void
 276:Generated_Source\PSoC5/cyfitter_cfg.c **** *
 277:Generated_Source\PSoC5/cyfitter_cfg.c **** * Return:
 278:Generated_Source\PSoC5/cyfitter_cfg.c **** *  void
 279:Generated_Source\PSoC5/cyfitter_cfg.c **** *
 280:Generated_Source\PSoC5/cyfitter_cfg.c **** *******************************************************************************/
 281:Generated_Source\PSoC5/cyfitter_cfg.c **** static void AnalogSetDefault(void);
 282:Generated_Source\PSoC5/cyfitter_cfg.c **** static void AnalogSetDefault(void)
 283:Generated_Source\PSoC5/cyfitter_cfg.c **** {
 124              		.loc 1 283 0
 125              		.cfi_startproc
 126              		@ args = 0, pretend = 0, frame = 0
 127              		@ frame_needed = 0, uses_anonymous_args = 0
 128              		@ link register save eliminated.
 284:Generated_Source\PSoC5/cyfitter_cfg.c **** 	uint8 bg_xover_inl_trim = CY_GET_XTND_REG8((void CYFAR *)(CYREG_FLSHID_MFG_CFG_BG_XOVER_INL_TRIM +
 129              		.loc 1 284 0
 130 0000 064B     		ldr	r3, .L10
 131 0002 1B78     		ldrb	r3, [r3]	@ zero_extendqisi2
 132 0004 DBB2     		uxtb	r3, r3
 133              	.LVL12:
 285:Generated_Source\PSoC5/cyfitter_cfg.c **** 	CY_SET_XTND_REG8((void CYFAR *)(CYREG_BG_DFT0), (bg_xover_inl_trim & 0x07u));
 134              		.loc 1 285 0
 135 0006 03F00701 		and	r1, r3, #7
 136 000a 054A     		ldr	r2, .L10+4
 137 000c 1170     		strb	r1, [r2]
 286:Generated_Source\PSoC5/cyfitter_cfg.c **** 	CY_SET_XTND_REG8((void CYFAR *)(CYREG_BG_DFT1), ((bg_xover_inl_trim >> 4) & 0x0Fu));
 138              		.loc 1 286 0
 139 000e 1B09     		lsrs	r3, r3, #4
 140              	.LVL13:
 141 0010 0132     		adds	r2, r2, #1
 142 0012 1370     		strb	r3, [r2]
 287:Generated_Source\PSoC5/cyfitter_cfg.c **** 	CY_SET_XTND_REG8((void CYFAR *)CYREG_PUMP_CR0, 0x44u);
 143              		.loc 1 287 0
 144 0014 4422     		movs	r2, #68
 145 0016 034B     		ldr	r3, .L10+8
 146 0018 1A70     		strb	r2, [r3]
 147 001a 7047     		bx	lr
 148              	.L11:
 149              		.align	2
 150              	.L10:
 151 001c CF010049 		.word	1224737231
 152 0020 6E580040 		.word	1073764462
 153 0024 76580040 		.word	1073764470
 154              		.cfi_endproc
 155              	.LFE6:
 156              		.size	AnalogSetDefault, .-AnalogSetDefault
 157              		.section	.text.ClockSetup,"ax",%progbits
 158              		.align	2
 159              		.thumb
 160              		.thumb_func
 161              		.type	ClockSetup, %function
 162              	ClockSetup:
 163              	.LFB5:
 222:Generated_Source\PSoC5/cyfitter_cfg.c **** 	uint32 timeout;
 164              		.loc 1 222 0
 165              		.cfi_startproc
ARM GAS  C:\Users\Henry\AppData\Local\Temp\ccVtVZs9.s 			page 9


 166              		@ args = 0, pretend = 0, frame = 0
 167              		@ frame_needed = 0, uses_anonymous_args = 0
 168 0000 38B5     		push	{r3, r4, r5, lr}
 169              		.cfi_def_cfa_offset 16
 170              		.cfi_offset 3, -16
 171              		.cfi_offset 4, -12
 172              		.cfi_offset 5, -8
 173              		.cfi_offset 14, -4
 228:Generated_Source\PSoC5/cyfitter_cfg.c **** 
 174              		.loc 1 228 0
 175 0002 0622     		movs	r2, #6
 176 0004 1E4B     		ldr	r3, .L18
 177 0006 1A70     		strb	r2, [r3]
 231:Generated_Source\PSoC5/cyfitter_cfg.c **** 	CY_SET_XTND_REG8((void CYFAR *)(CYREG_IMO_TR1), (CY_GET_XTND_REG8((void CYFAR *)CYREG_FLSHID_CUST_
 178              		.loc 1 231 0
 179 0008 5222     		movs	r2, #82
 180 000a A3F58073 		sub	r3, r3, #256
 181 000e 1A70     		strb	r2, [r3]
 232:Generated_Source\PSoC5/cyfitter_cfg.c **** 
 182              		.loc 1 232 0
 183 0010 1C4B     		ldr	r3, .L18+4
 184 0012 1B78     		ldrb	r3, [r3]	@ zero_extendqisi2
 185 0014 DBB2     		uxtb	r3, r3
 186 0016 1C4A     		ldr	r2, .L18+8
 187 0018 1370     		strb	r3, [r2]
 235:Generated_Source\PSoC5/cyfitter_cfg.c **** 	CY_SET_XTND_REG16((void CYFAR *)(CYREG_FASTCLK_PLL_CFG0), 0x1251u);
 188              		.loc 1 235 0
 189 001a 40F61802 		movw	r2, #2072
 190 001e 1B4B     		ldr	r3, .L18+12
 191 0020 1A80     		strh	r2, [r3]	@ movhi
 236:Generated_Source\PSoC5/cyfitter_cfg.c **** 	/* Wait up to 250us for the PLL to lock */
 192              		.loc 1 236 0
 193 0022 41F25122 		movw	r2, #4689
 194 0026 023B     		subs	r3, r3, #2
 195 0028 1A80     		strh	r2, [r3]	@ movhi
 196              	.LVL14:
 238:Generated_Source\PSoC5/cyfitter_cfg.c **** 	for (timeout = 250u / 10u; (timeout > 0u) && (pllLock != 0x03u); timeout--)
 197              		.loc 1 238 0
 198 002a 0024     		movs	r4, #0
 239:Generated_Source\PSoC5/cyfitter_cfg.c **** 	{ 
 199              		.loc 1 239 0
 200 002c 1925     		movs	r5, #25
 201 002e 0CE0     		b	.L13
 202              	.LVL15:
 203              	.L15:
 241:Generated_Source\PSoC5/cyfitter_cfg.c **** 		CyDelayCycles(10u * 48u); /* Delay 10us based on 48MHz clock */
 204              		.loc 1 241 0 discriminator 4
 205 0030 174B     		ldr	r3, .L18+16
 206 0032 1B78     		ldrb	r3, [r3]	@ zero_extendqisi2
 207 0034 03F00103 		and	r3, r3, #1
 208 0038 43EA4404 		orr	r4, r3, r4, lsl #1
 209              	.LVL16:
 210 003c 04F00304 		and	r4, r4, #3
 211              	.LVL17:
 242:Generated_Source\PSoC5/cyfitter_cfg.c **** 	}
 212              		.loc 1 242 0 discriminator 4
 213 0040 4FF4F070 		mov	r0, #480
ARM GAS  C:\Users\Henry\AppData\Local\Temp\ccVtVZs9.s 			page 10


 214 0044 FFF7FEFF 		bl	CyDelayCycles
 215              	.LVL18:
 239:Generated_Source\PSoC5/cyfitter_cfg.c **** 	{ 
 216              		.loc 1 239 0 discriminator 4
 217 0048 013D     		subs	r5, r5, #1
 218              	.LVL19:
 219              	.L13:
 239:Generated_Source\PSoC5/cyfitter_cfg.c **** 	{ 
 220              		.loc 1 239 0 is_stmt 0 discriminator 1
 221 004a 0DB1     		cbz	r5, .L14
 239:Generated_Source\PSoC5/cyfitter_cfg.c **** 	{ 
 222              		.loc 1 239 0 discriminator 3
 223 004c 032C     		cmp	r4, #3
 224 004e EFD1     		bne	.L15
 225              	.L14:
 245:Generated_Source\PSoC5/cyfitter_cfg.c **** 	{
 226              		.loc 1 245 0 is_stmt 1
 227 0050 15B9     		cbnz	r5, .L16
 247:Generated_Source\PSoC5/cyfitter_cfg.c **** 	}
 228              		.loc 1 247 0
 229 0052 0320     		movs	r0, #3
 230 0054 FFF7FEFF 		bl	CyClockStartupError
 231              	.LVL20:
 232              	.L16:
 251:Generated_Source\PSoC5/cyfitter_cfg.c **** 	CY_SET_XTND_REG8((void CYFAR *)(CYREG_CLKDIST_MSTR0), 0x07u);
 233              		.loc 1 251 0
 234 0058 0E4A     		ldr	r2, .L18+20
 235 005a 4FF48073 		mov	r3, #256
 236 005e 1380     		strh	r3, [r2]	@ movhi
 252:Generated_Source\PSoC5/cyfitter_cfg.c **** 	CY_SET_XTND_REG8((void CYFAR *)(CYREG_CLKDIST_BCFG0), 0x00u);
 237              		.loc 1 252 0
 238 0060 0723     		movs	r3, #7
 239 0062 1370     		strb	r3, [r2]
 253:Generated_Source\PSoC5/cyfitter_cfg.c **** 	CY_SET_XTND_REG8((void CYFAR *)(CYREG_CLKDIST_BCFG2), 0x48u);
 240              		.loc 1 253 0
 241 0064 0023     		movs	r3, #0
 242 0066 0C49     		ldr	r1, .L18+24
 243 0068 0B70     		strb	r3, [r1]
 254:Generated_Source\PSoC5/cyfitter_cfg.c **** 	CY_SET_XTND_REG8((void CYFAR *)(CYREG_CLKDIST_MSTR0), 0x00u);
 244              		.loc 1 254 0
 245 006a 4820     		movs	r0, #72
 246 006c 0231     		adds	r1, r1, #2
 247 006e 0870     		strb	r0, [r1]
 255:Generated_Source\PSoC5/cyfitter_cfg.c **** 
 248              		.loc 1 255 0
 249 0070 1370     		strb	r3, [r2]
 258:Generated_Source\PSoC5/cyfitter_cfg.c **** 	CY_SET_XTND_REG8((void CYFAR *)(CYREG_CLKDIST_LD), 0x02u);
 250              		.loc 1 258 0
 251 0072 0532     		adds	r2, r2, #5
 252 0074 1370     		strb	r3, [r2]
 259:Generated_Source\PSoC5/cyfitter_cfg.c **** }
 253              		.loc 1 259 0
 254 0076 0222     		movs	r2, #2
 255 0078 084B     		ldr	r3, .L18+28
 256 007a 1A70     		strb	r2, [r3]
 257 007c 38BD     		pop	{r3, r4, r5, pc}
 258              	.LVL21:
ARM GAS  C:\Users\Henry\AppData\Local\Temp\ccVtVZs9.s 			page 11


 259              	.L19:
 260 007e 00BF     		.align	2
 261              	.L18:
 262 0080 00430040 		.word	1073758976
 263 0084 0F010049 		.word	1224737039
 264 0088 A1460040 		.word	1073759905
 265 008c 22420040 		.word	1073758754
 266 0090 25420040 		.word	1073758757
 267 0094 04400040 		.word	1073758212
 268 0098 06400040 		.word	1073758214
 269 009c 01400040 		.word	1073758209
 270              		.cfi_endproc
 271              	.LFE5:
 272              		.size	ClockSetup, .-ClockSetup
 273              		.section	.text.CYMEMZERO,"ax",%progbits
 274              		.align	2
 275              		.thumb
 276              		.thumb_func
 277              		.type	CYMEMZERO, %function
 278              	CYMEMZERO:
 279              	.LFB0:
  78:Generated_Source\PSoC5/cyfitter_cfg.c **** 	(void)memset(s, 0, n);
 280              		.loc 1 78 0
 281              		.cfi_startproc
 282              		@ args = 0, pretend = 0, frame = 0
 283              		@ frame_needed = 0, uses_anonymous_args = 0
 284              	.LVL22:
 285 0000 08B5     		push	{r3, lr}
 286              		.cfi_def_cfa_offset 8
 287              		.cfi_offset 3, -8
 288              		.cfi_offset 14, -4
  79:Generated_Source\PSoC5/cyfitter_cfg.c **** }
 289              		.loc 1 79 0
 290 0002 0A46     		mov	r2, r1
 291 0004 0021     		movs	r1, #0
 292              	.LVL23:
 293 0006 FFF7FEFF 		bl	memset
 294              	.LVL24:
 295 000a 08BD     		pop	{r3, pc}
 296              		.cfi_endproc
 297              	.LFE0:
 298              		.size	CYMEMZERO, .-CYMEMZERO
 299              		.section	.text.CYCONFIGCPY,"ax",%progbits
 300              		.align	2
 301              		.thumb
 302              		.thumb_func
 303              		.type	CYCONFIGCPY, %function
 304              	CYCONFIGCPY:
 305              	.LFB1:
  85:Generated_Source\PSoC5/cyfitter_cfg.c **** 	(void)memcpy(dest, src, n);
 306              		.loc 1 85 0
 307              		.cfi_startproc
 308              		@ args = 0, pretend = 0, frame = 0
 309              		@ frame_needed = 0, uses_anonymous_args = 0
 310              	.LVL25:
 311 0000 08B5     		push	{r3, lr}
 312              		.cfi_def_cfa_offset 8
ARM GAS  C:\Users\Henry\AppData\Local\Temp\ccVtVZs9.s 			page 12


 313              		.cfi_offset 3, -8
 314              		.cfi_offset 14, -4
  86:Generated_Source\PSoC5/cyfitter_cfg.c **** }
 315              		.loc 1 86 0
 316 0002 FFF7FEFF 		bl	memcpy
 317              	.LVL26:
 318 0006 08BD     		pop	{r3, pc}
 319              		.cfi_endproc
 320              	.LFE1:
 321              		.size	CYCONFIGCPY, .-CYCONFIGCPY
 322              		.section	.text.SetAnalogRoutingPumps,"ax",%progbits
 323              		.align	2
 324              		.global	SetAnalogRoutingPumps
 325              		.thumb
 326              		.thumb_func
 327              		.type	SetAnalogRoutingPumps, %function
 328              	SetAnalogRoutingPumps:
 329              	.LFB7:
 288:Generated_Source\PSoC5/cyfitter_cfg.c **** }
 289:Generated_Source\PSoC5/cyfitter_cfg.c **** 
 290:Generated_Source\PSoC5/cyfitter_cfg.c **** 
 291:Generated_Source\PSoC5/cyfitter_cfg.c **** /*******************************************************************************
 292:Generated_Source\PSoC5/cyfitter_cfg.c **** * Function Name: SetAnalogRoutingPumps
 293:Generated_Source\PSoC5/cyfitter_cfg.c **** ********************************************************************************
 294:Generated_Source\PSoC5/cyfitter_cfg.c **** *
 295:Generated_Source\PSoC5/cyfitter_cfg.c **** * Summary:
 296:Generated_Source\PSoC5/cyfitter_cfg.c **** * Enables or disables the analog pumps feeding analog routing switches.
 297:Generated_Source\PSoC5/cyfitter_cfg.c **** * Intended to be called at startup, based on the Vdda system configuration;
 298:Generated_Source\PSoC5/cyfitter_cfg.c **** * may be called during operation when the user informs us that the Vdda voltage
 299:Generated_Source\PSoC5/cyfitter_cfg.c **** * crossed the pump threshold.
 300:Generated_Source\PSoC5/cyfitter_cfg.c **** *
 301:Generated_Source\PSoC5/cyfitter_cfg.c **** * Parameters:
 302:Generated_Source\PSoC5/cyfitter_cfg.c **** *  enabled - 1 to enable the pumps, 0 to disable the pumps
 303:Generated_Source\PSoC5/cyfitter_cfg.c **** *
 304:Generated_Source\PSoC5/cyfitter_cfg.c **** * Return:
 305:Generated_Source\PSoC5/cyfitter_cfg.c **** *  void
 306:Generated_Source\PSoC5/cyfitter_cfg.c **** *
 307:Generated_Source\PSoC5/cyfitter_cfg.c **** *******************************************************************************/
 308:Generated_Source\PSoC5/cyfitter_cfg.c **** void SetAnalogRoutingPumps(uint8 enabled)
 309:Generated_Source\PSoC5/cyfitter_cfg.c **** {
 330              		.loc 1 309 0
 331              		.cfi_startproc
 332              		@ args = 0, pretend = 0, frame = 0
 333              		@ frame_needed = 0, uses_anonymous_args = 0
 334              		@ link register save eliminated.
 335              	.LVL27:
 310:Generated_Source\PSoC5/cyfitter_cfg.c **** 	uint8 regValue = CY_GET_XTND_REG8((void CYFAR *)CYREG_PUMP_CR0);
 336              		.loc 1 310 0
 337 0000 024A     		ldr	r2, .L25
 338 0002 1378     		ldrb	r3, [r2]	@ zero_extendqisi2
 339 0004 DBB2     		uxtb	r3, r3
 340              	.LVL28:
 311:Generated_Source\PSoC5/cyfitter_cfg.c **** 	if (enabled != 0u)
 312:Generated_Source\PSoC5/cyfitter_cfg.c **** 	{
 313:Generated_Source\PSoC5/cyfitter_cfg.c **** 		regValue |= 0x00u;
 314:Generated_Source\PSoC5/cyfitter_cfg.c **** 	}
 315:Generated_Source\PSoC5/cyfitter_cfg.c **** 	else
ARM GAS  C:\Users\Henry\AppData\Local\Temp\ccVtVZs9.s 			page 13


 316:Generated_Source\PSoC5/cyfitter_cfg.c **** 	{
 317:Generated_Source\PSoC5/cyfitter_cfg.c **** 		regValue &= (uint8)~0x00u;
 318:Generated_Source\PSoC5/cyfitter_cfg.c **** 	}
 319:Generated_Source\PSoC5/cyfitter_cfg.c **** 	CY_SET_XTND_REG8((void CYFAR *)CYREG_PUMP_CR0, regValue);
 341              		.loc 1 319 0
 342 0006 1370     		strb	r3, [r2]
 343 0008 7047     		bx	lr
 344              	.L26:
 345 000a 00BF     		.align	2
 346              	.L25:
 347 000c 76580040 		.word	1073764470
 348              		.cfi_endproc
 349              	.LFE7:
 350              		.size	SetAnalogRoutingPumps, .-SetAnalogRoutingPumps
 351              		.section	.text.cyfitter_cfg,"ax",%progbits
 352              		.align	2
 353              		.global	cyfitter_cfg
 354              		.thumb
 355              		.thumb_func
 356              		.type	cyfitter_cfg, %function
 357              	cyfitter_cfg:
 358              	.LFB8:
 320:Generated_Source\PSoC5/cyfitter_cfg.c **** }
 321:Generated_Source\PSoC5/cyfitter_cfg.c **** 
 322:Generated_Source\PSoC5/cyfitter_cfg.c **** 
 323:Generated_Source\PSoC5/cyfitter_cfg.c **** 
 324:Generated_Source\PSoC5/cyfitter_cfg.c **** 
 325:Generated_Source\PSoC5/cyfitter_cfg.c **** /*******************************************************************************
 326:Generated_Source\PSoC5/cyfitter_cfg.c **** * Function Name: cyfitter_cfg
 327:Generated_Source\PSoC5/cyfitter_cfg.c **** ********************************************************************************
 328:Generated_Source\PSoC5/cyfitter_cfg.c **** * Summary:
 329:Generated_Source\PSoC5/cyfitter_cfg.c **** *  This function is called by the start-up code for the selected device. It
 330:Generated_Source\PSoC5/cyfitter_cfg.c **** *  performs all of the necessary device configuration based on the design
 331:Generated_Source\PSoC5/cyfitter_cfg.c **** *  settings.  This includes settings from the Design Wide Resources (DWR) such
 332:Generated_Source\PSoC5/cyfitter_cfg.c **** *  as Clocks and Pins as well as any component configuration that is necessary.
 333:Generated_Source\PSoC5/cyfitter_cfg.c **** *
 334:Generated_Source\PSoC5/cyfitter_cfg.c **** * Parameters:
 335:Generated_Source\PSoC5/cyfitter_cfg.c **** *   void
 336:Generated_Source\PSoC5/cyfitter_cfg.c **** *
 337:Generated_Source\PSoC5/cyfitter_cfg.c **** * Return:
 338:Generated_Source\PSoC5/cyfitter_cfg.c **** *   void
 339:Generated_Source\PSoC5/cyfitter_cfg.c **** *
 340:Generated_Source\PSoC5/cyfitter_cfg.c **** *******************************************************************************/
 341:Generated_Source\PSoC5/cyfitter_cfg.c **** 
 342:Generated_Source\PSoC5/cyfitter_cfg.c **** void cyfitter_cfg(void)
 343:Generated_Source\PSoC5/cyfitter_cfg.c **** {
 359              		.loc 1 343 0
 360              		.cfi_startproc
 361              		@ args = 0, pretend = 0, frame = 0
 362              		@ frame_needed = 0, uses_anonymous_args = 0
 363 0000 38B5     		push	{r3, r4, r5, lr}
 364              		.cfi_def_cfa_offset 16
 365              		.cfi_offset 3, -16
 366              		.cfi_offset 4, -12
 367              		.cfi_offset 5, -8
 368              		.cfi_offset 14, -4
 344:Generated_Source\PSoC5/cyfitter_cfg.c **** #ifdef CYGlobalIntDisable
ARM GAS  C:\Users\Henry\AppData\Local\Temp\ccVtVZs9.s 			page 14


 345:Generated_Source\PSoC5/cyfitter_cfg.c **** 	/* Disable interrupts by default. Let user enable if/when they want. */
 346:Generated_Source\PSoC5/cyfitter_cfg.c **** 	CYGlobalIntDisable
 369              		.loc 1 346 0
 370              		.syntax unified
 371              	@ 346 "Generated_Source\PSoC5\cyfitter_cfg.c" 1
 372 0002 72B6     		CPSID   i
 373              	@ 0 "" 2
 347:Generated_Source\PSoC5/cyfitter_cfg.c **** #endif
 348:Generated_Source\PSoC5/cyfitter_cfg.c **** 
 349:Generated_Source\PSoC5/cyfitter_cfg.c **** 
 350:Generated_Source\PSoC5/cyfitter_cfg.c **** 	/* Set Flash Cycles based on max possible frequency in case a glitch occurs during ClockSetup(). *
 351:Generated_Source\PSoC5/cyfitter_cfg.c **** 	CY_SET_XTND_REG8((void CYFAR *)(CYREG_CACHE_CC_CTL), (((CYDEV_INSTRUCT_CACHE_ENABLED) != 0) ? 0x61
 374              		.loc 1 351 0
 375              		.thumb
 376              		.syntax unified
 377 0004 234C     		ldr	r4, .L31
 378 0006 6123     		movs	r3, #97
 379 0008 2370     		strb	r3, [r4]
 352:Generated_Source\PSoC5/cyfitter_cfg.c **** 	/* Setup clocks based on selections from Clock DWR */
 353:Generated_Source\PSoC5/cyfitter_cfg.c **** 	ClockSetup();
 380              		.loc 1 353 0
 381 000a FFF7FEFF 		bl	ClockSetup
 382              	.LVL29:
 354:Generated_Source\PSoC5/cyfitter_cfg.c **** 	/* Set Flash Cycles based on newly configured 64.00MHz Bus Clock. */
 355:Generated_Source\PSoC5/cyfitter_cfg.c **** 	CY_SET_XTND_REG8((void CYFAR *)(CYREG_CACHE_CC_CTL), (((CYDEV_INSTRUCT_CACHE_ENABLED) != 0) ? 0x01
 383              		.loc 1 355 0
 384 000e 0123     		movs	r3, #1
 385 0010 2370     		strb	r3, [r4]
 356:Generated_Source\PSoC5/cyfitter_cfg.c **** 	/* Enable/Disable Debug functionality based on settings from System DWR */
 357:Generated_Source\PSoC5/cyfitter_cfg.c **** 	CY_SET_XTND_REG8((void CYFAR *)CYREG_MLOGIC_DEBUG, (CY_GET_XTND_REG8((void CYFAR *)CYREG_MLOGIC_DE
 386              		.loc 1 357 0
 387 0012 214A     		ldr	r2, .L31+4
 388 0014 1378     		ldrb	r3, [r2]	@ zero_extendqisi2
 389 0016 43F00403 		orr	r3, r3, #4
 390 001a 1370     		strb	r3, [r2]
 391              	.LVL30:
 392              	.LBB3:
 358:Generated_Source\PSoC5/cyfitter_cfg.c **** 
 359:Generated_Source\PSoC5/cyfitter_cfg.c **** 	{
 360:Generated_Source\PSoC5/cyfitter_cfg.c **** 
 361:Generated_Source\PSoC5/cyfitter_cfg.c **** 		CYPACKED typedef struct {
 362:Generated_Source\PSoC5/cyfitter_cfg.c **** 			void CYFAR *address;
 363:Generated_Source\PSoC5/cyfitter_cfg.c **** 			uint16 size;
 364:Generated_Source\PSoC5/cyfitter_cfg.c **** 		} CYPACKED_ATTR cfg_memset_t;
 365:Generated_Source\PSoC5/cyfitter_cfg.c **** 
 366:Generated_Source\PSoC5/cyfitter_cfg.c **** 		static const cfg_memset_t CYCODE cfg_memset_list[] = {
 367:Generated_Source\PSoC5/cyfitter_cfg.c **** 			/* address, size */
 368:Generated_Source\PSoC5/cyfitter_cfg.c **** 			{(void CYFAR *)(CYREG_PRT0_DR), 16u},
 369:Generated_Source\PSoC5/cyfitter_cfg.c **** 			{(void CYFAR *)(CYREG_PRT3_DR), 64u},
 370:Generated_Source\PSoC5/cyfitter_cfg.c **** 			{(void CYFAR *)(CYREG_PRT12_DR), 16u},
 371:Generated_Source\PSoC5/cyfitter_cfg.c **** 			{(void CYFAR *)(CYDEV_UCFG_B0_P0_U0_BASE), 4096u},
 372:Generated_Source\PSoC5/cyfitter_cfg.c **** 			{(void CYFAR *)(CYDEV_UCFG_B1_P2_U0_BASE), 2048u},
 373:Generated_Source\PSoC5/cyfitter_cfg.c **** 			{(void CYFAR *)(CYDEV_UCFG_DSI0_BASE), 2560u},
 374:Generated_Source\PSoC5/cyfitter_cfg.c **** 			{(void CYFAR *)(CYDEV_UCFG_DSI12_BASE), 512u},
 375:Generated_Source\PSoC5/cyfitter_cfg.c **** 			{(void CYFAR *)(CYREG_BCTL0_MDCLK_EN), 32u},
 376:Generated_Source\PSoC5/cyfitter_cfg.c **** 		};
 377:Generated_Source\PSoC5/cyfitter_cfg.c **** 
ARM GAS  C:\Users\Henry\AppData\Local\Temp\ccVtVZs9.s 			page 15


 378:Generated_Source\PSoC5/cyfitter_cfg.c **** 		uint8 CYDATA i;
 379:Generated_Source\PSoC5/cyfitter_cfg.c **** 
 380:Generated_Source\PSoC5/cyfitter_cfg.c **** 		/* Zero out critical memory blocks before beginning configuration */
 381:Generated_Source\PSoC5/cyfitter_cfg.c **** 		for (i = 0u; i < (sizeof(cfg_memset_list)/sizeof(cfg_memset_list[0])); i++)
 393              		.loc 1 381 0
 394 001c 0024     		movs	r4, #0
 395 001e 0CE0     		b	.L28
 396              	.LVL31:
 397              	.L29:
 398              	.LBB4:
 382:Generated_Source\PSoC5/cyfitter_cfg.c **** 		{
 383:Generated_Source\PSoC5/cyfitter_cfg.c **** 			const cfg_memset_t CYCODE * CYDATA ms = &cfg_memset_list[i];
 384:Generated_Source\PSoC5/cyfitter_cfg.c **** 			CYMEMZERO(ms->address, (size_t)(uint32)(ms->size));
 399              		.loc 1 384 0 discriminator 3
 400 0020 1E4D     		ldr	r5, .L31+8
 401 0022 6300     		lsls	r3, r4, #1
 402 0024 1919     		adds	r1, r3, r4
 403 0026 4A00     		lsls	r2, r1, #1
 404 0028 1146     		mov	r1, r2
 405 002a 2A44     		add	r2, r2, r5
 406 002c 0846     		mov	r0, r1
 407 002e 9188     		ldrh	r1, [r2, #4]
 408 0030 2858     		ldr	r0, [r5, r0]	@ unaligned
 409 0032 FFF7FEFF 		bl	CYMEMZERO
 410              	.LVL32:
 411              	.LBE4:
 381:Generated_Source\PSoC5/cyfitter_cfg.c **** 		{
 412              		.loc 1 381 0 discriminator 3
 413 0036 0134     		adds	r4, r4, #1
 414              	.LVL33:
 415 0038 E4B2     		uxtb	r4, r4
 416              	.LVL34:
 417              	.L28:
 381:Generated_Source\PSoC5/cyfitter_cfg.c **** 		{
 418              		.loc 1 381 0 is_stmt 0 discriminator 1
 419 003a 072C     		cmp	r4, #7
 420 003c F0D9     		bls	.L29
 385:Generated_Source\PSoC5/cyfitter_cfg.c **** 		}
 386:Generated_Source\PSoC5/cyfitter_cfg.c **** 
 387:Generated_Source\PSoC5/cyfitter_cfg.c **** 		cfg_write_bytes32(cy_cfg_addr_table, cy_cfg_data_table);
 421              		.loc 1 387 0 is_stmt 1
 422 003e 1849     		ldr	r1, .L31+12
 423 0040 4FF09040 		mov	r0, #1207959552
 424 0044 FFF7FEFF 		bl	cfg_write_bytes32
 425              	.LVL35:
 388:Generated_Source\PSoC5/cyfitter_cfg.c **** 
 389:Generated_Source\PSoC5/cyfitter_cfg.c **** 		/* Enable digital routing */
 390:Generated_Source\PSoC5/cyfitter_cfg.c **** 		CY_SET_XTND_REG8((void CYFAR *)CYREG_BCTL0_BANK_CTL, CY_GET_XTND_REG8((void CYFAR *)CYREG_BCTL0_B
 426              		.loc 1 390 0
 427 0048 164A     		ldr	r2, .L31+16
 428 004a 1378     		ldrb	r3, [r2]	@ zero_extendqisi2
 429 004c 43F00203 		orr	r3, r3, #2
 430 0050 1370     		strb	r3, [r2]
 391:Generated_Source\PSoC5/cyfitter_cfg.c **** 		CY_SET_XTND_REG8((void CYFAR *)CYREG_BCTL1_BANK_CTL, CY_GET_XTND_REG8((void CYFAR *)CYREG_BCTL1_B
 431              		.loc 1 391 0
 432 0052 1032     		adds	r2, r2, #16
 433 0054 1378     		ldrb	r3, [r2]	@ zero_extendqisi2
ARM GAS  C:\Users\Henry\AppData\Local\Temp\ccVtVZs9.s 			page 16


 434 0056 43F00203 		orr	r3, r3, #2
 435 005a 1370     		strb	r3, [r2]
 436              	.LBE3:
 392:Generated_Source\PSoC5/cyfitter_cfg.c **** 	}
 393:Generated_Source\PSoC5/cyfitter_cfg.c **** 
 394:Generated_Source\PSoC5/cyfitter_cfg.c **** 
 395:Generated_Source\PSoC5/cyfitter_cfg.c **** 	/* Perform second pass device configuration. These items must be configured in specific order afte
 396:Generated_Source\PSoC5/cyfitter_cfg.c **** 	CYCONFIGCPY((void CYFAR *)(CYREG_PRT15_DR), (const void CYFAR *)(BS_IOPINS0_8_VAL), 10u);
 437              		.loc 1 396 0
 438 005c 0A22     		movs	r2, #10
 439 005e 1249     		ldr	r1, .L31+20
 440 0060 1248     		ldr	r0, .L31+24
 441 0062 FFF7FEFF 		bl	CYCONFIGCPY
 442              	.LVL36:
 397:Generated_Source\PSoC5/cyfitter_cfg.c **** 	CYCONFIGCPY((void CYFAR *)(CYREG_PRT1_DM0), (const void CYFAR *)(BS_IOPINS0_1_VAL), 8u);
 443              		.loc 1 397 0
 444 0066 0822     		movs	r2, #8
 445 0068 1149     		ldr	r1, .L31+28
 446 006a 1248     		ldr	r0, .L31+32
 447 006c FFF7FEFF 		bl	CYCONFIGCPY
 448              	.LVL37:
 398:Generated_Source\PSoC5/cyfitter_cfg.c **** 	CYCONFIGCPY((void CYFAR *)(CYREG_PRT2_DM0), (const void CYFAR *)(BS_IOPINS0_2_VAL), 8u);
 449              		.loc 1 398 0
 450 0070 0822     		movs	r2, #8
 451 0072 1149     		ldr	r1, .L31+36
 452 0074 1148     		ldr	r0, .L31+40
 453 0076 FFF7FEFF 		bl	CYCONFIGCPY
 454              	.LVL38:
 399:Generated_Source\PSoC5/cyfitter_cfg.c **** 	/* Switch Boost to the precision bandgap reference from its internal reference */
 400:Generated_Source\PSoC5/cyfitter_cfg.c **** 	CY_SET_REG8((void CYXDATA *)CYREG_BOOST_CR2, (CY_GET_REG8((void CYXDATA *)CYREG_BOOST_CR2) | 0x08u
 455              		.loc 1 400 0
 456 007a 114A     		ldr	r2, .L31+44
 457 007c 1378     		ldrb	r3, [r2]	@ zero_extendqisi2
 458 007e 43F00803 		orr	r3, r3, #8
 459 0082 1370     		strb	r3, [r2]
 401:Generated_Source\PSoC5/cyfitter_cfg.c **** 
 402:Generated_Source\PSoC5/cyfitter_cfg.c **** 	/* Perform basic analog initialization to defaults */
 403:Generated_Source\PSoC5/cyfitter_cfg.c **** 	AnalogSetDefault();
 460              		.loc 1 403 0
 461 0084 FFF7FEFF 		bl	AnalogSetDefault
 462              	.LVL39:
 404:Generated_Source\PSoC5/cyfitter_cfg.c **** 
 405:Generated_Source\PSoC5/cyfitter_cfg.c **** 	/* Configure alternate active mode */
 406:Generated_Source\PSoC5/cyfitter_cfg.c **** 	CYCONFIGCPY((void CYFAR *)CYDEV_PM_STBY_BASE, (const void CYFAR *)CYDEV_PM_ACT_BASE, 14u);
 463              		.loc 1 406 0
 464 0088 0E22     		movs	r2, #14
 465 008a 0E49     		ldr	r1, .L31+48
 466 008c 0E48     		ldr	r0, .L31+52
 467 008e FFF7FEFF 		bl	CYCONFIGCPY
 468              	.LVL40:
 469 0092 38BD     		pop	{r3, r4, r5, pc}
 470              	.LVL41:
 471              	.L32:
 472              		.align	2
 473              	.L31:
 474 0094 00480040 		.word	1073760256
 475 0098 E8460040 		.word	1073759976
ARM GAS  C:\Users\Henry\AppData\Local\Temp\ccVtVZs9.s 			page 17


 476 009c 00000000 		.word	.LANCHOR0
 477 00a0 30000048 		.word	1207959600
 478 00a4 03500140 		.word	1073827843
 479 00a8 6C000048 		.word	1207959660
 480 00ac F0510040 		.word	1073762800
 481 00b0 78000048 		.word	1207959672
 482 00b4 12510040 		.word	1073762578
 483 00b8 80000048 		.word	1207959680
 484 00bc 22510040 		.word	1073762594
 485 00c0 22430040 		.word	1073759010
 486 00c4 A0430040 		.word	1073759136
 487 00c8 B0430040 		.word	1073759152
 488              		.cfi_endproc
 489              	.LFE8:
 490              		.size	cyfitter_cfg, .-cyfitter_cfg
 491              		.section	.rodata
 492              		.align	2
 493              		.set	.LANCHOR0,. + 0
 494              		.type	cfg_memset_list.5013, %object
 495              		.size	cfg_memset_list.5013, 48
 496              	cfg_memset_list.5013:
 497 0000 00510040 		.word	1073762560
 498 0004 1000     		.short	16
 499 0006 30510040 		.4byte	1073762608
 500 000a 4000     		.short	64
 501 000c C0510040 		.word	1073762752
 502 0010 1000     		.short	16
 503 0012 00000140 		.4byte	1073807360
 504 0016 0010     		.short	4096
 505 0018 00140140 		.word	1073812480
 506 001c 0008     		.short	2048
 507 001e 00400140 		.4byte	1073823744
 508 0022 000A     		.short	2560
 509 0024 004C0140 		.word	1073826816
 510 0028 0002     		.short	512
 511 002a 00500140 		.4byte	1073827840
 512 002e 2000     		.short	32
 513              		.text
 514              	.Letext0:
 515              		.file 2 "c:\\program files (x86)\\cypress\\psoc creator\\4.4\\psoc creator\\import\\gnu\\arm\\5.4.
 516              		.file 3 "Generated_Source\\PSoC5\\cytypes.h"
 517              		.file 4 "Generated_Source\\PSoC5\\CyLib.h"
 518              		.section	.debug_info,"",%progbits
 519              	.Ldebug_info0:
 520 0000 C8040000 		.4byte	0x4c8
 521 0004 0400     		.2byte	0x4
 522 0006 00000000 		.4byte	.Ldebug_abbrev0
 523 000a 04       		.byte	0x4
 524 000b 01       		.uleb128 0x1
 525 000c 9F000000 		.4byte	.LASF47
 526 0010 0C       		.byte	0xc
 527 0011 2C020000 		.4byte	.LASF48
 528 0015 8E020000 		.4byte	.LASF49
 529 0019 00000000 		.4byte	.Ldebug_ranges0+0
 530 001d 00000000 		.4byte	0
 531 0021 00000000 		.4byte	.Ldebug_line0
 532 0025 02       		.uleb128 0x2
ARM GAS  C:\Users\Henry\AppData\Local\Temp\ccVtVZs9.s 			page 18


 533 0026 04       		.byte	0x4
 534 0027 05       		.byte	0x5
 535 0028 696E7400 		.ascii	"int\000"
 536 002c 03       		.uleb128 0x3
 537 002d 19000000 		.4byte	.LASF12
 538 0031 02       		.byte	0x2
 539 0032 D8       		.byte	0xd8
 540 0033 37000000 		.4byte	0x37
 541 0037 04       		.uleb128 0x4
 542 0038 04       		.byte	0x4
 543 0039 07       		.byte	0x7
 544 003a D3010000 		.4byte	.LASF0
 545 003e 04       		.uleb128 0x4
 546 003f 08       		.byte	0x8
 547 0040 05       		.byte	0x5
 548 0041 1E020000 		.4byte	.LASF1
 549 0045 04       		.uleb128 0x4
 550 0046 08       		.byte	0x8
 551 0047 04       		.byte	0x4
 552 0048 CB020000 		.4byte	.LASF2
 553 004c 04       		.uleb128 0x4
 554 004d 01       		.byte	0x1
 555 004e 06       		.byte	0x6
 556 004f E9020000 		.4byte	.LASF3
 557 0053 04       		.uleb128 0x4
 558 0054 01       		.byte	0x1
 559 0055 08       		.byte	0x8
 560 0056 6A010000 		.4byte	.LASF4
 561 005a 04       		.uleb128 0x4
 562 005b 02       		.byte	0x2
 563 005c 05       		.byte	0x5
 564 005d 73020000 		.4byte	.LASF5
 565 0061 04       		.uleb128 0x4
 566 0062 02       		.byte	0x2
 567 0063 07       		.byte	0x7
 568 0064 50000000 		.4byte	.LASF6
 569 0068 04       		.uleb128 0x4
 570 0069 04       		.byte	0x4
 571 006a 05       		.byte	0x5
 572 006b 85020000 		.4byte	.LASF7
 573 006f 04       		.uleb128 0x4
 574 0070 04       		.byte	0x4
 575 0071 07       		.byte	0x7
 576 0072 32010000 		.4byte	.LASF8
 577 0076 04       		.uleb128 0x4
 578 0077 08       		.byte	0x8
 579 0078 07       		.byte	0x7
 580 0079 E8010000 		.4byte	.LASF9
 581 007d 04       		.uleb128 0x4
 582 007e 04       		.byte	0x4
 583 007f 07       		.byte	0x7
 584 0080 15020000 		.4byte	.LASF10
 585 0084 05       		.uleb128 0x5
 586 0085 04       		.byte	0x4
 587 0086 04       		.uleb128 0x4
 588 0087 01       		.byte	0x1
 589 0088 08       		.byte	0x8
ARM GAS  C:\Users\Henry\AppData\Local\Temp\ccVtVZs9.s 			page 19


 590 0089 14000000 		.4byte	.LASF11
 591 008d 06       		.uleb128 0x6
 592 008e 44010000 		.4byte	.LASF13
 593 0092 03       		.byte	0x3
 594 0093 E801     		.2byte	0x1e8
 595 0095 53000000 		.4byte	0x53
 596 0099 06       		.uleb128 0x6
 597 009a B0010000 		.4byte	.LASF14
 598 009e 03       		.byte	0x3
 599 009f E901     		.2byte	0x1e9
 600 00a1 61000000 		.4byte	0x61
 601 00a5 06       		.uleb128 0x6
 602 00a6 CC010000 		.4byte	.LASF15
 603 00aa 03       		.byte	0x3
 604 00ab EA01     		.2byte	0x1ea
 605 00ad 6F000000 		.4byte	0x6f
 606 00b1 04       		.uleb128 0x4
 607 00b2 04       		.byte	0x4
 608 00b3 04       		.byte	0x4
 609 00b4 6B000000 		.4byte	.LASF16
 610 00b8 04       		.uleb128 0x4
 611 00b9 08       		.byte	0x8
 612 00ba 04       		.byte	0x4
 613 00bb 7F010000 		.4byte	.LASF17
 614 00bf 06       		.uleb128 0x6
 615 00c0 2D010000 		.4byte	.LASF18
 616 00c4 03       		.byte	0x3
 617 00c5 9202     		.2byte	0x292
 618 00c7 CB000000 		.4byte	0xcb
 619 00cb 07       		.uleb128 0x7
 620 00cc 8D000000 		.4byte	0x8d
 621 00d0 06       		.uleb128 0x6
 622 00d1 00000000 		.4byte	.LASF19
 623 00d5 03       		.byte	0x3
 624 00d6 9302     		.2byte	0x293
 625 00d8 DC000000 		.4byte	0xdc
 626 00dc 07       		.uleb128 0x7
 627 00dd 99000000 		.4byte	0x99
 628 00e1 08       		.uleb128 0x8
 629 00e2 02       		.byte	0x2
 630 00e3 01       		.byte	0x1
 631 00e4 98       		.byte	0x98
 632 00e5 02010000 		.4byte	0x102
 633 00e9 09       		.uleb128 0x9
 634 00ea 6C020000 		.4byte	.LASF20
 635 00ee 01       		.byte	0x1
 636 00ef 9A       		.byte	0x9a
 637 00f0 8D000000 		.4byte	0x8d
 638 00f4 00       		.byte	0
 639 00f5 09       		.uleb128 0x9
 640 00f6 39000000 		.4byte	.LASF21
 641 00fa 01       		.byte	0x1
 642 00fb 9B       		.byte	0x9b
 643 00fc 8D000000 		.4byte	0x8d
 644 0100 01       		.byte	0x1
 645 0101 00       		.byte	0
 646 0102 03       		.uleb128 0x3
ARM GAS  C:\Users\Henry\AppData\Local\Temp\ccVtVZs9.s 			page 20


 647 0103 59020000 		.4byte	.LASF22
 648 0107 01       		.byte	0x1
 649 0108 9C       		.byte	0x9c
 650 0109 E1000000 		.4byte	0xe1
 651 010d 0A       		.uleb128 0xa
 652 010e 71000000 		.4byte	.LASF50
 653 0112 01       		.byte	0x1
 654 0113 7F       		.byte	0x7f
 655 0114 00000000 		.4byte	.LFB3
 656 0118 02000000 		.4byte	.LFE3-.LFB3
 657 011c 01       		.uleb128 0x1
 658 011d 9C       		.byte	0x9c
 659 011e 30010000 		.4byte	0x130
 660 0122 0B       		.uleb128 0xb
 661 0123 C2010000 		.4byte	.LASF23
 662 0127 01       		.byte	0x1
 663 0128 7F       		.byte	0x7f
 664 0129 8D000000 		.4byte	0x8d
 665 012d 01       		.uleb128 0x1
 666 012e 50       		.byte	0x50
 667 012f 00       		.byte	0
 668 0130 0C       		.uleb128 0xc
 669 0131 86010000 		.4byte	.LASF28
 670 0135 01       		.byte	0x1
 671 0136 BA       		.byte	0xba
 672 0137 00000000 		.4byte	.LFB4
 673 013b 34000000 		.4byte	.LFE4-.LFB4
 674 013f 01       		.uleb128 0x1
 675 0140 9C       		.byte	0x9c
 676 0141 A2010000 		.4byte	0x1a2
 677 0145 0B       		.uleb128 0xb
 678 0146 A5010000 		.4byte	.LASF24
 679 014a 01       		.byte	0x1
 680 014b BA       		.byte	0xba
 681 014c A2010000 		.4byte	0x1a2
 682 0150 01       		.uleb128 0x1
 683 0151 50       		.byte	0x50
 684 0152 0B       		.uleb128 0xb
 685 0153 B7010000 		.4byte	.LASF25
 686 0157 01       		.byte	0x1
 687 0158 BA       		.byte	0xba
 688 0159 AD010000 		.4byte	0x1ad
 689 015d 01       		.uleb128 0x1
 690 015e 51       		.byte	0x51
 691 015f 0D       		.uleb128 0xd
 692 0160 6900     		.ascii	"i\000"
 693 0162 01       		.byte	0x1
 694 0163 BD       		.byte	0xbd
 695 0164 A5000000 		.4byte	0xa5
 696 0168 00000000 		.4byte	.LLST0
 697 016c 0D       		.uleb128 0xd
 698 016d 6A00     		.ascii	"j\000"
 699 016f 01       		.byte	0x1
 700 0170 BD       		.byte	0xbd
 701 0171 A5000000 		.4byte	0xa5
 702 0175 1F000000 		.4byte	.LLST1
 703 0179 0E       		.uleb128 0xe
ARM GAS  C:\Users\Henry\AppData\Local\Temp\ccVtVZs9.s 			page 21


 704 017a 08000000 		.4byte	.LBB2
 705 017e 22000000 		.4byte	.LBE2-.LBB2
 706 0182 0F       		.uleb128 0xf
 707 0183 0C020000 		.4byte	.LASF26
 708 0187 01       		.byte	0x1
 709 0188 C0       		.byte	0xc0
 710 0189 A5000000 		.4byte	0xa5
 711 018d 3E000000 		.4byte	.LLST2
 712 0191 0F       		.uleb128 0xf
 713 0192 3F000000 		.4byte	.LASF27
 714 0196 01       		.byte	0x1
 715 0197 C1       		.byte	0xc1
 716 0198 8D000000 		.4byte	0x8d
 717 019c 51000000 		.4byte	.LLST3
 718 01a0 00       		.byte	0
 719 01a1 00       		.byte	0
 720 01a2 10       		.uleb128 0x10
 721 01a3 04       		.byte	0x4
 722 01a4 A8010000 		.4byte	0x1a8
 723 01a8 11       		.uleb128 0x11
 724 01a9 A5000000 		.4byte	0xa5
 725 01ad 10       		.uleb128 0x10
 726 01ae 04       		.byte	0x4
 727 01af B3010000 		.4byte	0x1b3
 728 01b3 11       		.uleb128 0x11
 729 01b4 02010000 		.4byte	0x102
 730 01b8 12       		.uleb128 0x12
 731 01b9 20000000 		.4byte	.LASF29
 732 01bd 01       		.byte	0x1
 733 01be 1A01     		.2byte	0x11a
 734 01c0 00000000 		.4byte	.LFB6
 735 01c4 28000000 		.4byte	.LFE6-.LFB6
 736 01c8 01       		.uleb128 0x1
 737 01c9 9C       		.byte	0x9c
 738 01ca DF010000 		.4byte	0x1df
 739 01ce 13       		.uleb128 0x13
 740 01cf D7020000 		.4byte	.LASF30
 741 01d3 01       		.byte	0x1
 742 01d4 1C01     		.2byte	0x11c
 743 01d6 8D000000 		.4byte	0x8d
 744 01da 6F000000 		.4byte	.LLST4
 745 01de 00       		.byte	0
 746 01df 0C       		.uleb128 0xc
 747 01e0 45000000 		.4byte	.LASF31
 748 01e4 01       		.byte	0x1
 749 01e5 DD       		.byte	0xdd
 750 01e6 00000000 		.4byte	.LFB5
 751 01ea A0000000 		.4byte	.LFE5-.LFB5
 752 01ee 01       		.uleb128 0x1
 753 01ef 9C       		.byte	0x9c
 754 01f0 37020000 		.4byte	0x237
 755 01f4 0F       		.uleb128 0xf
 756 01f5 31000000 		.4byte	.LASF32
 757 01f9 01       		.byte	0x1
 758 01fa DF       		.byte	0xdf
 759 01fb A5000000 		.4byte	0xa5
 760 01ff 82000000 		.4byte	.LLST5
ARM GAS  C:\Users\Henry\AppData\Local\Temp\ccVtVZs9.s 			page 22


 761 0203 0F       		.uleb128 0xf
 762 0204 63000000 		.4byte	.LASF33
 763 0208 01       		.byte	0x1
 764 0209 E0       		.byte	0xe0
 765 020a 8D000000 		.4byte	0x8d
 766 020e A1000000 		.4byte	.LLST6
 767 0212 14       		.uleb128 0x14
 768 0213 48000000 		.4byte	.LVL18
 769 0217 AE040000 		.4byte	0x4ae
 770 021b 27020000 		.4byte	0x227
 771 021f 15       		.uleb128 0x15
 772 0220 01       		.uleb128 0x1
 773 0221 50       		.byte	0x50
 774 0222 03       		.uleb128 0x3
 775 0223 0A       		.byte	0xa
 776 0224 E001     		.2byte	0x1e0
 777 0226 00       		.byte	0
 778 0227 16       		.uleb128 0x16
 779 0228 58000000 		.4byte	.LVL20
 780 022c 0D010000 		.4byte	0x10d
 781 0230 15       		.uleb128 0x15
 782 0231 01       		.uleb128 0x1
 783 0232 50       		.byte	0x50
 784 0233 01       		.uleb128 0x1
 785 0234 33       		.byte	0x33
 786 0235 00       		.byte	0
 787 0236 00       		.byte	0
 788 0237 0C       		.uleb128 0xc
 789 0238 4A010000 		.4byte	.LASF34
 790 023c 01       		.byte	0x1
 791 023d 4D       		.byte	0x4d
 792 023e 00000000 		.4byte	.LFB0
 793 0242 0C000000 		.4byte	.LFE0-.LFB0
 794 0246 01       		.uleb128 0x1
 795 0247 9C       		.byte	0x9c
 796 0248 84020000 		.4byte	0x284
 797 024c 17       		.uleb128 0x17
 798 024d 7300     		.ascii	"s\000"
 799 024f 01       		.byte	0x1
 800 0250 4D       		.byte	0x4d
 801 0251 84000000 		.4byte	0x84
 802 0255 CB000000 		.4byte	.LLST7
 803 0259 17       		.uleb128 0x17
 804 025a 6E00     		.ascii	"n\000"
 805 025c 01       		.byte	0x1
 806 025d 4D       		.byte	0x4d
 807 025e 2C000000 		.4byte	0x2c
 808 0262 EC000000 		.4byte	.LLST8
 809 0266 16       		.uleb128 0x16
 810 0267 0A000000 		.4byte	.LVL24
 811 026b B9040000 		.4byte	0x4b9
 812 026f 15       		.uleb128 0x15
 813 0270 01       		.uleb128 0x1
 814 0271 50       		.byte	0x50
 815 0272 03       		.uleb128 0x3
 816 0273 F3       		.byte	0xf3
 817 0274 01       		.uleb128 0x1
ARM GAS  C:\Users\Henry\AppData\Local\Temp\ccVtVZs9.s 			page 23


 818 0275 50       		.byte	0x50
 819 0276 15       		.uleb128 0x15
 820 0277 01       		.uleb128 0x1
 821 0278 51       		.byte	0x51
 822 0279 01       		.uleb128 0x1
 823 027a 30       		.byte	0x30
 824 027b 15       		.uleb128 0x15
 825 027c 01       		.uleb128 0x1
 826 027d 52       		.byte	0x52
 827 027e 03       		.uleb128 0x3
 828 027f F3       		.byte	0xf3
 829 0280 01       		.uleb128 0x1
 830 0281 51       		.byte	0x51
 831 0282 00       		.byte	0
 832 0283 00       		.byte	0
 833 0284 0C       		.uleb128 0xc
 834 0285 FE020000 		.4byte	.LASF35
 835 0289 01       		.byte	0x1
 836 028a 54       		.byte	0x54
 837 028b 00000000 		.4byte	.LFB1
 838 028f 08000000 		.4byte	.LFE1-.LFB1
 839 0293 01       		.uleb128 0x1
 840 0294 9C       		.byte	0x9c
 841 0295 E4020000 		.4byte	0x2e4
 842 0299 18       		.uleb128 0x18
 843 029a 85000000 		.4byte	.LASF36
 844 029e 01       		.byte	0x1
 845 029f 54       		.byte	0x54
 846 02a0 84000000 		.4byte	0x84
 847 02a4 18010000 		.4byte	.LLST9
 848 02a8 17       		.uleb128 0x17
 849 02a9 73726300 		.ascii	"src\000"
 850 02ad 01       		.byte	0x1
 851 02ae 54       		.byte	0x54
 852 02af E4020000 		.4byte	0x2e4
 853 02b3 39010000 		.4byte	.LLST10
 854 02b7 17       		.uleb128 0x17
 855 02b8 6E00     		.ascii	"n\000"
 856 02ba 01       		.byte	0x1
 857 02bb 54       		.byte	0x54
 858 02bc 2C000000 		.4byte	0x2c
 859 02c0 5A010000 		.4byte	.LLST11
 860 02c4 16       		.uleb128 0x16
 861 02c5 06000000 		.4byte	.LVL26
 862 02c9 C2040000 		.4byte	0x4c2
 863 02cd 15       		.uleb128 0x15
 864 02ce 01       		.uleb128 0x1
 865 02cf 50       		.byte	0x50
 866 02d0 03       		.uleb128 0x3
 867 02d1 F3       		.byte	0xf3
 868 02d2 01       		.uleb128 0x1
 869 02d3 50       		.byte	0x50
 870 02d4 15       		.uleb128 0x15
 871 02d5 01       		.uleb128 0x1
 872 02d6 51       		.byte	0x51
 873 02d7 03       		.uleb128 0x3
 874 02d8 F3       		.byte	0xf3
ARM GAS  C:\Users\Henry\AppData\Local\Temp\ccVtVZs9.s 			page 24


 875 02d9 01       		.uleb128 0x1
 876 02da 51       		.byte	0x51
 877 02db 15       		.uleb128 0x15
 878 02dc 01       		.uleb128 0x1
 879 02dd 52       		.byte	0x52
 880 02de 03       		.uleb128 0x3
 881 02df F3       		.byte	0xf3
 882 02e0 01       		.uleb128 0x1
 883 02e1 52       		.byte	0x52
 884 02e2 00       		.byte	0
 885 02e3 00       		.byte	0
 886 02e4 10       		.uleb128 0x10
 887 02e5 04       		.byte	0x4
 888 02e6 EA020000 		.4byte	0x2ea
 889 02ea 19       		.uleb128 0x19
 890 02eb 1A       		.uleb128 0x1a
 891 02ec 54010000 		.4byte	.LASF39
 892 02f0 01       		.byte	0x1
 893 02f1 3401     		.2byte	0x134
 894 02f3 00000000 		.4byte	.LFB7
 895 02f7 10000000 		.4byte	.LFE7-.LFB7
 896 02fb 01       		.uleb128 0x1
 897 02fc 9C       		.byte	0x9c
 898 02fd 1E030000 		.4byte	0x31e
 899 0301 1B       		.uleb128 0x1b
 900 0302 7D020000 		.4byte	.LASF37
 901 0306 01       		.byte	0x1
 902 0307 3401     		.2byte	0x134
 903 0309 8D000000 		.4byte	0x8d
 904 030d 01       		.uleb128 0x1
 905 030e 50       		.byte	0x50
 906 030f 1C       		.uleb128 0x1c
 907 0310 F5020000 		.4byte	.LASF38
 908 0314 01       		.byte	0x1
 909 0315 3601     		.2byte	0x136
 910 0317 8D000000 		.4byte	0x8d
 911 031b 01       		.uleb128 0x1
 912 031c 53       		.byte	0x53
 913 031d 00       		.byte	0
 914 031e 1A       		.uleb128 0x1a
 915 031f 98010000 		.4byte	.LASF40
 916 0323 01       		.byte	0x1
 917 0324 5601     		.2byte	0x156
 918 0326 00000000 		.4byte	.LFB8
 919 032a CC000000 		.4byte	.LFE8-.LFB8
 920 032e 01       		.uleb128 0x1
 921 032f 9C       		.byte	0x9c
 922 0330 AE040000 		.4byte	0x4ae
 923 0334 1D       		.uleb128 0x1d
 924 0335 1C000000 		.4byte	.LBB3
 925 0339 40000000 		.4byte	.LBE3-.LBB3
 926 033d 0B040000 		.4byte	0x40b
 927 0341 1E       		.uleb128 0x1e
 928 0342 06       		.byte	0x6
 929 0343 01       		.byte	0x1
 930 0344 6901     		.2byte	0x169
 931 0346 65030000 		.4byte	0x365
ARM GAS  C:\Users\Henry\AppData\Local\Temp\ccVtVZs9.s 			page 25


 932 034a 1F       		.uleb128 0x1f
 933 034b E0010000 		.4byte	.LASF41
 934 034f 01       		.byte	0x1
 935 0350 6A01     		.2byte	0x16a
 936 0352 84000000 		.4byte	0x84
 937 0356 00       		.byte	0
 938 0357 1F       		.uleb128 0x1f
 939 0358 9A000000 		.4byte	.LASF42
 940 035c 01       		.byte	0x1
 941 035d 6B01     		.2byte	0x16b
 942 035f 99000000 		.4byte	0x99
 943 0363 04       		.byte	0x4
 944 0364 00       		.byte	0
 945 0365 06       		.uleb128 0x6
 946 0366 FF010000 		.4byte	.LASF43
 947 036a 01       		.byte	0x1
 948 036b 6C01     		.2byte	0x16c
 949 036d 41030000 		.4byte	0x341
 950 0371 20       		.uleb128 0x20
 951 0372 81030000 		.4byte	0x381
 952 0376 81030000 		.4byte	0x381
 953 037a 21       		.uleb128 0x21
 954 037b 7D000000 		.4byte	0x7d
 955 037f 07       		.byte	0x7
 956 0380 00       		.byte	0
 957 0381 11       		.uleb128 0x11
 958 0382 65030000 		.4byte	0x365
 959 0386 1C       		.uleb128 0x1c
 960 0387 8A000000 		.4byte	.LASF44
 961 038b 01       		.byte	0x1
 962 038c 6E01     		.2byte	0x16e
 963 038e 98030000 		.4byte	0x398
 964 0392 05       		.uleb128 0x5
 965 0393 03       		.byte	0x3
 966 0394 00000000 		.4byte	cfg_memset_list.5013
 967 0398 11       		.uleb128 0x11
 968 0399 71030000 		.4byte	0x371
 969 039d 22       		.uleb128 0x22
 970 039e 6900     		.ascii	"i\000"
 971 03a0 01       		.byte	0x1
 972 03a1 7A01     		.2byte	0x17a
 973 03a3 8D000000 		.4byte	0x8d
 974 03a7 7B010000 		.4byte	.LLST12
 975 03ab 1D       		.uleb128 0x1d
 976 03ac 20000000 		.4byte	.LBB4
 977 03b0 16000000 		.4byte	.LBE4-.LBB4
 978 03b4 F0030000 		.4byte	0x3f0
 979 03b8 22       		.uleb128 0x22
 980 03b9 6D7300   		.ascii	"ms\000"
 981 03bc 01       		.byte	0x1
 982 03bd 7F01     		.2byte	0x17f
 983 03bf C7030000 		.4byte	0x3c7
 984 03c3 A5010000 		.4byte	.LLST13
 985 03c7 10       		.uleb128 0x10
 986 03c8 04       		.byte	0x4
 987 03c9 81030000 		.4byte	0x381
 988 03cd 16       		.uleb128 0x16
ARM GAS  C:\Users\Henry\AppData\Local\Temp\ccVtVZs9.s 			page 26


 989 03ce 36000000 		.4byte	.LVL32
 990 03d2 37020000 		.4byte	0x237
 991 03d6 15       		.uleb128 0x15
 992 03d7 01       		.uleb128 0x1
 993 03d8 51       		.byte	0x51
 994 03d9 14       		.uleb128 0x14
 995 03da 74       		.byte	0x74
 996 03db 00       		.sleb128 0
 997 03dc 31       		.byte	0x31
 998 03dd 24       		.byte	0x24
 999 03de 74       		.byte	0x74
 1000 03df 00       		.sleb128 0
 1001 03e0 22       		.byte	0x22
 1002 03e1 31       		.byte	0x31
 1003 03e2 24       		.byte	0x24
 1004 03e3 75       		.byte	0x75
 1005 03e4 00       		.sleb128 0
 1006 03e5 22       		.byte	0x22
 1007 03e6 23       		.byte	0x23
 1008 03e7 04       		.uleb128 0x4
 1009 03e8 94       		.byte	0x94
 1010 03e9 02       		.byte	0x2
 1011 03ea 0A       		.byte	0xa
 1012 03eb FFFF     		.2byte	0xffff
 1013 03ed 1A       		.byte	0x1a
 1014 03ee 00       		.byte	0
 1015 03ef 00       		.byte	0
 1016 03f0 16       		.uleb128 0x16
 1017 03f1 48000000 		.4byte	.LVL35
 1018 03f5 30010000 		.4byte	0x130
 1019 03f9 15       		.uleb128 0x15
 1020 03fa 01       		.uleb128 0x1
 1021 03fb 50       		.byte	0x50
 1022 03fc 03       		.uleb128 0x3
 1023 03fd 42       		.byte	0x42
 1024 03fe 4A       		.byte	0x4a
 1025 03ff 24       		.byte	0x24
 1026 0400 15       		.uleb128 0x15
 1027 0401 01       		.uleb128 0x1
 1028 0402 51       		.byte	0x51
 1029 0403 05       		.uleb128 0x5
 1030 0404 0C       		.byte	0xc
 1031 0405 30000048 		.4byte	0x48000030
 1032 0409 00       		.byte	0
 1033 040a 00       		.byte	0
 1034 040b 23       		.uleb128 0x23
 1035 040c 0E000000 		.4byte	.LVL29
 1036 0410 DF010000 		.4byte	0x1df
 1037 0414 14       		.uleb128 0x14
 1038 0415 66000000 		.4byte	.LVL36
 1039 0419 84020000 		.4byte	0x284
 1040 041d 39040000 		.4byte	0x439
 1041 0421 15       		.uleb128 0x15
 1042 0422 01       		.uleb128 0x1
 1043 0423 50       		.byte	0x50
 1044 0424 05       		.uleb128 0x5
 1045 0425 0C       		.byte	0xc
ARM GAS  C:\Users\Henry\AppData\Local\Temp\ccVtVZs9.s 			page 27


 1046 0426 F0510040 		.4byte	0x400051f0
 1047 042a 15       		.uleb128 0x15
 1048 042b 01       		.uleb128 0x1
 1049 042c 51       		.byte	0x51
 1050 042d 05       		.uleb128 0x5
 1051 042e 0C       		.byte	0xc
 1052 042f 6C000048 		.4byte	0x4800006c
 1053 0433 15       		.uleb128 0x15
 1054 0434 01       		.uleb128 0x1
 1055 0435 52       		.byte	0x52
 1056 0436 01       		.uleb128 0x1
 1057 0437 3A       		.byte	0x3a
 1058 0438 00       		.byte	0
 1059 0439 14       		.uleb128 0x14
 1060 043a 70000000 		.4byte	.LVL37
 1061 043e 84020000 		.4byte	0x284
 1062 0442 5E040000 		.4byte	0x45e
 1063 0446 15       		.uleb128 0x15
 1064 0447 01       		.uleb128 0x1
 1065 0448 50       		.byte	0x50
 1066 0449 05       		.uleb128 0x5
 1067 044a 0C       		.byte	0xc
 1068 044b 12510040 		.4byte	0x40005112
 1069 044f 15       		.uleb128 0x15
 1070 0450 01       		.uleb128 0x1
 1071 0451 51       		.byte	0x51
 1072 0452 05       		.uleb128 0x5
 1073 0453 0C       		.byte	0xc
 1074 0454 78000048 		.4byte	0x48000078
 1075 0458 15       		.uleb128 0x15
 1076 0459 01       		.uleb128 0x1
 1077 045a 52       		.byte	0x52
 1078 045b 01       		.uleb128 0x1
 1079 045c 38       		.byte	0x38
 1080 045d 00       		.byte	0
 1081 045e 14       		.uleb128 0x14
 1082 045f 7A000000 		.4byte	.LVL38
 1083 0463 84020000 		.4byte	0x284
 1084 0467 83040000 		.4byte	0x483
 1085 046b 15       		.uleb128 0x15
 1086 046c 01       		.uleb128 0x1
 1087 046d 50       		.byte	0x50
 1088 046e 05       		.uleb128 0x5
 1089 046f 0C       		.byte	0xc
 1090 0470 22510040 		.4byte	0x40005122
 1091 0474 15       		.uleb128 0x15
 1092 0475 01       		.uleb128 0x1
 1093 0476 51       		.byte	0x51
 1094 0477 05       		.uleb128 0x5
 1095 0478 0C       		.byte	0xc
 1096 0479 80000048 		.4byte	0x48000080
 1097 047d 15       		.uleb128 0x15
 1098 047e 01       		.uleb128 0x1
 1099 047f 52       		.byte	0x52
 1100 0480 01       		.uleb128 0x1
 1101 0481 38       		.byte	0x38
 1102 0482 00       		.byte	0
ARM GAS  C:\Users\Henry\AppData\Local\Temp\ccVtVZs9.s 			page 28


 1103 0483 23       		.uleb128 0x23
 1104 0484 88000000 		.4byte	.LVL39
 1105 0488 B8010000 		.4byte	0x1b8
 1106 048c 16       		.uleb128 0x16
 1107 048d 92000000 		.4byte	.LVL40
 1108 0491 84020000 		.4byte	0x284
 1109 0495 15       		.uleb128 0x15
 1110 0496 01       		.uleb128 0x1
 1111 0497 50       		.byte	0x50
 1112 0498 05       		.uleb128 0x5
 1113 0499 0C       		.byte	0xc
 1114 049a B0430040 		.4byte	0x400043b0
 1115 049e 15       		.uleb128 0x15
 1116 049f 01       		.uleb128 0x1
 1117 04a0 51       		.byte	0x51
 1118 04a1 05       		.uleb128 0x5
 1119 04a2 0C       		.byte	0xc
 1120 04a3 A0430040 		.4byte	0x400043a0
 1121 04a7 15       		.uleb128 0x15
 1122 04a8 01       		.uleb128 0x1
 1123 04a9 52       		.byte	0x52
 1124 04aa 01       		.uleb128 0x1
 1125 04ab 3E       		.byte	0x3e
 1126 04ac 00       		.byte	0
 1127 04ad 00       		.byte	0
 1128 04ae 24       		.uleb128 0x24
 1129 04af 06000000 		.4byte	.LASF51
 1130 04b3 06000000 		.4byte	.LASF51
 1131 04b7 04       		.byte	0x4
 1132 04b8 79       		.byte	0x79
 1133 04b9 25       		.uleb128 0x25
 1134 04ba 78010000 		.4byte	.LASF45
 1135 04be 78010000 		.4byte	.LASF45
 1136 04c2 25       		.uleb128 0x25
 1137 04c3 52020000 		.4byte	.LASF46
 1138 04c7 52020000 		.4byte	.LASF46
 1139 04cb 00       		.byte	0
 1140              		.section	.debug_abbrev,"",%progbits
 1141              	.Ldebug_abbrev0:
 1142 0000 01       		.uleb128 0x1
 1143 0001 11       		.uleb128 0x11
 1144 0002 01       		.byte	0x1
 1145 0003 25       		.uleb128 0x25
 1146 0004 0E       		.uleb128 0xe
 1147 0005 13       		.uleb128 0x13
 1148 0006 0B       		.uleb128 0xb
 1149 0007 03       		.uleb128 0x3
 1150 0008 0E       		.uleb128 0xe
 1151 0009 1B       		.uleb128 0x1b
 1152 000a 0E       		.uleb128 0xe
 1153 000b 55       		.uleb128 0x55
 1154 000c 17       		.uleb128 0x17
 1155 000d 11       		.uleb128 0x11
 1156 000e 01       		.uleb128 0x1
 1157 000f 10       		.uleb128 0x10
 1158 0010 17       		.uleb128 0x17
 1159 0011 00       		.byte	0
ARM GAS  C:\Users\Henry\AppData\Local\Temp\ccVtVZs9.s 			page 29


 1160 0012 00       		.byte	0
 1161 0013 02       		.uleb128 0x2
 1162 0014 24       		.uleb128 0x24
 1163 0015 00       		.byte	0
 1164 0016 0B       		.uleb128 0xb
 1165 0017 0B       		.uleb128 0xb
 1166 0018 3E       		.uleb128 0x3e
 1167 0019 0B       		.uleb128 0xb
 1168 001a 03       		.uleb128 0x3
 1169 001b 08       		.uleb128 0x8
 1170 001c 00       		.byte	0
 1171 001d 00       		.byte	0
 1172 001e 03       		.uleb128 0x3
 1173 001f 16       		.uleb128 0x16
 1174 0020 00       		.byte	0
 1175 0021 03       		.uleb128 0x3
 1176 0022 0E       		.uleb128 0xe
 1177 0023 3A       		.uleb128 0x3a
 1178 0024 0B       		.uleb128 0xb
 1179 0025 3B       		.uleb128 0x3b
 1180 0026 0B       		.uleb128 0xb
 1181 0027 49       		.uleb128 0x49
 1182 0028 13       		.uleb128 0x13
 1183 0029 00       		.byte	0
 1184 002a 00       		.byte	0
 1185 002b 04       		.uleb128 0x4
 1186 002c 24       		.uleb128 0x24
 1187 002d 00       		.byte	0
 1188 002e 0B       		.uleb128 0xb
 1189 002f 0B       		.uleb128 0xb
 1190 0030 3E       		.uleb128 0x3e
 1191 0031 0B       		.uleb128 0xb
 1192 0032 03       		.uleb128 0x3
 1193 0033 0E       		.uleb128 0xe
 1194 0034 00       		.byte	0
 1195 0035 00       		.byte	0
 1196 0036 05       		.uleb128 0x5
 1197 0037 0F       		.uleb128 0xf
 1198 0038 00       		.byte	0
 1199 0039 0B       		.uleb128 0xb
 1200 003a 0B       		.uleb128 0xb
 1201 003b 00       		.byte	0
 1202 003c 00       		.byte	0
 1203 003d 06       		.uleb128 0x6
 1204 003e 16       		.uleb128 0x16
 1205 003f 00       		.byte	0
 1206 0040 03       		.uleb128 0x3
 1207 0041 0E       		.uleb128 0xe
 1208 0042 3A       		.uleb128 0x3a
 1209 0043 0B       		.uleb128 0xb
 1210 0044 3B       		.uleb128 0x3b
 1211 0045 05       		.uleb128 0x5
 1212 0046 49       		.uleb128 0x49
 1213 0047 13       		.uleb128 0x13
 1214 0048 00       		.byte	0
 1215 0049 00       		.byte	0
 1216 004a 07       		.uleb128 0x7
ARM GAS  C:\Users\Henry\AppData\Local\Temp\ccVtVZs9.s 			page 30


 1217 004b 35       		.uleb128 0x35
 1218 004c 00       		.byte	0
 1219 004d 49       		.uleb128 0x49
 1220 004e 13       		.uleb128 0x13
 1221 004f 00       		.byte	0
 1222 0050 00       		.byte	0
 1223 0051 08       		.uleb128 0x8
 1224 0052 13       		.uleb128 0x13
 1225 0053 01       		.byte	0x1
 1226 0054 0B       		.uleb128 0xb
 1227 0055 0B       		.uleb128 0xb
 1228 0056 3A       		.uleb128 0x3a
 1229 0057 0B       		.uleb128 0xb
 1230 0058 3B       		.uleb128 0x3b
 1231 0059 0B       		.uleb128 0xb
 1232 005a 01       		.uleb128 0x1
 1233 005b 13       		.uleb128 0x13
 1234 005c 00       		.byte	0
 1235 005d 00       		.byte	0
 1236 005e 09       		.uleb128 0x9
 1237 005f 0D       		.uleb128 0xd
 1238 0060 00       		.byte	0
 1239 0061 03       		.uleb128 0x3
 1240 0062 0E       		.uleb128 0xe
 1241 0063 3A       		.uleb128 0x3a
 1242 0064 0B       		.uleb128 0xb
 1243 0065 3B       		.uleb128 0x3b
 1244 0066 0B       		.uleb128 0xb
 1245 0067 49       		.uleb128 0x49
 1246 0068 13       		.uleb128 0x13
 1247 0069 38       		.uleb128 0x38
 1248 006a 0B       		.uleb128 0xb
 1249 006b 00       		.byte	0
 1250 006c 00       		.byte	0
 1251 006d 0A       		.uleb128 0xa
 1252 006e 2E       		.uleb128 0x2e
 1253 006f 01       		.byte	0x1
 1254 0070 03       		.uleb128 0x3
 1255 0071 0E       		.uleb128 0xe
 1256 0072 3A       		.uleb128 0x3a
 1257 0073 0B       		.uleb128 0xb
 1258 0074 3B       		.uleb128 0x3b
 1259 0075 0B       		.uleb128 0xb
 1260 0076 27       		.uleb128 0x27
 1261 0077 19       		.uleb128 0x19
 1262 0078 8701     		.uleb128 0x87
 1263 007a 19       		.uleb128 0x19
 1264 007b 11       		.uleb128 0x11
 1265 007c 01       		.uleb128 0x1
 1266 007d 12       		.uleb128 0x12
 1267 007e 06       		.uleb128 0x6
 1268 007f 40       		.uleb128 0x40
 1269 0080 18       		.uleb128 0x18
 1270 0081 9742     		.uleb128 0x2117
 1271 0083 19       		.uleb128 0x19
 1272 0084 01       		.uleb128 0x1
 1273 0085 13       		.uleb128 0x13
ARM GAS  C:\Users\Henry\AppData\Local\Temp\ccVtVZs9.s 			page 31


 1274 0086 00       		.byte	0
 1275 0087 00       		.byte	0
 1276 0088 0B       		.uleb128 0xb
 1277 0089 05       		.uleb128 0x5
 1278 008a 00       		.byte	0
 1279 008b 03       		.uleb128 0x3
 1280 008c 0E       		.uleb128 0xe
 1281 008d 3A       		.uleb128 0x3a
 1282 008e 0B       		.uleb128 0xb
 1283 008f 3B       		.uleb128 0x3b
 1284 0090 0B       		.uleb128 0xb
 1285 0091 49       		.uleb128 0x49
 1286 0092 13       		.uleb128 0x13
 1287 0093 02       		.uleb128 0x2
 1288 0094 18       		.uleb128 0x18
 1289 0095 00       		.byte	0
 1290 0096 00       		.byte	0
 1291 0097 0C       		.uleb128 0xc
 1292 0098 2E       		.uleb128 0x2e
 1293 0099 01       		.byte	0x1
 1294 009a 03       		.uleb128 0x3
 1295 009b 0E       		.uleb128 0xe
 1296 009c 3A       		.uleb128 0x3a
 1297 009d 0B       		.uleb128 0xb
 1298 009e 3B       		.uleb128 0x3b
 1299 009f 0B       		.uleb128 0xb
 1300 00a0 27       		.uleb128 0x27
 1301 00a1 19       		.uleb128 0x19
 1302 00a2 11       		.uleb128 0x11
 1303 00a3 01       		.uleb128 0x1
 1304 00a4 12       		.uleb128 0x12
 1305 00a5 06       		.uleb128 0x6
 1306 00a6 40       		.uleb128 0x40
 1307 00a7 18       		.uleb128 0x18
 1308 00a8 9742     		.uleb128 0x2117
 1309 00aa 19       		.uleb128 0x19
 1310 00ab 01       		.uleb128 0x1
 1311 00ac 13       		.uleb128 0x13
 1312 00ad 00       		.byte	0
 1313 00ae 00       		.byte	0
 1314 00af 0D       		.uleb128 0xd
 1315 00b0 34       		.uleb128 0x34
 1316 00b1 00       		.byte	0
 1317 00b2 03       		.uleb128 0x3
 1318 00b3 08       		.uleb128 0x8
 1319 00b4 3A       		.uleb128 0x3a
 1320 00b5 0B       		.uleb128 0xb
 1321 00b6 3B       		.uleb128 0x3b
 1322 00b7 0B       		.uleb128 0xb
 1323 00b8 49       		.uleb128 0x49
 1324 00b9 13       		.uleb128 0x13
 1325 00ba 02       		.uleb128 0x2
 1326 00bb 17       		.uleb128 0x17
 1327 00bc 00       		.byte	0
 1328 00bd 00       		.byte	0
 1329 00be 0E       		.uleb128 0xe
 1330 00bf 0B       		.uleb128 0xb
ARM GAS  C:\Users\Henry\AppData\Local\Temp\ccVtVZs9.s 			page 32


 1331 00c0 01       		.byte	0x1
 1332 00c1 11       		.uleb128 0x11
 1333 00c2 01       		.uleb128 0x1
 1334 00c3 12       		.uleb128 0x12
 1335 00c4 06       		.uleb128 0x6
 1336 00c5 00       		.byte	0
 1337 00c6 00       		.byte	0
 1338 00c7 0F       		.uleb128 0xf
 1339 00c8 34       		.uleb128 0x34
 1340 00c9 00       		.byte	0
 1341 00ca 03       		.uleb128 0x3
 1342 00cb 0E       		.uleb128 0xe
 1343 00cc 3A       		.uleb128 0x3a
 1344 00cd 0B       		.uleb128 0xb
 1345 00ce 3B       		.uleb128 0x3b
 1346 00cf 0B       		.uleb128 0xb
 1347 00d0 49       		.uleb128 0x49
 1348 00d1 13       		.uleb128 0x13
 1349 00d2 02       		.uleb128 0x2
 1350 00d3 17       		.uleb128 0x17
 1351 00d4 00       		.byte	0
 1352 00d5 00       		.byte	0
 1353 00d6 10       		.uleb128 0x10
 1354 00d7 0F       		.uleb128 0xf
 1355 00d8 00       		.byte	0
 1356 00d9 0B       		.uleb128 0xb
 1357 00da 0B       		.uleb128 0xb
 1358 00db 49       		.uleb128 0x49
 1359 00dc 13       		.uleb128 0x13
 1360 00dd 00       		.byte	0
 1361 00de 00       		.byte	0
 1362 00df 11       		.uleb128 0x11
 1363 00e0 26       		.uleb128 0x26
 1364 00e1 00       		.byte	0
 1365 00e2 49       		.uleb128 0x49
 1366 00e3 13       		.uleb128 0x13
 1367 00e4 00       		.byte	0
 1368 00e5 00       		.byte	0
 1369 00e6 12       		.uleb128 0x12
 1370 00e7 2E       		.uleb128 0x2e
 1371 00e8 01       		.byte	0x1
 1372 00e9 03       		.uleb128 0x3
 1373 00ea 0E       		.uleb128 0xe
 1374 00eb 3A       		.uleb128 0x3a
 1375 00ec 0B       		.uleb128 0xb
 1376 00ed 3B       		.uleb128 0x3b
 1377 00ee 05       		.uleb128 0x5
 1378 00ef 27       		.uleb128 0x27
 1379 00f0 19       		.uleb128 0x19
 1380 00f1 11       		.uleb128 0x11
 1381 00f2 01       		.uleb128 0x1
 1382 00f3 12       		.uleb128 0x12
 1383 00f4 06       		.uleb128 0x6
 1384 00f5 40       		.uleb128 0x40
 1385 00f6 18       		.uleb128 0x18
 1386 00f7 9742     		.uleb128 0x2117
 1387 00f9 19       		.uleb128 0x19
ARM GAS  C:\Users\Henry\AppData\Local\Temp\ccVtVZs9.s 			page 33


 1388 00fa 01       		.uleb128 0x1
 1389 00fb 13       		.uleb128 0x13
 1390 00fc 00       		.byte	0
 1391 00fd 00       		.byte	0
 1392 00fe 13       		.uleb128 0x13
 1393 00ff 34       		.uleb128 0x34
 1394 0100 00       		.byte	0
 1395 0101 03       		.uleb128 0x3
 1396 0102 0E       		.uleb128 0xe
 1397 0103 3A       		.uleb128 0x3a
 1398 0104 0B       		.uleb128 0xb
 1399 0105 3B       		.uleb128 0x3b
 1400 0106 05       		.uleb128 0x5
 1401 0107 49       		.uleb128 0x49
 1402 0108 13       		.uleb128 0x13
 1403 0109 02       		.uleb128 0x2
 1404 010a 17       		.uleb128 0x17
 1405 010b 00       		.byte	0
 1406 010c 00       		.byte	0
 1407 010d 14       		.uleb128 0x14
 1408 010e 898201   		.uleb128 0x4109
 1409 0111 01       		.byte	0x1
 1410 0112 11       		.uleb128 0x11
 1411 0113 01       		.uleb128 0x1
 1412 0114 31       		.uleb128 0x31
 1413 0115 13       		.uleb128 0x13
 1414 0116 01       		.uleb128 0x1
 1415 0117 13       		.uleb128 0x13
 1416 0118 00       		.byte	0
 1417 0119 00       		.byte	0
 1418 011a 15       		.uleb128 0x15
 1419 011b 8A8201   		.uleb128 0x410a
 1420 011e 00       		.byte	0
 1421 011f 02       		.uleb128 0x2
 1422 0120 18       		.uleb128 0x18
 1423 0121 9142     		.uleb128 0x2111
 1424 0123 18       		.uleb128 0x18
 1425 0124 00       		.byte	0
 1426 0125 00       		.byte	0
 1427 0126 16       		.uleb128 0x16
 1428 0127 898201   		.uleb128 0x4109
 1429 012a 01       		.byte	0x1
 1430 012b 11       		.uleb128 0x11
 1431 012c 01       		.uleb128 0x1
 1432 012d 31       		.uleb128 0x31
 1433 012e 13       		.uleb128 0x13
 1434 012f 00       		.byte	0
 1435 0130 00       		.byte	0
 1436 0131 17       		.uleb128 0x17
 1437 0132 05       		.uleb128 0x5
 1438 0133 00       		.byte	0
 1439 0134 03       		.uleb128 0x3
 1440 0135 08       		.uleb128 0x8
 1441 0136 3A       		.uleb128 0x3a
 1442 0137 0B       		.uleb128 0xb
 1443 0138 3B       		.uleb128 0x3b
 1444 0139 0B       		.uleb128 0xb
ARM GAS  C:\Users\Henry\AppData\Local\Temp\ccVtVZs9.s 			page 34


 1445 013a 49       		.uleb128 0x49
 1446 013b 13       		.uleb128 0x13
 1447 013c 02       		.uleb128 0x2
 1448 013d 17       		.uleb128 0x17
 1449 013e 00       		.byte	0
 1450 013f 00       		.byte	0
 1451 0140 18       		.uleb128 0x18
 1452 0141 05       		.uleb128 0x5
 1453 0142 00       		.byte	0
 1454 0143 03       		.uleb128 0x3
 1455 0144 0E       		.uleb128 0xe
 1456 0145 3A       		.uleb128 0x3a
 1457 0146 0B       		.uleb128 0xb
 1458 0147 3B       		.uleb128 0x3b
 1459 0148 0B       		.uleb128 0xb
 1460 0149 49       		.uleb128 0x49
 1461 014a 13       		.uleb128 0x13
 1462 014b 02       		.uleb128 0x2
 1463 014c 17       		.uleb128 0x17
 1464 014d 00       		.byte	0
 1465 014e 00       		.byte	0
 1466 014f 19       		.uleb128 0x19
 1467 0150 26       		.uleb128 0x26
 1468 0151 00       		.byte	0
 1469 0152 00       		.byte	0
 1470 0153 00       		.byte	0
 1471 0154 1A       		.uleb128 0x1a
 1472 0155 2E       		.uleb128 0x2e
 1473 0156 01       		.byte	0x1
 1474 0157 3F       		.uleb128 0x3f
 1475 0158 19       		.uleb128 0x19
 1476 0159 03       		.uleb128 0x3
 1477 015a 0E       		.uleb128 0xe
 1478 015b 3A       		.uleb128 0x3a
 1479 015c 0B       		.uleb128 0xb
 1480 015d 3B       		.uleb128 0x3b
 1481 015e 05       		.uleb128 0x5
 1482 015f 27       		.uleb128 0x27
 1483 0160 19       		.uleb128 0x19
 1484 0161 11       		.uleb128 0x11
 1485 0162 01       		.uleb128 0x1
 1486 0163 12       		.uleb128 0x12
 1487 0164 06       		.uleb128 0x6
 1488 0165 40       		.uleb128 0x40
 1489 0166 18       		.uleb128 0x18
 1490 0167 9742     		.uleb128 0x2117
 1491 0169 19       		.uleb128 0x19
 1492 016a 01       		.uleb128 0x1
 1493 016b 13       		.uleb128 0x13
 1494 016c 00       		.byte	0
 1495 016d 00       		.byte	0
 1496 016e 1B       		.uleb128 0x1b
 1497 016f 05       		.uleb128 0x5
 1498 0170 00       		.byte	0
 1499 0171 03       		.uleb128 0x3
 1500 0172 0E       		.uleb128 0xe
 1501 0173 3A       		.uleb128 0x3a
ARM GAS  C:\Users\Henry\AppData\Local\Temp\ccVtVZs9.s 			page 35


 1502 0174 0B       		.uleb128 0xb
 1503 0175 3B       		.uleb128 0x3b
 1504 0176 05       		.uleb128 0x5
 1505 0177 49       		.uleb128 0x49
 1506 0178 13       		.uleb128 0x13
 1507 0179 02       		.uleb128 0x2
 1508 017a 18       		.uleb128 0x18
 1509 017b 00       		.byte	0
 1510 017c 00       		.byte	0
 1511 017d 1C       		.uleb128 0x1c
 1512 017e 34       		.uleb128 0x34
 1513 017f 00       		.byte	0
 1514 0180 03       		.uleb128 0x3
 1515 0181 0E       		.uleb128 0xe
 1516 0182 3A       		.uleb128 0x3a
 1517 0183 0B       		.uleb128 0xb
 1518 0184 3B       		.uleb128 0x3b
 1519 0185 05       		.uleb128 0x5
 1520 0186 49       		.uleb128 0x49
 1521 0187 13       		.uleb128 0x13
 1522 0188 02       		.uleb128 0x2
 1523 0189 18       		.uleb128 0x18
 1524 018a 00       		.byte	0
 1525 018b 00       		.byte	0
 1526 018c 1D       		.uleb128 0x1d
 1527 018d 0B       		.uleb128 0xb
 1528 018e 01       		.byte	0x1
 1529 018f 11       		.uleb128 0x11
 1530 0190 01       		.uleb128 0x1
 1531 0191 12       		.uleb128 0x12
 1532 0192 06       		.uleb128 0x6
 1533 0193 01       		.uleb128 0x1
 1534 0194 13       		.uleb128 0x13
 1535 0195 00       		.byte	0
 1536 0196 00       		.byte	0
 1537 0197 1E       		.uleb128 0x1e
 1538 0198 13       		.uleb128 0x13
 1539 0199 01       		.byte	0x1
 1540 019a 0B       		.uleb128 0xb
 1541 019b 0B       		.uleb128 0xb
 1542 019c 3A       		.uleb128 0x3a
 1543 019d 0B       		.uleb128 0xb
 1544 019e 3B       		.uleb128 0x3b
 1545 019f 05       		.uleb128 0x5
 1546 01a0 01       		.uleb128 0x1
 1547 01a1 13       		.uleb128 0x13
 1548 01a2 00       		.byte	0
 1549 01a3 00       		.byte	0
 1550 01a4 1F       		.uleb128 0x1f
 1551 01a5 0D       		.uleb128 0xd
 1552 01a6 00       		.byte	0
 1553 01a7 03       		.uleb128 0x3
 1554 01a8 0E       		.uleb128 0xe
 1555 01a9 3A       		.uleb128 0x3a
 1556 01aa 0B       		.uleb128 0xb
 1557 01ab 3B       		.uleb128 0x3b
 1558 01ac 05       		.uleb128 0x5
ARM GAS  C:\Users\Henry\AppData\Local\Temp\ccVtVZs9.s 			page 36


 1559 01ad 49       		.uleb128 0x49
 1560 01ae 13       		.uleb128 0x13
 1561 01af 38       		.uleb128 0x38
 1562 01b0 0B       		.uleb128 0xb
 1563 01b1 00       		.byte	0
 1564 01b2 00       		.byte	0
 1565 01b3 20       		.uleb128 0x20
 1566 01b4 01       		.uleb128 0x1
 1567 01b5 01       		.byte	0x1
 1568 01b6 49       		.uleb128 0x49
 1569 01b7 13       		.uleb128 0x13
 1570 01b8 01       		.uleb128 0x1
 1571 01b9 13       		.uleb128 0x13
 1572 01ba 00       		.byte	0
 1573 01bb 00       		.byte	0
 1574 01bc 21       		.uleb128 0x21
 1575 01bd 21       		.uleb128 0x21
 1576 01be 00       		.byte	0
 1577 01bf 49       		.uleb128 0x49
 1578 01c0 13       		.uleb128 0x13
 1579 01c1 2F       		.uleb128 0x2f
 1580 01c2 0B       		.uleb128 0xb
 1581 01c3 00       		.byte	0
 1582 01c4 00       		.byte	0
 1583 01c5 22       		.uleb128 0x22
 1584 01c6 34       		.uleb128 0x34
 1585 01c7 00       		.byte	0
 1586 01c8 03       		.uleb128 0x3
 1587 01c9 08       		.uleb128 0x8
 1588 01ca 3A       		.uleb128 0x3a
 1589 01cb 0B       		.uleb128 0xb
 1590 01cc 3B       		.uleb128 0x3b
 1591 01cd 05       		.uleb128 0x5
 1592 01ce 49       		.uleb128 0x49
 1593 01cf 13       		.uleb128 0x13
 1594 01d0 02       		.uleb128 0x2
 1595 01d1 17       		.uleb128 0x17
 1596 01d2 00       		.byte	0
 1597 01d3 00       		.byte	0
 1598 01d4 23       		.uleb128 0x23
 1599 01d5 898201   		.uleb128 0x4109
 1600 01d8 00       		.byte	0
 1601 01d9 11       		.uleb128 0x11
 1602 01da 01       		.uleb128 0x1
 1603 01db 31       		.uleb128 0x31
 1604 01dc 13       		.uleb128 0x13
 1605 01dd 00       		.byte	0
 1606 01de 00       		.byte	0
 1607 01df 24       		.uleb128 0x24
 1608 01e0 2E       		.uleb128 0x2e
 1609 01e1 00       		.byte	0
 1610 01e2 3F       		.uleb128 0x3f
 1611 01e3 19       		.uleb128 0x19
 1612 01e4 3C       		.uleb128 0x3c
 1613 01e5 19       		.uleb128 0x19
 1614 01e6 6E       		.uleb128 0x6e
 1615 01e7 0E       		.uleb128 0xe
ARM GAS  C:\Users\Henry\AppData\Local\Temp\ccVtVZs9.s 			page 37


 1616 01e8 03       		.uleb128 0x3
 1617 01e9 0E       		.uleb128 0xe
 1618 01ea 3A       		.uleb128 0x3a
 1619 01eb 0B       		.uleb128 0xb
 1620 01ec 3B       		.uleb128 0x3b
 1621 01ed 0B       		.uleb128 0xb
 1622 01ee 00       		.byte	0
 1623 01ef 00       		.byte	0
 1624 01f0 25       		.uleb128 0x25
 1625 01f1 2E       		.uleb128 0x2e
 1626 01f2 00       		.byte	0
 1627 01f3 3F       		.uleb128 0x3f
 1628 01f4 19       		.uleb128 0x19
 1629 01f5 3C       		.uleb128 0x3c
 1630 01f6 19       		.uleb128 0x19
 1631 01f7 6E       		.uleb128 0x6e
 1632 01f8 0E       		.uleb128 0xe
 1633 01f9 03       		.uleb128 0x3
 1634 01fa 0E       		.uleb128 0xe
 1635 01fb 00       		.byte	0
 1636 01fc 00       		.byte	0
 1637 01fd 00       		.byte	0
 1638              		.section	.debug_loc,"",%progbits
 1639              	.Ldebug_loc0:
 1640              	.LLST0:
 1641 0000 02000000 		.4byte	.LVL2
 1642 0004 08000000 		.4byte	.LVL3
 1643 0008 0200     		.2byte	0x2
 1644 000a 30       		.byte	0x30
 1645 000b 9F       		.byte	0x9f
 1646 000c 08000000 		.4byte	.LVL3
 1647 0010 32000000 		.4byte	.LVL11
 1648 0014 0100     		.2byte	0x1
 1649 0016 57       		.byte	0x57
 1650 0017 00000000 		.4byte	0
 1651 001b 00000000 		.4byte	0
 1652              	.LLST1:
 1653 001f 02000000 		.4byte	.LVL2
 1654 0023 08000000 		.4byte	.LVL3
 1655 0027 0200     		.2byte	0x2
 1656 0029 30       		.byte	0x30
 1657 002a 9F       		.byte	0x9f
 1658 002b 08000000 		.4byte	.LVL3
 1659 002f 34000000 		.4byte	.LFE4
 1660 0033 0100     		.2byte	0x1
 1661 0035 52       		.byte	0x52
 1662 0036 00000000 		.4byte	0
 1663 003a 00000000 		.4byte	0
 1664              	.LLST2:
 1665 003e 0C000000 		.4byte	.LVL4
 1666 0042 2C000000 		.4byte	.LVL10
 1667 0046 0100     		.2byte	0x1
 1668 0048 56       		.byte	0x56
 1669 0049 00000000 		.4byte	0
 1670 004d 00000000 		.4byte	0
 1671              	.LLST3:
 1672 0051 0E000000 		.4byte	.LVL5
ARM GAS  C:\Users\Henry\AppData\Local\Temp\ccVtVZs9.s 			page 38


 1673 0055 24000000 		.4byte	.LVL8
 1674 0059 0100     		.2byte	0x1
 1675 005b 53       		.byte	0x53
 1676 005c 26000000 		.4byte	.LVL9
 1677 0060 2C000000 		.4byte	.LVL10
 1678 0064 0100     		.2byte	0x1
 1679 0066 53       		.byte	0x53
 1680 0067 00000000 		.4byte	0
 1681 006b 00000000 		.4byte	0
 1682              	.LLST4:
 1683 006f 06000000 		.4byte	.LVL12
 1684 0073 10000000 		.4byte	.LVL13
 1685 0077 0100     		.2byte	0x1
 1686 0079 53       		.byte	0x53
 1687 007a 00000000 		.4byte	0
 1688 007e 00000000 		.4byte	0
 1689              	.LLST5:
 1690 0082 2A000000 		.4byte	.LVL14
 1691 0086 30000000 		.4byte	.LVL15
 1692 008a 0200     		.2byte	0x2
 1693 008c 49       		.byte	0x49
 1694 008d 9F       		.byte	0x9f
 1695 008e 30000000 		.4byte	.LVL15
 1696 0092 7E000000 		.4byte	.LVL21
 1697 0096 0100     		.2byte	0x1
 1698 0098 55       		.byte	0x55
 1699 0099 00000000 		.4byte	0
 1700 009d 00000000 		.4byte	0
 1701              	.LLST6:
 1702 00a1 2A000000 		.4byte	.LVL14
 1703 00a5 30000000 		.4byte	.LVL15
 1704 00a9 0200     		.2byte	0x2
 1705 00ab 30       		.byte	0x30
 1706 00ac 9F       		.byte	0x9f
 1707 00ad 30000000 		.4byte	.LVL15
 1708 00b1 3C000000 		.4byte	.LVL16
 1709 00b5 0100     		.2byte	0x1
 1710 00b7 54       		.byte	0x54
 1711 00b8 40000000 		.4byte	.LVL17
 1712 00bc 7E000000 		.4byte	.LVL21
 1713 00c0 0100     		.2byte	0x1
 1714 00c2 54       		.byte	0x54
 1715 00c3 00000000 		.4byte	0
 1716 00c7 00000000 		.4byte	0
 1717              	.LLST7:
 1718 00cb 00000000 		.4byte	.LVL22
 1719 00cf 09000000 		.4byte	.LVL24-1
 1720 00d3 0100     		.2byte	0x1
 1721 00d5 50       		.byte	0x50
 1722 00d6 09000000 		.4byte	.LVL24-1
 1723 00da 0C000000 		.4byte	.LFE0
 1724 00de 0400     		.2byte	0x4
 1725 00e0 F3       		.byte	0xf3
 1726 00e1 01       		.uleb128 0x1
 1727 00e2 50       		.byte	0x50
 1728 00e3 9F       		.byte	0x9f
 1729 00e4 00000000 		.4byte	0
ARM GAS  C:\Users\Henry\AppData\Local\Temp\ccVtVZs9.s 			page 39


 1730 00e8 00000000 		.4byte	0
 1731              	.LLST8:
 1732 00ec 00000000 		.4byte	.LVL22
 1733 00f0 06000000 		.4byte	.LVL23
 1734 00f4 0100     		.2byte	0x1
 1735 00f6 51       		.byte	0x51
 1736 00f7 06000000 		.4byte	.LVL23
 1737 00fb 09000000 		.4byte	.LVL24-1
 1738 00ff 0100     		.2byte	0x1
 1739 0101 52       		.byte	0x52
 1740 0102 09000000 		.4byte	.LVL24-1
 1741 0106 0C000000 		.4byte	.LFE0
 1742 010a 0400     		.2byte	0x4
 1743 010c F3       		.byte	0xf3
 1744 010d 01       		.uleb128 0x1
 1745 010e 51       		.byte	0x51
 1746 010f 9F       		.byte	0x9f
 1747 0110 00000000 		.4byte	0
 1748 0114 00000000 		.4byte	0
 1749              	.LLST9:
 1750 0118 00000000 		.4byte	.LVL25
 1751 011c 05000000 		.4byte	.LVL26-1
 1752 0120 0100     		.2byte	0x1
 1753 0122 50       		.byte	0x50
 1754 0123 05000000 		.4byte	.LVL26-1
 1755 0127 08000000 		.4byte	.LFE1
 1756 012b 0400     		.2byte	0x4
 1757 012d F3       		.byte	0xf3
 1758 012e 01       		.uleb128 0x1
 1759 012f 50       		.byte	0x50
 1760 0130 9F       		.byte	0x9f
 1761 0131 00000000 		.4byte	0
 1762 0135 00000000 		.4byte	0
 1763              	.LLST10:
 1764 0139 00000000 		.4byte	.LVL25
 1765 013d 05000000 		.4byte	.LVL26-1
 1766 0141 0100     		.2byte	0x1
 1767 0143 51       		.byte	0x51
 1768 0144 05000000 		.4byte	.LVL26-1
 1769 0148 08000000 		.4byte	.LFE1
 1770 014c 0400     		.2byte	0x4
 1771 014e F3       		.byte	0xf3
 1772 014f 01       		.uleb128 0x1
 1773 0150 51       		.byte	0x51
 1774 0151 9F       		.byte	0x9f
 1775 0152 00000000 		.4byte	0
 1776 0156 00000000 		.4byte	0
 1777              	.LLST11:
 1778 015a 00000000 		.4byte	.LVL25
 1779 015e 05000000 		.4byte	.LVL26-1
 1780 0162 0100     		.2byte	0x1
 1781 0164 52       		.byte	0x52
 1782 0165 05000000 		.4byte	.LVL26-1
 1783 0169 08000000 		.4byte	.LFE1
 1784 016d 0400     		.2byte	0x4
 1785 016f F3       		.byte	0xf3
 1786 0170 01       		.uleb128 0x1
ARM GAS  C:\Users\Henry\AppData\Local\Temp\ccVtVZs9.s 			page 40


 1787 0171 52       		.byte	0x52
 1788 0172 9F       		.byte	0x9f
 1789 0173 00000000 		.4byte	0
 1790 0177 00000000 		.4byte	0
 1791              	.LLST12:
 1792 017b 1C000000 		.4byte	.LVL30
 1793 017f 20000000 		.4byte	.LVL31
 1794 0183 0200     		.2byte	0x2
 1795 0185 30       		.byte	0x30
 1796 0186 9F       		.byte	0x9f
 1797 0187 20000000 		.4byte	.LVL31
 1798 018b 38000000 		.4byte	.LVL33
 1799 018f 0100     		.2byte	0x1
 1800 0191 54       		.byte	0x54
 1801 0192 3A000000 		.4byte	.LVL34
 1802 0196 94000000 		.4byte	.LVL41
 1803 019a 0100     		.2byte	0x1
 1804 019c 54       		.byte	0x54
 1805 019d 00000000 		.4byte	0
 1806 01a1 00000000 		.4byte	0
 1807              	.LLST13:
 1808 01a5 20000000 		.4byte	.LVL31
 1809 01a9 38000000 		.4byte	.LVL33
 1810 01ad 0B00     		.2byte	0xb
 1811 01af 74       		.byte	0x74
 1812 01b0 00       		.sleb128 0
 1813 01b1 36       		.byte	0x36
 1814 01b2 1E       		.byte	0x1e
 1815 01b3 03       		.byte	0x3
 1816 01b4 00000000 		.4byte	cfg_memset_list.5013
 1817 01b8 22       		.byte	0x22
 1818 01b9 9F       		.byte	0x9f
 1819 01ba 38000000 		.4byte	.LVL33
 1820 01be 3A000000 		.4byte	.LVL34
 1821 01c2 0B00     		.2byte	0xb
 1822 01c4 74       		.byte	0x74
 1823 01c5 7F       		.sleb128 -1
 1824 01c6 36       		.byte	0x36
 1825 01c7 1E       		.byte	0x1e
 1826 01c8 03       		.byte	0x3
 1827 01c9 00000000 		.4byte	cfg_memset_list.5013
 1828 01cd 22       		.byte	0x22
 1829 01ce 9F       		.byte	0x9f
 1830 01cf 00000000 		.4byte	0
 1831 01d3 00000000 		.4byte	0
 1832              		.section	.debug_aranges,"",%progbits
 1833 0000 54000000 		.4byte	0x54
 1834 0004 0200     		.2byte	0x2
 1835 0006 00000000 		.4byte	.Ldebug_info0
 1836 000a 04       		.byte	0x4
 1837 000b 00       		.byte	0
 1838 000c 0000     		.2byte	0
 1839 000e 0000     		.2byte	0
 1840 0010 00000000 		.4byte	.LFB3
 1841 0014 02000000 		.4byte	.LFE3-.LFB3
 1842 0018 00000000 		.4byte	.LFB4
 1843 001c 34000000 		.4byte	.LFE4-.LFB4
ARM GAS  C:\Users\Henry\AppData\Local\Temp\ccVtVZs9.s 			page 41


 1844 0020 00000000 		.4byte	.LFB6
 1845 0024 28000000 		.4byte	.LFE6-.LFB6
 1846 0028 00000000 		.4byte	.LFB5
 1847 002c A0000000 		.4byte	.LFE5-.LFB5
 1848 0030 00000000 		.4byte	.LFB0
 1849 0034 0C000000 		.4byte	.LFE0-.LFB0
 1850 0038 00000000 		.4byte	.LFB1
 1851 003c 08000000 		.4byte	.LFE1-.LFB1
 1852 0040 00000000 		.4byte	.LFB7
 1853 0044 10000000 		.4byte	.LFE7-.LFB7
 1854 0048 00000000 		.4byte	.LFB8
 1855 004c CC000000 		.4byte	.LFE8-.LFB8
 1856 0050 00000000 		.4byte	0
 1857 0054 00000000 		.4byte	0
 1858              		.section	.debug_ranges,"",%progbits
 1859              	.Ldebug_ranges0:
 1860 0000 00000000 		.4byte	.LFB3
 1861 0004 02000000 		.4byte	.LFE3
 1862 0008 00000000 		.4byte	.LFB4
 1863 000c 34000000 		.4byte	.LFE4
 1864 0010 00000000 		.4byte	.LFB6
 1865 0014 28000000 		.4byte	.LFE6
 1866 0018 00000000 		.4byte	.LFB5
 1867 001c A0000000 		.4byte	.LFE5
 1868 0020 00000000 		.4byte	.LFB0
 1869 0024 0C000000 		.4byte	.LFE0
 1870 0028 00000000 		.4byte	.LFB1
 1871 002c 08000000 		.4byte	.LFE1
 1872 0030 00000000 		.4byte	.LFB7
 1873 0034 10000000 		.4byte	.LFE7
 1874 0038 00000000 		.4byte	.LFB8
 1875 003c CC000000 		.4byte	.LFE8
 1876 0040 00000000 		.4byte	0
 1877 0044 00000000 		.4byte	0
 1878              		.section	.debug_line,"",%progbits
 1879              	.Ldebug_line0:
 1880 0000 CD010000 		.section	.debug_str,"MS",%progbits,1
 1880      0200D600 
 1880      00000201 
 1880      FB0E0D00 
 1880      01010101 
 1881              	.LASF19:
 1882 0000 72656731 		.ascii	"reg16\000"
 1882      3600
 1883              	.LASF51:
 1884 0006 43794465 		.ascii	"CyDelayCycles\000"
 1884      6C617943 
 1884      79636C65 
 1884      7300
 1885              	.LASF11:
 1886 0014 63686172 		.ascii	"char\000"
 1886      00
 1887              	.LASF12:
 1888 0019 73697A65 		.ascii	"size_t\000"
 1888      5F7400
 1889              	.LASF29:
 1890 0020 416E616C 		.ascii	"AnalogSetDefault\000"
ARM GAS  C:\Users\Henry\AppData\Local\Temp\ccVtVZs9.s 			page 42


 1890      6F675365 
 1890      74446566 
 1890      61756C74 
 1890      00
 1891              	.LASF32:
 1892 0031 74696D65 		.ascii	"timeout\000"
 1892      6F757400 
 1893              	.LASF21:
 1894 0039 76616C75 		.ascii	"value\000"
 1894      6500
 1895              	.LASF27:
 1896 003f 636F756E 		.ascii	"count\000"
 1896      7400
 1897              	.LASF31:
 1898 0045 436C6F63 		.ascii	"ClockSetup\000"
 1898      6B536574 
 1898      757000
 1899              	.LASF6:
 1900 0050 73686F72 		.ascii	"short unsigned int\000"
 1900      7420756E 
 1900      7369676E 
 1900      65642069 
 1900      6E7400
 1901              	.LASF33:
 1902 0063 706C6C4C 		.ascii	"pllLock\000"
 1902      6F636B00 
 1903              	.LASF16:
 1904 006b 666C6F61 		.ascii	"float\000"
 1904      7400
 1905              	.LASF50:
 1906 0071 4379436C 		.ascii	"CyClockStartupError\000"
 1906      6F636B53 
 1906      74617274 
 1906      75704572 
 1906      726F7200 
 1907              	.LASF36:
 1908 0085 64657374 		.ascii	"dest\000"
 1908      00
 1909              	.LASF44:
 1910 008a 6366675F 		.ascii	"cfg_memset_list\000"
 1910      6D656D73 
 1910      65745F6C 
 1910      69737400 
 1911              	.LASF42:
 1912 009a 73697A65 		.ascii	"size\000"
 1912      00
 1913              	.LASF47:
 1914 009f 474E5520 		.ascii	"GNU C11 5.4.1 20160609 (release) [ARM/embedded-5-br"
 1914      43313120 
 1914      352E342E 
 1914      31203230 
 1914      31363036 
 1915 00d2 616E6368 		.ascii	"anch revision 237715] -mcpu=cortex-m3 -mthumb -g -O"
 1915      20726576 
 1915      6973696F 
 1915      6E203233 
 1915      37373135 
ARM GAS  C:\Users\Henry\AppData\Local\Temp\ccVtVZs9.s 			page 43


 1916 0105 67202D66 		.ascii	"g -ffunction-sections -ffat-lto-objects\000"
 1916      66756E63 
 1916      74696F6E 
 1916      2D736563 
 1916      74696F6E 
 1917              	.LASF18:
 1918 012d 72656738 		.ascii	"reg8\000"
 1918      00
 1919              	.LASF8:
 1920 0132 6C6F6E67 		.ascii	"long unsigned int\000"
 1920      20756E73 
 1920      69676E65 
 1920      6420696E 
 1920      7400
 1921              	.LASF13:
 1922 0144 75696E74 		.ascii	"uint8\000"
 1922      3800
 1923              	.LASF34:
 1924 014a 43594D45 		.ascii	"CYMEMZERO\000"
 1924      4D5A4552 
 1924      4F00
 1925              	.LASF39:
 1926 0154 53657441 		.ascii	"SetAnalogRoutingPumps\000"
 1926      6E616C6F 
 1926      67526F75 
 1926      74696E67 
 1926      50756D70 
 1927              	.LASF4:
 1928 016a 756E7369 		.ascii	"unsigned char\000"
 1928      676E6564 
 1928      20636861 
 1928      7200
 1929              	.LASF45:
 1930 0178 6D656D73 		.ascii	"memset\000"
 1930      657400
 1931              	.LASF17:
 1932 017f 646F7562 		.ascii	"double\000"
 1932      6C6500
 1933              	.LASF28:
 1934 0186 6366675F 		.ascii	"cfg_write_bytes32\000"
 1934      77726974 
 1934      655F6279 
 1934      74657333 
 1934      3200
 1935              	.LASF40:
 1936 0198 63796669 		.ascii	"cyfitter_cfg\000"
 1936      74746572 
 1936      5F636667 
 1936      00
 1937              	.LASF24:
 1938 01a5 61646472 		.ascii	"addr_table\000"
 1938      5F746162 
 1938      6C6500
 1939              	.LASF14:
 1940 01b0 75696E74 		.ascii	"uint16\000"
 1940      313600
 1941              	.LASF25:
ARM GAS  C:\Users\Henry\AppData\Local\Temp\ccVtVZs9.s 			page 44


 1942 01b7 64617461 		.ascii	"data_table\000"
 1942      5F746162 
 1942      6C6500
 1943              	.LASF23:
 1944 01c2 6572726F 		.ascii	"errorCode\000"
 1944      72436F64 
 1944      6500
 1945              	.LASF15:
 1946 01cc 75696E74 		.ascii	"uint32\000"
 1946      333200
 1947              	.LASF0:
 1948 01d3 756E7369 		.ascii	"unsigned int\000"
 1948      676E6564 
 1948      20696E74 
 1948      00
 1949              	.LASF41:
 1950 01e0 61646472 		.ascii	"address\000"
 1950      65737300 
 1951              	.LASF9:
 1952 01e8 6C6F6E67 		.ascii	"long long unsigned int\000"
 1952      206C6F6E 
 1952      6720756E 
 1952      7369676E 
 1952      65642069 
 1953              	.LASF43:
 1954 01ff 6366675F 		.ascii	"cfg_memset_t\000"
 1954      6D656D73 
 1954      65745F74 
 1954      00
 1955              	.LASF26:
 1956 020c 62617365 		.ascii	"baseAddr\000"
 1956      41646472 
 1956      00
 1957              	.LASF10:
 1958 0215 73697A65 		.ascii	"sizetype\000"
 1958      74797065 
 1958      00
 1959              	.LASF1:
 1960 021e 6C6F6E67 		.ascii	"long long int\000"
 1960      206C6F6E 
 1960      6720696E 
 1960      7400
 1961              	.LASF48:
 1962 022c 47656E65 		.ascii	"Generated_Source\\PSoC5\\cyfitter_cfg.c\000"
 1962      72617465 
 1962      645F536F 
 1962      75726365 
 1962      5C50536F 
 1963              	.LASF46:
 1964 0252 6D656D63 		.ascii	"memcpy\000"
 1964      707900
 1965              	.LASF22:
 1966 0259 63795F63 		.ascii	"cy_cfg_addrvalue_t\000"
 1966      66675F61 
 1966      64647276 
 1966      616C7565 
 1966      5F7400
ARM GAS  C:\Users\Henry\AppData\Local\Temp\ccVtVZs9.s 			page 45


 1967              	.LASF20:
 1968 026c 6F666673 		.ascii	"offset\000"
 1968      657400
 1969              	.LASF5:
 1970 0273 73686F72 		.ascii	"short int\000"
 1970      7420696E 
 1970      7400
 1971              	.LASF37:
 1972 027d 656E6162 		.ascii	"enabled\000"
 1972      6C656400 
 1973              	.LASF7:
 1974 0285 6C6F6E67 		.ascii	"long int\000"
 1974      20696E74 
 1974      00
 1975              	.LASF49:
 1976 028e 433A5C55 		.ascii	"C:\\Users\\Henry\\Documents\\PSoC Creator\\Serial\\"
 1976      73657273 
 1976      5C48656E 
 1976      72795C44 
 1976      6F63756D 
 1977 02bb 5553424D 		.ascii	"USBMATLAB.cydsn\000"
 1977      41544C41 
 1977      422E6379 
 1977      64736E00 
 1978              	.LASF2:
 1979 02cb 6C6F6E67 		.ascii	"long double\000"
 1979      20646F75 
 1979      626C6500 
 1980              	.LASF30:
 1981 02d7 62675F78 		.ascii	"bg_xover_inl_trim\000"
 1981      6F766572 
 1981      5F696E6C 
 1981      5F747269 
 1981      6D00
 1982              	.LASF3:
 1983 02e9 7369676E 		.ascii	"signed char\000"
 1983      65642063 
 1983      68617200 
 1984              	.LASF38:
 1985 02f5 72656756 		.ascii	"regValue\000"
 1985      616C7565 
 1985      00
 1986              	.LASF35:
 1987 02fe 4359434F 		.ascii	"CYCONFIGCPY\000"
 1987      4E464947 
 1987      43505900 
 1988              		.ident	"GCC: (GNU Tools for ARM Embedded Processors) 5.4.1 20160609 (release) [ARM/embedded-5-bran
