ARM GAS  C:\Users\Henry\AppData\Local\Temp\ccoR2DNE.s 			page 1


   1              		.syntax unified
   2              		.cpu cortex-m3
   3              		.fpu softvfp
   4              		.eabi_attribute 20, 1
   5              		.eabi_attribute 21, 1
   6              		.eabi_attribute 23, 3
   7              		.eabi_attribute 24, 1
   8              		.eabi_attribute 25, 1
   9              		.eabi_attribute 26, 1
  10              		.eabi_attribute 30, 1
  11              		.eabi_attribute 34, 1
  12              		.eabi_attribute 18, 4
  13              		.thumb
  14              		.syntax unified
  15              		.file	"cyfitter_cfg.c"
  16              		.text
  17              	.Ltext0:
  18              		.cfi_sections	.debug_frame
  19              		.section	.text.CyClockStartupError,"ax",%progbits
  20              		.align	2
  21              		.thumb
  22              		.thumb_func
  23              		.type	CyClockStartupError, %function
  24              	CyClockStartupError:
  25              	.LFB3:
  26              		.file 1 "Generated_Source\\PSoC5\\cyfitter_cfg.c"
   1:Generated_Source\PSoC5/cyfitter_cfg.c **** 
   2:Generated_Source\PSoC5/cyfitter_cfg.c **** /*******************************************************************************
   3:Generated_Source\PSoC5/cyfitter_cfg.c **** * File Name: cyfitter_cfg.c
   4:Generated_Source\PSoC5/cyfitter_cfg.c **** * 
   5:Generated_Source\PSoC5/cyfitter_cfg.c **** * PSoC Creator  4.4
   6:Generated_Source\PSoC5/cyfitter_cfg.c **** *
   7:Generated_Source\PSoC5/cyfitter_cfg.c **** * Description:
   8:Generated_Source\PSoC5/cyfitter_cfg.c **** * This file contains device initialization code.
   9:Generated_Source\PSoC5/cyfitter_cfg.c **** * Except for the user defined sections in CyClockStartupError(), this file should not be modified.
  10:Generated_Source\PSoC5/cyfitter_cfg.c **** * This file is automatically generated by PSoC Creator.
  11:Generated_Source\PSoC5/cyfitter_cfg.c **** *
  12:Generated_Source\PSoC5/cyfitter_cfg.c **** ********************************************************************************
  13:Generated_Source\PSoC5/cyfitter_cfg.c **** * Copyright (c) 2007-2020 Cypress Semiconductor.  All rights reserved.
  14:Generated_Source\PSoC5/cyfitter_cfg.c **** * You may use this file only in accordance with the license, terms, conditions, 
  15:Generated_Source\PSoC5/cyfitter_cfg.c **** * disclaimers, and limitations in the end user license agreement accompanying 
  16:Generated_Source\PSoC5/cyfitter_cfg.c **** * the software package with which this file was provided.
  17:Generated_Source\PSoC5/cyfitter_cfg.c **** ********************************************************************************/
  18:Generated_Source\PSoC5/cyfitter_cfg.c **** 
  19:Generated_Source\PSoC5/cyfitter_cfg.c **** #include <string.h>
  20:Generated_Source\PSoC5/cyfitter_cfg.c **** #include "cytypes.h"
  21:Generated_Source\PSoC5/cyfitter_cfg.c **** #include "cydevice_trm.h"
  22:Generated_Source\PSoC5/cyfitter_cfg.c **** #include "cyfitter.h"
  23:Generated_Source\PSoC5/cyfitter_cfg.c **** #include "CyLib.h"
  24:Generated_Source\PSoC5/cyfitter_cfg.c **** #include "cyfitter_cfg.h"
  25:Generated_Source\PSoC5/cyfitter_cfg.c **** #include "cyapicallbacks.h"
  26:Generated_Source\PSoC5/cyfitter_cfg.c **** 
  27:Generated_Source\PSoC5/cyfitter_cfg.c **** #define CY_NEED_CYCLOCKSTARTUPERROR 1
  28:Generated_Source\PSoC5/cyfitter_cfg.c **** 
  29:Generated_Source\PSoC5/cyfitter_cfg.c **** 
  30:Generated_Source\PSoC5/cyfitter_cfg.c **** #if defined(__GNUC__) || defined(__ARMCC_VERSION)
  31:Generated_Source\PSoC5/cyfitter_cfg.c ****     #define CYPACKED 
ARM GAS  C:\Users\Henry\AppData\Local\Temp\ccoR2DNE.s 			page 2


  32:Generated_Source\PSoC5/cyfitter_cfg.c ****     #define CYPACKED_ATTR __attribute__ ((packed))
  33:Generated_Source\PSoC5/cyfitter_cfg.c ****     #define CYALIGNED __attribute__ ((aligned))
  34:Generated_Source\PSoC5/cyfitter_cfg.c ****     #define CY_CFG_UNUSED __attribute__ ((unused))
  35:Generated_Source\PSoC5/cyfitter_cfg.c ****     #ifndef CY_CFG_SECTION
  36:Generated_Source\PSoC5/cyfitter_cfg.c ****         #define CY_CFG_SECTION __attribute__ ((section(".psocinit")))
  37:Generated_Source\PSoC5/cyfitter_cfg.c ****     #endif
  38:Generated_Source\PSoC5/cyfitter_cfg.c ****     
  39:Generated_Source\PSoC5/cyfitter_cfg.c ****     #if defined(__ARMCC_VERSION)
  40:Generated_Source\PSoC5/cyfitter_cfg.c ****         #define CY_CFG_MEMORY_BARRIER() __memory_changed()
  41:Generated_Source\PSoC5/cyfitter_cfg.c ****     #else
  42:Generated_Source\PSoC5/cyfitter_cfg.c ****         #define CY_CFG_MEMORY_BARRIER() __sync_synchronize()
  43:Generated_Source\PSoC5/cyfitter_cfg.c ****     #endif
  44:Generated_Source\PSoC5/cyfitter_cfg.c ****     
  45:Generated_Source\PSoC5/cyfitter_cfg.c **** #elif defined(__ICCARM__)
  46:Generated_Source\PSoC5/cyfitter_cfg.c ****     #include <intrinsics.h>
  47:Generated_Source\PSoC5/cyfitter_cfg.c **** 
  48:Generated_Source\PSoC5/cyfitter_cfg.c ****     #define CYPACKED __packed
  49:Generated_Source\PSoC5/cyfitter_cfg.c ****     #define CYPACKED_ATTR 
  50:Generated_Source\PSoC5/cyfitter_cfg.c ****     #define CYALIGNED _Pragma("data_alignment=4")
  51:Generated_Source\PSoC5/cyfitter_cfg.c ****     #define CY_CFG_UNUSED _Pragma("diag_suppress=Pe177")
  52:Generated_Source\PSoC5/cyfitter_cfg.c ****     #define CY_CFG_SECTION _Pragma("location=\".psocinit\"")
  53:Generated_Source\PSoC5/cyfitter_cfg.c ****     
  54:Generated_Source\PSoC5/cyfitter_cfg.c ****     #define CY_CFG_MEMORY_BARRIER() __DMB()
  55:Generated_Source\PSoC5/cyfitter_cfg.c ****     
  56:Generated_Source\PSoC5/cyfitter_cfg.c **** #else
  57:Generated_Source\PSoC5/cyfitter_cfg.c ****     #error Unsupported toolchain
  58:Generated_Source\PSoC5/cyfitter_cfg.c **** #endif
  59:Generated_Source\PSoC5/cyfitter_cfg.c **** 
  60:Generated_Source\PSoC5/cyfitter_cfg.c **** #ifndef CYCODE
  61:Generated_Source\PSoC5/cyfitter_cfg.c ****     #define CYCODE
  62:Generated_Source\PSoC5/cyfitter_cfg.c **** #endif
  63:Generated_Source\PSoC5/cyfitter_cfg.c **** #ifndef CYDATA
  64:Generated_Source\PSoC5/cyfitter_cfg.c ****     #define CYDATA
  65:Generated_Source\PSoC5/cyfitter_cfg.c **** #endif
  66:Generated_Source\PSoC5/cyfitter_cfg.c **** #ifndef CYFAR
  67:Generated_Source\PSoC5/cyfitter_cfg.c ****     #define CYFAR
  68:Generated_Source\PSoC5/cyfitter_cfg.c **** #endif
  69:Generated_Source\PSoC5/cyfitter_cfg.c **** #ifndef CYXDATA
  70:Generated_Source\PSoC5/cyfitter_cfg.c ****     #define CYXDATA
  71:Generated_Source\PSoC5/cyfitter_cfg.c **** #endif
  72:Generated_Source\PSoC5/cyfitter_cfg.c **** 
  73:Generated_Source\PSoC5/cyfitter_cfg.c **** 
  74:Generated_Source\PSoC5/cyfitter_cfg.c **** CY_CFG_UNUSED
  75:Generated_Source\PSoC5/cyfitter_cfg.c **** static void CYMEMZERO(void *s, size_t n);
  76:Generated_Source\PSoC5/cyfitter_cfg.c **** CY_CFG_UNUSED
  77:Generated_Source\PSoC5/cyfitter_cfg.c **** static void CYMEMZERO(void *s, size_t n)
  78:Generated_Source\PSoC5/cyfitter_cfg.c **** {
  79:Generated_Source\PSoC5/cyfitter_cfg.c **** 	(void)memset(s, 0, n);
  80:Generated_Source\PSoC5/cyfitter_cfg.c **** }
  81:Generated_Source\PSoC5/cyfitter_cfg.c **** CY_CFG_UNUSED
  82:Generated_Source\PSoC5/cyfitter_cfg.c **** static void CYCONFIGCPY(void *dest, const void *src, size_t n);
  83:Generated_Source\PSoC5/cyfitter_cfg.c **** CY_CFG_UNUSED
  84:Generated_Source\PSoC5/cyfitter_cfg.c **** static void CYCONFIGCPY(void *dest, const void *src, size_t n)
  85:Generated_Source\PSoC5/cyfitter_cfg.c **** {
  86:Generated_Source\PSoC5/cyfitter_cfg.c **** 	(void)memcpy(dest, src, n);
  87:Generated_Source\PSoC5/cyfitter_cfg.c **** }
  88:Generated_Source\PSoC5/cyfitter_cfg.c **** CY_CFG_UNUSED
ARM GAS  C:\Users\Henry\AppData\Local\Temp\ccoR2DNE.s 			page 3


  89:Generated_Source\PSoC5/cyfitter_cfg.c **** static void CYCONFIGCPYCODE(void *dest, const void *src, size_t n);
  90:Generated_Source\PSoC5/cyfitter_cfg.c **** CY_CFG_UNUSED
  91:Generated_Source\PSoC5/cyfitter_cfg.c **** static void CYCONFIGCPYCODE(void *dest, const void *src, size_t n)
  92:Generated_Source\PSoC5/cyfitter_cfg.c **** {
  93:Generated_Source\PSoC5/cyfitter_cfg.c **** 	(void)memcpy(dest, src, n);
  94:Generated_Source\PSoC5/cyfitter_cfg.c **** }
  95:Generated_Source\PSoC5/cyfitter_cfg.c **** 
  96:Generated_Source\PSoC5/cyfitter_cfg.c **** 
  97:Generated_Source\PSoC5/cyfitter_cfg.c **** 
  98:Generated_Source\PSoC5/cyfitter_cfg.c **** 
  99:Generated_Source\PSoC5/cyfitter_cfg.c **** /* Clock startup error codes                                                   */
 100:Generated_Source\PSoC5/cyfitter_cfg.c **** #define CYCLOCKSTART_NO_ERROR    0u
 101:Generated_Source\PSoC5/cyfitter_cfg.c **** #define CYCLOCKSTART_XTAL_ERROR  1u
 102:Generated_Source\PSoC5/cyfitter_cfg.c **** #define CYCLOCKSTART_32KHZ_ERROR 2u
 103:Generated_Source\PSoC5/cyfitter_cfg.c **** #define CYCLOCKSTART_PLL_ERROR   3u
 104:Generated_Source\PSoC5/cyfitter_cfg.c **** #define CYCLOCKSTART_FLL_ERROR   4u
 105:Generated_Source\PSoC5/cyfitter_cfg.c **** #define CYCLOCKSTART_WCO_ERROR   5u
 106:Generated_Source\PSoC5/cyfitter_cfg.c **** 
 107:Generated_Source\PSoC5/cyfitter_cfg.c **** 
 108:Generated_Source\PSoC5/cyfitter_cfg.c **** #ifdef CY_NEED_CYCLOCKSTARTUPERROR
 109:Generated_Source\PSoC5/cyfitter_cfg.c **** /*******************************************************************************
 110:Generated_Source\PSoC5/cyfitter_cfg.c **** * Function Name: CyClockStartupError
 111:Generated_Source\PSoC5/cyfitter_cfg.c **** ********************************************************************************
 112:Generated_Source\PSoC5/cyfitter_cfg.c **** * Summary:
 113:Generated_Source\PSoC5/cyfitter_cfg.c **** *  If an error is encountered during clock configuration (crystal startup error,
 114:Generated_Source\PSoC5/cyfitter_cfg.c **** *  PLL lock error, etc.), the system will end up here.  Unless reimplemented by
 115:Generated_Source\PSoC5/cyfitter_cfg.c **** *  the customer, this function will stop in an infinite loop.
 116:Generated_Source\PSoC5/cyfitter_cfg.c **** *
 117:Generated_Source\PSoC5/cyfitter_cfg.c **** * Parameters:
 118:Generated_Source\PSoC5/cyfitter_cfg.c **** *   void
 119:Generated_Source\PSoC5/cyfitter_cfg.c **** *
 120:Generated_Source\PSoC5/cyfitter_cfg.c **** * Return:
 121:Generated_Source\PSoC5/cyfitter_cfg.c **** *   void
 122:Generated_Source\PSoC5/cyfitter_cfg.c **** *
 123:Generated_Source\PSoC5/cyfitter_cfg.c **** *******************************************************************************/
 124:Generated_Source\PSoC5/cyfitter_cfg.c **** CY_CFG_UNUSED
 125:Generated_Source\PSoC5/cyfitter_cfg.c **** static void CyClockStartupError(uint8 errorCode);
 126:Generated_Source\PSoC5/cyfitter_cfg.c **** CY_CFG_UNUSED
 127:Generated_Source\PSoC5/cyfitter_cfg.c **** static void CyClockStartupError(uint8 errorCode)
 128:Generated_Source\PSoC5/cyfitter_cfg.c **** {
  27              		.loc 1 128 0
  28              		.cfi_startproc
  29              		@ Volatile: function does not return.
  30              		@ args = 0, pretend = 0, frame = 0
  31              		@ frame_needed = 0, uses_anonymous_args = 0
  32              		@ link register save eliminated.
  33              	.LVL0:
  34              	.L2:
  35 0000 FEE7     		b	.L2
  36              		.cfi_endproc
  37              	.LFE3:
  38              		.size	CyClockStartupError, .-CyClockStartupError
  39 0002 00BF     		.section	.text.cfg_write_bytes32,"ax",%progbits
  40              		.align	2
  41              		.thumb
  42              		.thumb_func
  43              		.type	cfg_write_bytes32, %function
ARM GAS  C:\Users\Henry\AppData\Local\Temp\ccoR2DNE.s 			page 4


  44              	cfg_write_bytes32:
  45              	.LFB4:
 129:Generated_Source\PSoC5/cyfitter_cfg.c ****     /* To remove the compiler warning if errorCode not used.                */
 130:Generated_Source\PSoC5/cyfitter_cfg.c ****     errorCode = errorCode;
 131:Generated_Source\PSoC5/cyfitter_cfg.c **** 
 132:Generated_Source\PSoC5/cyfitter_cfg.c ****     /* If we have a clock startup error (bad MHz crystal, PLL lock, etc.),  */
 133:Generated_Source\PSoC5/cyfitter_cfg.c ****     /* we will end up here to allow the customer to implement something to  */
 134:Generated_Source\PSoC5/cyfitter_cfg.c ****     /* deal with the clock condition.                                       */
 135:Generated_Source\PSoC5/cyfitter_cfg.c **** 
 136:Generated_Source\PSoC5/cyfitter_cfg.c **** #ifdef CY_CFG_CLOCK_STARTUP_ERROR_CALLBACK
 137:Generated_Source\PSoC5/cyfitter_cfg.c ****     CY_CFG_Clock_Startup_ErrorCallback();
 138:Generated_Source\PSoC5/cyfitter_cfg.c **** #else
 139:Generated_Source\PSoC5/cyfitter_cfg.c ****     /*  If not using CY_CFG_CLOCK_STARTUP_ERROR_CALLBACK, place your clock startup code here. */
 140:Generated_Source\PSoC5/cyfitter_cfg.c ****     /* `#START CyClockStartupError` */
 141:Generated_Source\PSoC5/cyfitter_cfg.c **** 
 142:Generated_Source\PSoC5/cyfitter_cfg.c **** 
 143:Generated_Source\PSoC5/cyfitter_cfg.c **** 
 144:Generated_Source\PSoC5/cyfitter_cfg.c ****     /* `#END` */
 145:Generated_Source\PSoC5/cyfitter_cfg.c **** 
 146:Generated_Source\PSoC5/cyfitter_cfg.c ****     while(1) {}
 147:Generated_Source\PSoC5/cyfitter_cfg.c **** #endif /* CY_CFG_CLOCK_STARTUP_ERROR_CALLBACK */
 148:Generated_Source\PSoC5/cyfitter_cfg.c **** }
 149:Generated_Source\PSoC5/cyfitter_cfg.c **** #endif
 150:Generated_Source\PSoC5/cyfitter_cfg.c **** 
 151:Generated_Source\PSoC5/cyfitter_cfg.c **** #define CY_CFG_BASE_ADDR_COUNT 17u
 152:Generated_Source\PSoC5/cyfitter_cfg.c **** CYPACKED typedef struct
 153:Generated_Source\PSoC5/cyfitter_cfg.c **** {
 154:Generated_Source\PSoC5/cyfitter_cfg.c **** 	uint8 offset;
 155:Generated_Source\PSoC5/cyfitter_cfg.c **** 	uint8 value;
 156:Generated_Source\PSoC5/cyfitter_cfg.c **** } CYPACKED_ATTR cy_cfg_addrvalue_t;
 157:Generated_Source\PSoC5/cyfitter_cfg.c **** 
 158:Generated_Source\PSoC5/cyfitter_cfg.c **** #define cy_cfg_addr_table ((const uint32 CYFAR *)0x48000000u)
 159:Generated_Source\PSoC5/cyfitter_cfg.c **** #define cy_cfg_data_table ((const cy_cfg_addrvalue_t CYFAR *)0x48000044u)
 160:Generated_Source\PSoC5/cyfitter_cfg.c **** 
 161:Generated_Source\PSoC5/cyfitter_cfg.c **** /* IOPINS0_1 Address: CYREG_PRT1_DM0 Size (bytes): 8 */
 162:Generated_Source\PSoC5/cyfitter_cfg.c **** #define BS_IOPINS0_1_VAL ((const uint8 CYFAR *)0x480000ECu)
 163:Generated_Source\PSoC5/cyfitter_cfg.c **** 
 164:Generated_Source\PSoC5/cyfitter_cfg.c **** /* IOPINS0_2 Address: CYREG_PRT2_DM0 Size (bytes): 8 */
 165:Generated_Source\PSoC5/cyfitter_cfg.c **** #define BS_IOPINS0_2_VAL ((const uint8 CYFAR *)0x480000F4u)
 166:Generated_Source\PSoC5/cyfitter_cfg.c **** 
 167:Generated_Source\PSoC5/cyfitter_cfg.c **** /* IOPINS0_6 Address: CYREG_PRT6_DM0 Size (bytes): 8 */
 168:Generated_Source\PSoC5/cyfitter_cfg.c **** #define BS_IOPINS0_6_VAL ((const uint8 CYFAR *)0x480000FCu)
 169:Generated_Source\PSoC5/cyfitter_cfg.c **** 
 170:Generated_Source\PSoC5/cyfitter_cfg.c **** /* CYDEV_CLKDIST_ACFG0_CFG0 Address: CYREG_CLKDIST_ACFG0_CFG0 Size (bytes): 4 */
 171:Generated_Source\PSoC5/cyfitter_cfg.c **** #define BS_CYDEV_CLKDIST_ACFG0_CFG0_VAL ((const uint8 CYFAR *)0x48000104u)
 172:Generated_Source\PSoC5/cyfitter_cfg.c **** 
 173:Generated_Source\PSoC5/cyfitter_cfg.c **** 
 174:Generated_Source\PSoC5/cyfitter_cfg.c **** /*******************************************************************************
 175:Generated_Source\PSoC5/cyfitter_cfg.c **** * Function Name: cfg_write_bytes32
 176:Generated_Source\PSoC5/cyfitter_cfg.c **** ********************************************************************************
 177:Generated_Source\PSoC5/cyfitter_cfg.c **** * Summary:
 178:Generated_Source\PSoC5/cyfitter_cfg.c **** *  This function is used for setting up the chip configuration areas that
 179:Generated_Source\PSoC5/cyfitter_cfg.c **** *  contain relatively sparse data.
 180:Generated_Source\PSoC5/cyfitter_cfg.c **** *
 181:Generated_Source\PSoC5/cyfitter_cfg.c **** * Parameters:
 182:Generated_Source\PSoC5/cyfitter_cfg.c **** *   void
 183:Generated_Source\PSoC5/cyfitter_cfg.c **** *
ARM GAS  C:\Users\Henry\AppData\Local\Temp\ccoR2DNE.s 			page 5


 184:Generated_Source\PSoC5/cyfitter_cfg.c **** * Return:
 185:Generated_Source\PSoC5/cyfitter_cfg.c **** *   void
 186:Generated_Source\PSoC5/cyfitter_cfg.c **** *
 187:Generated_Source\PSoC5/cyfitter_cfg.c **** *******************************************************************************/
 188:Generated_Source\PSoC5/cyfitter_cfg.c **** static void cfg_write_bytes32(const uint32 addr_table[], const cy_cfg_addrvalue_t data_table[]);
 189:Generated_Source\PSoC5/cyfitter_cfg.c **** static void cfg_write_bytes32(const uint32 addr_table[], const cy_cfg_addrvalue_t data_table[])
 190:Generated_Source\PSoC5/cyfitter_cfg.c **** {
  46              		.loc 1 190 0
  47              		.cfi_startproc
  48              		@ args = 0, pretend = 0, frame = 0
  49              		@ frame_needed = 0, uses_anonymous_args = 0
  50              		@ link register save eliminated.
  51              	.LVL1:
  52              		.loc 1 190 0
  53 0000 F0B4     		push	{r4, r5, r6, r7}
  54              		.cfi_def_cfa_offset 16
  55              		.cfi_offset 4, -16
  56              		.cfi_offset 5, -12
  57              		.cfi_offset 6, -8
  58              		.cfi_offset 7, -4
  59              	.LVL2:
 191:Generated_Source\PSoC5/cyfitter_cfg.c **** 	/* For 32-bit little-endian architectures */
 192:Generated_Source\PSoC5/cyfitter_cfg.c **** 	uint32 i, j = 0u;
  60              		.loc 1 192 0
  61 0002 0022     		movs	r2, #0
 193:Generated_Source\PSoC5/cyfitter_cfg.c **** 	for (i = 0u; i < CY_CFG_BASE_ADDR_COUNT; i++)
  62              		.loc 1 193 0
  63 0004 1746     		mov	r7, r2
  64 0006 11E0     		b	.L4
  65              	.LVL3:
  66              	.L7:
  67              	.LBB2:
 194:Generated_Source\PSoC5/cyfitter_cfg.c **** 	{
 195:Generated_Source\PSoC5/cyfitter_cfg.c **** 		uint32 baseAddr = addr_table[i];
  68              		.loc 1 195 0
  69 0008 50F82760 		ldr	r6, [r0, r7, lsl #2]
  70              	.LVL4:
 196:Generated_Source\PSoC5/cyfitter_cfg.c **** 		uint8 count = (uint8)baseAddr;
  71              		.loc 1 196 0
  72 000c F3B2     		uxtb	r3, r6
  73              	.LVL5:
 197:Generated_Source\PSoC5/cyfitter_cfg.c **** 		baseAddr &= 0xFFFFFF00u;
  74              		.loc 1 197 0
  75 000e 26F0FF06 		bic	r6, r6, #255
  76              	.LVL6:
 198:Generated_Source\PSoC5/cyfitter_cfg.c **** 		while (count != 0u)
  77              		.loc 1 198 0
  78 0012 08E0     		b	.L5
  79              	.L6:
 199:Generated_Source\PSoC5/cyfitter_cfg.c **** 		{
 200:Generated_Source\PSoC5/cyfitter_cfg.c **** 			CY_SET_REG8((void *)(baseAddr + data_table[j].offset), data_table[j].value);
  80              		.loc 1 200 0
  81 0014 01EB4205 		add	r5, r1, r2, lsl #1
  82 0018 11F81240 		ldrb	r4, [r1, r2, lsl #1]	@ zero_extendqisi2
  83 001c 6D78     		ldrb	r5, [r5, #1]	@ zero_extendqisi2
  84 001e A555     		strb	r5, [r4, r6]
 201:Generated_Source\PSoC5/cyfitter_cfg.c **** 			j++;
ARM GAS  C:\Users\Henry\AppData\Local\Temp\ccoR2DNE.s 			page 6


  85              		.loc 1 201 0
  86 0020 0132     		adds	r2, r2, #1
  87              	.LVL7:
 202:Generated_Source\PSoC5/cyfitter_cfg.c **** 			count--;
  88              		.loc 1 202 0
  89 0022 013B     		subs	r3, r3, #1
  90              	.LVL8:
  91 0024 DBB2     		uxtb	r3, r3
  92              	.LVL9:
  93              	.L5:
 198:Generated_Source\PSoC5/cyfitter_cfg.c **** 		{
  94              		.loc 1 198 0
  95 0026 002B     		cmp	r3, #0
  96 0028 F4D1     		bne	.L6
  97              	.LBE2:
 193:Generated_Source\PSoC5/cyfitter_cfg.c **** 	{
  98              		.loc 1 193 0 discriminator 2
  99 002a 0137     		adds	r7, r7, #1
 100              	.LVL10:
 101              	.L4:
 193:Generated_Source\PSoC5/cyfitter_cfg.c **** 	{
 102              		.loc 1 193 0 is_stmt 0 discriminator 1
 103 002c 102F     		cmp	r7, #16
 104 002e EBD9     		bls	.L7
 203:Generated_Source\PSoC5/cyfitter_cfg.c **** 		}
 204:Generated_Source\PSoC5/cyfitter_cfg.c **** 	}
 205:Generated_Source\PSoC5/cyfitter_cfg.c **** }
 105              		.loc 1 205 0 is_stmt 1
 106 0030 F0BC     		pop	{r4, r5, r6, r7}
 107              		.cfi_restore 7
 108              		.cfi_restore 6
 109              		.cfi_restore 5
 110              		.cfi_restore 4
 111              		.cfi_def_cfa_offset 0
 112              	.LVL11:
 113 0032 7047     		bx	lr
 114              		.cfi_endproc
 115              	.LFE4:
 116              		.size	cfg_write_bytes32, .-cfg_write_bytes32
 117              		.section	.text.CYMEMZERO,"ax",%progbits
 118              		.align	2
 119              		.thumb
 120              		.thumb_func
 121              		.type	CYMEMZERO, %function
 122              	CYMEMZERO:
 123              	.LFB0:
  78:Generated_Source\PSoC5/cyfitter_cfg.c **** 	(void)memset(s, 0, n);
 124              		.loc 1 78 0
 125              		.cfi_startproc
 126              		@ args = 0, pretend = 0, frame = 0
 127              		@ frame_needed = 0, uses_anonymous_args = 0
 128              	.LVL12:
 129 0000 08B5     		push	{r3, lr}
 130              		.cfi_def_cfa_offset 8
 131              		.cfi_offset 3, -8
 132              		.cfi_offset 14, -4
  79:Generated_Source\PSoC5/cyfitter_cfg.c **** }
ARM GAS  C:\Users\Henry\AppData\Local\Temp\ccoR2DNE.s 			page 7


 133              		.loc 1 79 0
 134 0002 0A46     		mov	r2, r1
 135 0004 0021     		movs	r1, #0
 136              	.LVL13:
 137 0006 FFF7FEFF 		bl	memset
 138              	.LVL14:
 139 000a 08BD     		pop	{r3, pc}
 140              		.cfi_endproc
 141              	.LFE0:
 142              		.size	CYMEMZERO, .-CYMEMZERO
 143              		.section	.text.AnalogSetDefault,"ax",%progbits
 144              		.align	2
 145              		.thumb
 146              		.thumb_func
 147              		.type	AnalogSetDefault, %function
 148              	AnalogSetDefault:
 149              	.LFB6:
 206:Generated_Source\PSoC5/cyfitter_cfg.c **** 
 207:Generated_Source\PSoC5/cyfitter_cfg.c **** /*******************************************************************************
 208:Generated_Source\PSoC5/cyfitter_cfg.c **** * Function Name: ClockSetup
 209:Generated_Source\PSoC5/cyfitter_cfg.c **** ********************************************************************************
 210:Generated_Source\PSoC5/cyfitter_cfg.c **** *
 211:Generated_Source\PSoC5/cyfitter_cfg.c **** * Summary:
 212:Generated_Source\PSoC5/cyfitter_cfg.c **** *  Performs the initialization of all of the clocks in the device based on the
 213:Generated_Source\PSoC5/cyfitter_cfg.c **** *  settings in the Clock tab of the DWR.  This includes enabling the requested
 214:Generated_Source\PSoC5/cyfitter_cfg.c **** *  clocks and setting the necessary dividers to produce the desired frequency. 
 215:Generated_Source\PSoC5/cyfitter_cfg.c **** *
 216:Generated_Source\PSoC5/cyfitter_cfg.c **** * Parameters:
 217:Generated_Source\PSoC5/cyfitter_cfg.c **** *  void
 218:Generated_Source\PSoC5/cyfitter_cfg.c **** *
 219:Generated_Source\PSoC5/cyfitter_cfg.c **** * Return:
 220:Generated_Source\PSoC5/cyfitter_cfg.c **** *  void
 221:Generated_Source\PSoC5/cyfitter_cfg.c **** *
 222:Generated_Source\PSoC5/cyfitter_cfg.c **** *******************************************************************************/
 223:Generated_Source\PSoC5/cyfitter_cfg.c **** static void ClockSetup(void);
 224:Generated_Source\PSoC5/cyfitter_cfg.c **** static void ClockSetup(void)
 225:Generated_Source\PSoC5/cyfitter_cfg.c **** {
 226:Generated_Source\PSoC5/cyfitter_cfg.c **** 	uint32 timeout;
 227:Generated_Source\PSoC5/cyfitter_cfg.c **** 	uint8 pllLock;
 228:Generated_Source\PSoC5/cyfitter_cfg.c **** 
 229:Generated_Source\PSoC5/cyfitter_cfg.c **** 
 230:Generated_Source\PSoC5/cyfitter_cfg.c **** 	/* Configure Digital Clocks based on settings from Clock DWR */
 231:Generated_Source\PSoC5/cyfitter_cfg.c **** 	CY_SET_XTND_REG16((void CYFAR *)(CYREG_CLKDIST_DCFG0_CFG0), 0x03BFu);
 232:Generated_Source\PSoC5/cyfitter_cfg.c **** 	CY_SET_XTND_REG8((void CYFAR *)(CYREG_CLKDIST_DCFG0_CFG0 + 0x2u), 0x18u);
 233:Generated_Source\PSoC5/cyfitter_cfg.c **** 
 234:Generated_Source\PSoC5/cyfitter_cfg.c **** 	/* Configure Analog Clocks based on settings from Clock DWR */
 235:Generated_Source\PSoC5/cyfitter_cfg.c **** 	CYCONFIGCPY((void CYFAR *)(CYREG_CLKDIST_ACFG0_CFG0), (const void CYFAR *)(BS_CYDEV_CLKDIST_ACFG0_
 236:Generated_Source\PSoC5/cyfitter_cfg.c **** 
 237:Generated_Source\PSoC5/cyfitter_cfg.c **** 	/* Configure ILO based on settings from Clock DWR */
 238:Generated_Source\PSoC5/cyfitter_cfg.c **** 	CY_SET_XTND_REG8((void CYFAR *)(CYREG_SLOWCLK_ILO_CR0), 0x02u);
 239:Generated_Source\PSoC5/cyfitter_cfg.c **** 	CY_SET_XTND_REG8((void CYFAR *)(CYREG_CLKDIST_CR), 0x08u);
 240:Generated_Source\PSoC5/cyfitter_cfg.c **** 
 241:Generated_Source\PSoC5/cyfitter_cfg.c **** 	/* Configure IMO based on settings from Clock DWR */
 242:Generated_Source\PSoC5/cyfitter_cfg.c **** 	CY_SET_XTND_REG8((void CYFAR *)(CYREG_FASTCLK_IMO_CR), 0x03u);
 243:Generated_Source\PSoC5/cyfitter_cfg.c **** 	CY_SET_XTND_REG8((void CYFAR *)(CYREG_IMO_TR1), (CY_GET_XTND_REG8((void CYFAR *)CYREG_FLSHID_CUST_
 244:Generated_Source\PSoC5/cyfitter_cfg.c **** 
 245:Generated_Source\PSoC5/cyfitter_cfg.c **** 	/* Configure PLL based on settings from Clock DWR */
ARM GAS  C:\Users\Henry\AppData\Local\Temp\ccoR2DNE.s 			page 8


 246:Generated_Source\PSoC5/cyfitter_cfg.c **** 	CY_SET_XTND_REG16((void CYFAR *)(CYREG_FASTCLK_PLL_P), 0x0008u);
 247:Generated_Source\PSoC5/cyfitter_cfg.c **** 	CY_SET_XTND_REG16((void CYFAR *)(CYREG_FASTCLK_PLL_CFG0), 0x1251u);
 248:Generated_Source\PSoC5/cyfitter_cfg.c **** 	/* Wait up to 250us for the PLL to lock */
 249:Generated_Source\PSoC5/cyfitter_cfg.c **** 	pllLock = 0u;
 250:Generated_Source\PSoC5/cyfitter_cfg.c **** 	for (timeout = 250u / 10u; (timeout > 0u) && (pllLock != 0x03u); timeout--)
 251:Generated_Source\PSoC5/cyfitter_cfg.c **** 	{ 
 252:Generated_Source\PSoC5/cyfitter_cfg.c **** 		pllLock = 0x03u & ((uint8)((uint8)pllLock << 1) | ((CY_GET_XTND_REG8((void CYFAR *)CYREG_FASTCLK_
 253:Generated_Source\PSoC5/cyfitter_cfg.c **** 		CyDelayCycles(10u * 48u); /* Delay 10us based on 48MHz clock */
 254:Generated_Source\PSoC5/cyfitter_cfg.c **** 	}
 255:Generated_Source\PSoC5/cyfitter_cfg.c **** 	/* If we ran out of time the PLL didn't lock so go to the error function */
 256:Generated_Source\PSoC5/cyfitter_cfg.c **** 	if (timeout == 0u)
 257:Generated_Source\PSoC5/cyfitter_cfg.c **** 	{
 258:Generated_Source\PSoC5/cyfitter_cfg.c **** 		CyClockStartupError(CYCLOCKSTART_PLL_ERROR);
 259:Generated_Source\PSoC5/cyfitter_cfg.c **** 	}
 260:Generated_Source\PSoC5/cyfitter_cfg.c **** 
 261:Generated_Source\PSoC5/cyfitter_cfg.c **** 	/* Configure Bus/Master Clock based on settings from Clock DWR */
 262:Generated_Source\PSoC5/cyfitter_cfg.c **** 	CY_SET_XTND_REG16((void CYFAR *)(CYREG_CLKDIST_MSTR0), 0x0100u);
 263:Generated_Source\PSoC5/cyfitter_cfg.c **** 	CY_SET_XTND_REG8((void CYFAR *)(CYREG_CLKDIST_MSTR0), 0x07u);
 264:Generated_Source\PSoC5/cyfitter_cfg.c **** 	CY_SET_XTND_REG8((void CYFAR *)(CYREG_CLKDIST_BCFG0), 0x00u);
 265:Generated_Source\PSoC5/cyfitter_cfg.c **** 	CY_SET_XTND_REG8((void CYFAR *)(CYREG_CLKDIST_BCFG2), 0x48u);
 266:Generated_Source\PSoC5/cyfitter_cfg.c **** 	CY_SET_XTND_REG8((void CYFAR *)(CYREG_CLKDIST_MSTR0), 0x00u);
 267:Generated_Source\PSoC5/cyfitter_cfg.c **** 	CY_SET_XTND_REG8((void CYFAR *)(CYREG_CLKDIST_LD), 0x02u);
 268:Generated_Source\PSoC5/cyfitter_cfg.c **** 	CY_SET_XTND_REG8((void CYFAR *)(CYREG_CLKDIST_DLY1), 0x04u);
 269:Generated_Source\PSoC5/cyfitter_cfg.c **** 
 270:Generated_Source\PSoC5/cyfitter_cfg.c **** 	CY_SET_XTND_REG8((void CYFAR *)(CYREG_PM_ACT_CFG2), ((CY_GET_XTND_REG8((void CYFAR *)CYREG_PM_ACT_
 271:Generated_Source\PSoC5/cyfitter_cfg.c **** 	CY_SET_XTND_REG8((void CYFAR *)(CYREG_PM_ACT_CFG1), ((CY_GET_XTND_REG8((void CYFAR *)CYREG_PM_ACT_
 272:Generated_Source\PSoC5/cyfitter_cfg.c **** 	CY_SET_XTND_REG8((void CYFAR *)(CYREG_PM_ACT_CFG0), ((CY_GET_XTND_REG8((void CYFAR *)CYREG_PM_ACT_
 273:Generated_Source\PSoC5/cyfitter_cfg.c **** }
 274:Generated_Source\PSoC5/cyfitter_cfg.c **** 
 275:Generated_Source\PSoC5/cyfitter_cfg.c **** 
 276:Generated_Source\PSoC5/cyfitter_cfg.c **** /* Analog API Functions */
 277:Generated_Source\PSoC5/cyfitter_cfg.c **** 
 278:Generated_Source\PSoC5/cyfitter_cfg.c **** 
 279:Generated_Source\PSoC5/cyfitter_cfg.c **** /*******************************************************************************
 280:Generated_Source\PSoC5/cyfitter_cfg.c **** * Function Name: AnalogSetDefault
 281:Generated_Source\PSoC5/cyfitter_cfg.c **** ********************************************************************************
 282:Generated_Source\PSoC5/cyfitter_cfg.c **** *
 283:Generated_Source\PSoC5/cyfitter_cfg.c **** * Summary:
 284:Generated_Source\PSoC5/cyfitter_cfg.c **** *  Sets up the analog portions of the chip to default values based on chip
 285:Generated_Source\PSoC5/cyfitter_cfg.c **** *  configuration options from the project.
 286:Generated_Source\PSoC5/cyfitter_cfg.c **** *
 287:Generated_Source\PSoC5/cyfitter_cfg.c **** * Parameters:
 288:Generated_Source\PSoC5/cyfitter_cfg.c **** *  void
 289:Generated_Source\PSoC5/cyfitter_cfg.c **** *
 290:Generated_Source\PSoC5/cyfitter_cfg.c **** * Return:
 291:Generated_Source\PSoC5/cyfitter_cfg.c **** *  void
 292:Generated_Source\PSoC5/cyfitter_cfg.c **** *
 293:Generated_Source\PSoC5/cyfitter_cfg.c **** *******************************************************************************/
 294:Generated_Source\PSoC5/cyfitter_cfg.c **** static void AnalogSetDefault(void);
 295:Generated_Source\PSoC5/cyfitter_cfg.c **** static void AnalogSetDefault(void)
 296:Generated_Source\PSoC5/cyfitter_cfg.c **** {
 150              		.loc 1 296 0
 151              		.cfi_startproc
 152              		@ args = 0, pretend = 0, frame = 0
 153              		@ frame_needed = 0, uses_anonymous_args = 0
 154 0000 F8B5     		push	{r3, r4, r5, r6, r7, lr}
 155              		.cfi_def_cfa_offset 24
ARM GAS  C:\Users\Henry\AppData\Local\Temp\ccoR2DNE.s 			page 9


 156              		.cfi_offset 3, -24
 157              		.cfi_offset 4, -20
 158              		.cfi_offset 5, -16
 159              		.cfi_offset 6, -12
 160              		.cfi_offset 7, -8
 161              		.cfi_offset 14, -4
 297:Generated_Source\PSoC5/cyfitter_cfg.c **** 	uint8 bg_xover_inl_trim = CY_GET_XTND_REG8((void CYFAR *)(CYREG_FLSHID_MFG_CFG_BG_XOVER_INL_TRIM +
 162              		.loc 1 297 0
 163 0002 164B     		ldr	r3, .L13
 164 0004 1B78     		ldrb	r3, [r3]	@ zero_extendqisi2
 165 0006 DBB2     		uxtb	r3, r3
 166              	.LVL15:
 298:Generated_Source\PSoC5/cyfitter_cfg.c **** 	uint8 cr4 = CY_GET_XTND_REG8((void CYFAR *)(CYREG_RESET_CR4));
 167              		.loc 1 298 0
 168 0008 154E     		ldr	r6, .L13+4
 169 000a 3478     		ldrb	r4, [r6]	@ zero_extendqisi2
 170 000c E4B2     		uxtb	r4, r4
 171              	.LVL16:
 299:Generated_Source\PSoC5/cyfitter_cfg.c **** 	uint8 cr5 = CY_GET_XTND_REG8((void CYFAR *)(CYREG_RESET_CR5));
 172              		.loc 1 299 0
 173 000e 154F     		ldr	r7, .L13+8
 174 0010 3D78     		ldrb	r5, [r7]	@ zero_extendqisi2
 175 0012 EDB2     		uxtb	r5, r5
 176              	.LVL17:
 300:Generated_Source\PSoC5/cyfitter_cfg.c **** 	CY_SET_XTND_REG8((void CYFAR *)(CYREG_BG_DFT0), (bg_xover_inl_trim & 0x07u));
 177              		.loc 1 300 0
 178 0014 03F00701 		and	r1, r3, #7
 179 0018 134A     		ldr	r2, .L13+12
 180 001a 1170     		strb	r1, [r2]
 301:Generated_Source\PSoC5/cyfitter_cfg.c **** 	CY_SET_XTND_REG8((void CYFAR *)(CYREG_BG_DFT1), ((bg_xover_inl_trim >> 4) & 0x0Fu));
 181              		.loc 1 301 0
 182 001c 1B09     		lsrs	r3, r3, #4
 183              	.LVL18:
 184 001e 0132     		adds	r2, r2, #1
 185 0020 1370     		strb	r3, [r2]
 302:Generated_Source\PSoC5/cyfitter_cfg.c **** 	/* Disable PRES while setting up SAR voltage reference */
 303:Generated_Source\PSoC5/cyfitter_cfg.c **** 	CY_SET_XTND_REG8((void CYFAR *)(CYREG_RESET_CR4), (cr4 | 0x03u));
 186              		.loc 1 303 0
 187 0022 44F00303 		orr	r3, r4, #3
 188 0026 3370     		strb	r3, [r6]
 304:Generated_Source\PSoC5/cyfitter_cfg.c **** 	CY_SET_XTND_REG8((void CYFAR *)(CYREG_RESET_CR5), (cr5 | 0x03u));
 189              		.loc 1 304 0
 190 0028 45F00303 		orr	r3, r5, #3
 191 002c 3B70     		strb	r3, [r7]
 305:Generated_Source\PSoC5/cyfitter_cfg.c **** 	CY_SET_XTND_REG8((void CYFAR *)CYREG_PRT6_AG, 0x20u);
 192              		.loc 1 305 0
 193 002e 2023     		movs	r3, #32
 194 0030 A2F20272 		subw	r2, r2, #1794
 195 0034 1370     		strb	r3, [r2]
 306:Generated_Source\PSoC5/cyfitter_cfg.c **** 	CY_SET_XTND_REG8((void CYFAR *)CYREG_SAR0_CSR1, 0x40u);
 196              		.loc 1 306 0
 197 0036 4022     		movs	r2, #64
 198 0038 0C49     		ldr	r1, .L13+16
 199 003a 0A70     		strb	r2, [r1]
 307:Generated_Source\PSoC5/cyfitter_cfg.c **** 	CY_SET_XTND_REG8((void CYFAR *)CYREG_SAR0_CSR3, 0x40u);
 200              		.loc 1 307 0
 201 003c 0231     		adds	r1, r1, #2
ARM GAS  C:\Users\Henry\AppData\Local\Temp\ccoR2DNE.s 			page 10


 202 003e 0A70     		strb	r2, [r1]
 308:Generated_Source\PSoC5/cyfitter_cfg.c **** 	CY_SET_XTND_REG8((void CYFAR *)CYREG_SAR0_SW0, 0x02u);
 203              		.loc 1 308 0
 204 0040 0221     		movs	r1, #2
 205 0042 0B4A     		ldr	r2, .L13+20
 206 0044 1170     		strb	r1, [r2]
 309:Generated_Source\PSoC5/cyfitter_cfg.c **** 	CY_SET_XTND_REG8((void CYFAR *)CYREG_SAR0_SW3, 0x20u);
 207              		.loc 1 309 0
 208 0046 0332     		adds	r2, r2, #3
 209 0048 1370     		strb	r3, [r2]
 310:Generated_Source\PSoC5/cyfitter_cfg.c **** 	CyDelayUs(10u); /* Allow vref to settle before re-enabling PRES */
 210              		.loc 1 310 0
 211 004a 0A20     		movs	r0, #10
 212 004c FFF7FEFF 		bl	CyDelayUs
 213              	.LVL19:
 311:Generated_Source\PSoC5/cyfitter_cfg.c **** 	CY_SET_XTND_REG8((void CYFAR *)(CYREG_RESET_CR5), (cr5));
 214              		.loc 1 311 0
 215 0050 3D70     		strb	r5, [r7]
 312:Generated_Source\PSoC5/cyfitter_cfg.c **** 	CY_SET_XTND_REG8((void CYFAR *)(CYREG_RESET_CR4), (cr4));
 216              		.loc 1 312 0
 217 0052 3470     		strb	r4, [r6]
 313:Generated_Source\PSoC5/cyfitter_cfg.c **** 	CY_SET_XTND_REG8((void CYFAR *)CYREG_PUMP_CR0, 0x44u);
 218              		.loc 1 313 0
 219 0054 4422     		movs	r2, #68
 220 0056 074B     		ldr	r3, .L13+24
 221 0058 1A70     		strb	r2, [r3]
 222 005a F8BD     		pop	{r3, r4, r5, r6, r7, pc}
 223              	.LVL20:
 224              	.L14:
 225              		.align	2
 226              	.L13:
 227 005c CF010049 		.word	1224737231
 228 0060 F8460040 		.word	1073759992
 229 0064 F9460040 		.word	1073759993
 230 0068 6E580040 		.word	1073764462
 231 006c 01590040 		.word	1073764609
 232 0070 205B0040 		.word	1073765152
 233 0074 76580040 		.word	1073764470
 234              		.cfi_endproc
 235              	.LFE6:
 236              		.size	AnalogSetDefault, .-AnalogSetDefault
 237              		.section	.text.CYCONFIGCPY,"ax",%progbits
 238              		.align	2
 239              		.thumb
 240              		.thumb_func
 241              		.type	CYCONFIGCPY, %function
 242              	CYCONFIGCPY:
 243              	.LFB1:
  85:Generated_Source\PSoC5/cyfitter_cfg.c **** 	(void)memcpy(dest, src, n);
 244              		.loc 1 85 0
 245              		.cfi_startproc
 246              		@ args = 0, pretend = 0, frame = 0
 247              		@ frame_needed = 0, uses_anonymous_args = 0
 248              	.LVL21:
 249 0000 08B5     		push	{r3, lr}
 250              		.cfi_def_cfa_offset 8
 251              		.cfi_offset 3, -8
ARM GAS  C:\Users\Henry\AppData\Local\Temp\ccoR2DNE.s 			page 11


 252              		.cfi_offset 14, -4
  86:Generated_Source\PSoC5/cyfitter_cfg.c **** }
 253              		.loc 1 86 0
 254 0002 FFF7FEFF 		bl	memcpy
 255              	.LVL22:
 256 0006 08BD     		pop	{r3, pc}
 257              		.cfi_endproc
 258              	.LFE1:
 259              		.size	CYCONFIGCPY, .-CYCONFIGCPY
 260              		.section	.text.ClockSetup,"ax",%progbits
 261              		.align	2
 262              		.thumb
 263              		.thumb_func
 264              		.type	ClockSetup, %function
 265              	ClockSetup:
 266              	.LFB5:
 225:Generated_Source\PSoC5/cyfitter_cfg.c **** 	uint32 timeout;
 267              		.loc 1 225 0
 268              		.cfi_startproc
 269              		@ args = 0, pretend = 0, frame = 0
 270              		@ frame_needed = 0, uses_anonymous_args = 0
 271 0000 38B5     		push	{r3, r4, r5, lr}
 272              		.cfi_def_cfa_offset 16
 273              		.cfi_offset 3, -16
 274              		.cfi_offset 4, -12
 275              		.cfi_offset 5, -8
 276              		.cfi_offset 14, -4
 231:Generated_Source\PSoC5/cyfitter_cfg.c **** 	CY_SET_XTND_REG8((void CYFAR *)(CYREG_CLKDIST_DCFG0_CFG0 + 0x2u), 0x18u);
 277              		.loc 1 231 0
 278 0002 40F2BF32 		movw	r2, #959
 279 0006 2D4B     		ldr	r3, .L23
 280 0008 1A80     		strh	r2, [r3]	@ movhi
 232:Generated_Source\PSoC5/cyfitter_cfg.c **** 
 281              		.loc 1 232 0
 282 000a 1822     		movs	r2, #24
 283 000c 0233     		adds	r3, r3, #2
 284 000e 1A70     		strb	r2, [r3]
 235:Generated_Source\PSoC5/cyfitter_cfg.c **** 
 285              		.loc 1 235 0
 286 0010 0422     		movs	r2, #4
 287 0012 2B49     		ldr	r1, .L23+4
 288 0014 2B48     		ldr	r0, .L23+8
 289 0016 FFF7FEFF 		bl	CYCONFIGCPY
 290              	.LVL23:
 238:Generated_Source\PSoC5/cyfitter_cfg.c **** 	CY_SET_XTND_REG8((void CYFAR *)(CYREG_CLKDIST_CR), 0x08u);
 291              		.loc 1 238 0
 292 001a 0222     		movs	r2, #2
 293 001c 2A4B     		ldr	r3, .L23+12
 294 001e 1A70     		strb	r2, [r3]
 239:Generated_Source\PSoC5/cyfitter_cfg.c **** 
 295              		.loc 1 239 0
 296 0020 0822     		movs	r2, #8
 297 0022 4FF04023 		mov	r3, #1073758208
 298 0026 1A70     		strb	r2, [r3]
 242:Generated_Source\PSoC5/cyfitter_cfg.c **** 	CY_SET_XTND_REG8((void CYFAR *)(CYREG_IMO_TR1), (CY_GET_XTND_REG8((void CYFAR *)CYREG_FLSHID_CUST_
 299              		.loc 1 242 0
 300 0028 0321     		movs	r1, #3
ARM GAS  C:\Users\Henry\AppData\Local\Temp\ccoR2DNE.s 			page 12


 301 002a 03F50073 		add	r3, r3, #512
 302 002e 1970     		strb	r1, [r3]
 243:Generated_Source\PSoC5/cyfitter_cfg.c **** 
 303              		.loc 1 243 0
 304 0030 264B     		ldr	r3, .L23+16
 305 0032 1B78     		ldrb	r3, [r3]	@ zero_extendqisi2
 306 0034 DBB2     		uxtb	r3, r3
 307 0036 2649     		ldr	r1, .L23+20
 308 0038 0B70     		strb	r3, [r1]
 246:Generated_Source\PSoC5/cyfitter_cfg.c **** 	CY_SET_XTND_REG16((void CYFAR *)(CYREG_FASTCLK_PLL_CFG0), 0x1251u);
 309              		.loc 1 246 0
 310 003a 264B     		ldr	r3, .L23+24
 311 003c 1A80     		strh	r2, [r3]	@ movhi
 247:Generated_Source\PSoC5/cyfitter_cfg.c **** 	/* Wait up to 250us for the PLL to lock */
 312              		.loc 1 247 0
 313 003e 41F25122 		movw	r2, #4689
 314 0042 023B     		subs	r3, r3, #2
 315 0044 1A80     		strh	r2, [r3]	@ movhi
 316              	.LVL24:
 249:Generated_Source\PSoC5/cyfitter_cfg.c **** 	for (timeout = 250u / 10u; (timeout > 0u) && (pllLock != 0x03u); timeout--)
 317              		.loc 1 249 0
 318 0046 0024     		movs	r4, #0
 250:Generated_Source\PSoC5/cyfitter_cfg.c **** 	{ 
 319              		.loc 1 250 0
 320 0048 1925     		movs	r5, #25
 321 004a 0CE0     		b	.L18
 322              	.LVL25:
 323              	.L20:
 252:Generated_Source\PSoC5/cyfitter_cfg.c **** 		CyDelayCycles(10u * 48u); /* Delay 10us based on 48MHz clock */
 324              		.loc 1 252 0 discriminator 4
 325 004c 224B     		ldr	r3, .L23+28
 326 004e 1B78     		ldrb	r3, [r3]	@ zero_extendqisi2
 327 0050 03F00103 		and	r3, r3, #1
 328 0054 43EA4404 		orr	r4, r3, r4, lsl #1
 329              	.LVL26:
 330 0058 04F00304 		and	r4, r4, #3
 331              	.LVL27:
 253:Generated_Source\PSoC5/cyfitter_cfg.c **** 	}
 332              		.loc 1 253 0 discriminator 4
 333 005c 4FF4F070 		mov	r0, #480
 334 0060 FFF7FEFF 		bl	CyDelayCycles
 335              	.LVL28:
 250:Generated_Source\PSoC5/cyfitter_cfg.c **** 	{ 
 336              		.loc 1 250 0 discriminator 4
 337 0064 013D     		subs	r5, r5, #1
 338              	.LVL29:
 339              	.L18:
 250:Generated_Source\PSoC5/cyfitter_cfg.c **** 	{ 
 340              		.loc 1 250 0 is_stmt 0 discriminator 1
 341 0066 0DB1     		cbz	r5, .L19
 250:Generated_Source\PSoC5/cyfitter_cfg.c **** 	{ 
 342              		.loc 1 250 0 discriminator 3
 343 0068 032C     		cmp	r4, #3
 344 006a EFD1     		bne	.L20
 345              	.L19:
 256:Generated_Source\PSoC5/cyfitter_cfg.c **** 	{
 346              		.loc 1 256 0 is_stmt 1
ARM GAS  C:\Users\Henry\AppData\Local\Temp\ccoR2DNE.s 			page 13


 347 006c 15B9     		cbnz	r5, .L21
 258:Generated_Source\PSoC5/cyfitter_cfg.c **** 	}
 348              		.loc 1 258 0
 349 006e 0320     		movs	r0, #3
 350 0070 FFF7FEFF 		bl	CyClockStartupError
 351              	.LVL30:
 352              	.L21:
 262:Generated_Source\PSoC5/cyfitter_cfg.c **** 	CY_SET_XTND_REG8((void CYFAR *)(CYREG_CLKDIST_MSTR0), 0x07u);
 353              		.loc 1 262 0
 354 0074 194B     		ldr	r3, .L23+32
 355 0076 4FF48072 		mov	r2, #256
 356 007a 1A80     		strh	r2, [r3]	@ movhi
 263:Generated_Source\PSoC5/cyfitter_cfg.c **** 	CY_SET_XTND_REG8((void CYFAR *)(CYREG_CLKDIST_BCFG0), 0x00u);
 357              		.loc 1 263 0
 358 007c 0722     		movs	r2, #7
 359 007e 1A70     		strb	r2, [r3]
 264:Generated_Source\PSoC5/cyfitter_cfg.c **** 	CY_SET_XTND_REG8((void CYFAR *)(CYREG_CLKDIST_BCFG2), 0x48u);
 360              		.loc 1 264 0
 361 0080 0022     		movs	r2, #0
 362 0082 1749     		ldr	r1, .L23+36
 363 0084 0A70     		strb	r2, [r1]
 265:Generated_Source\PSoC5/cyfitter_cfg.c **** 	CY_SET_XTND_REG8((void CYFAR *)(CYREG_CLKDIST_MSTR0), 0x00u);
 364              		.loc 1 265 0
 365 0086 4820     		movs	r0, #72
 366 0088 0231     		adds	r1, r1, #2
 367 008a 0870     		strb	r0, [r1]
 266:Generated_Source\PSoC5/cyfitter_cfg.c **** 	CY_SET_XTND_REG8((void CYFAR *)(CYREG_CLKDIST_LD), 0x02u);
 368              		.loc 1 266 0
 369 008c 1A70     		strb	r2, [r3]
 267:Generated_Source\PSoC5/cyfitter_cfg.c **** 	CY_SET_XTND_REG8((void CYFAR *)(CYREG_CLKDIST_DLY1), 0x04u);
 370              		.loc 1 267 0
 371 008e 0222     		movs	r2, #2
 372 0090 033B     		subs	r3, r3, #3
 373 0092 1A70     		strb	r2, [r3]
 268:Generated_Source\PSoC5/cyfitter_cfg.c **** 
 374              		.loc 1 268 0
 375 0094 0422     		movs	r2, #4
 376 0096 0A33     		adds	r3, r3, #10
 377 0098 1A70     		strb	r2, [r3]
 270:Generated_Source\PSoC5/cyfitter_cfg.c **** 	CY_SET_XTND_REG8((void CYFAR *)(CYREG_PM_ACT_CFG1), ((CY_GET_XTND_REG8((void CYFAR *)CYREG_PM_ACT_
 378              		.loc 1 270 0
 379 009a 124A     		ldr	r2, .L23+40
 380 009c 1378     		ldrb	r3, [r2]	@ zero_extendqisi2
 381 009e 43F00103 		orr	r3, r3, #1
 382 00a2 1370     		strb	r3, [r2]
 271:Generated_Source\PSoC5/cyfitter_cfg.c **** 	CY_SET_XTND_REG8((void CYFAR *)(CYREG_PM_ACT_CFG0), ((CY_GET_XTND_REG8((void CYFAR *)CYREG_PM_ACT_
 383              		.loc 1 271 0
 384 00a4 013A     		subs	r2, r2, #1
 385 00a6 1378     		ldrb	r3, [r2]	@ zero_extendqisi2
 386 00a8 43F00103 		orr	r3, r3, #1
 387 00ac 1370     		strb	r3, [r2]
 272:Generated_Source\PSoC5/cyfitter_cfg.c **** }
 388              		.loc 1 272 0
 389 00ae 013A     		subs	r2, r2, #1
 390 00b0 1378     		ldrb	r3, [r2]	@ zero_extendqisi2
 391 00b2 43F08003 		orr	r3, r3, #128
 392 00b6 1370     		strb	r3, [r2]
ARM GAS  C:\Users\Henry\AppData\Local\Temp\ccoR2DNE.s 			page 14


 393 00b8 38BD     		pop	{r3, r4, r5, pc}
 394              	.LVL31:
 395              	.L24:
 396 00ba 00BF     		.align	2
 397              	.L23:
 398 00bc 80400040 		.word	1073758336
 399 00c0 04010048 		.word	1207959812
 400 00c4 00410040 		.word	1073758464
 401 00c8 00430040 		.word	1073758976
 402 00cc 08010049 		.word	1224737032
 403 00d0 A1460040 		.word	1073759905
 404 00d4 22420040 		.word	1073758754
 405 00d8 25420040 		.word	1073758757
 406 00dc 04400040 		.word	1073758212
 407 00e0 06400040 		.word	1073758214
 408 00e4 A2430040 		.word	1073759138
 409              		.cfi_endproc
 410              	.LFE5:
 411              		.size	ClockSetup, .-ClockSetup
 412              		.section	.text.SetAnalogRoutingPumps,"ax",%progbits
 413              		.align	2
 414              		.global	SetAnalogRoutingPumps
 415              		.thumb
 416              		.thumb_func
 417              		.type	SetAnalogRoutingPumps, %function
 418              	SetAnalogRoutingPumps:
 419              	.LFB7:
 314:Generated_Source\PSoC5/cyfitter_cfg.c **** }
 315:Generated_Source\PSoC5/cyfitter_cfg.c **** 
 316:Generated_Source\PSoC5/cyfitter_cfg.c **** 
 317:Generated_Source\PSoC5/cyfitter_cfg.c **** /*******************************************************************************
 318:Generated_Source\PSoC5/cyfitter_cfg.c **** * Function Name: SetAnalogRoutingPumps
 319:Generated_Source\PSoC5/cyfitter_cfg.c **** ********************************************************************************
 320:Generated_Source\PSoC5/cyfitter_cfg.c **** *
 321:Generated_Source\PSoC5/cyfitter_cfg.c **** * Summary:
 322:Generated_Source\PSoC5/cyfitter_cfg.c **** * Enables or disables the analog pumps feeding analog routing switches.
 323:Generated_Source\PSoC5/cyfitter_cfg.c **** * Intended to be called at startup, based on the Vdda system configuration;
 324:Generated_Source\PSoC5/cyfitter_cfg.c **** * may be called during operation when the user informs us that the Vdda voltage
 325:Generated_Source\PSoC5/cyfitter_cfg.c **** * crossed the pump threshold.
 326:Generated_Source\PSoC5/cyfitter_cfg.c **** *
 327:Generated_Source\PSoC5/cyfitter_cfg.c **** * Parameters:
 328:Generated_Source\PSoC5/cyfitter_cfg.c **** *  enabled - 1 to enable the pumps, 0 to disable the pumps
 329:Generated_Source\PSoC5/cyfitter_cfg.c **** *
 330:Generated_Source\PSoC5/cyfitter_cfg.c **** * Return:
 331:Generated_Source\PSoC5/cyfitter_cfg.c **** *  void
 332:Generated_Source\PSoC5/cyfitter_cfg.c **** *
 333:Generated_Source\PSoC5/cyfitter_cfg.c **** *******************************************************************************/
 334:Generated_Source\PSoC5/cyfitter_cfg.c **** void SetAnalogRoutingPumps(uint8 enabled)
 335:Generated_Source\PSoC5/cyfitter_cfg.c **** {
 420              		.loc 1 335 0
 421              		.cfi_startproc
 422              		@ args = 0, pretend = 0, frame = 0
 423              		@ frame_needed = 0, uses_anonymous_args = 0
 424              		@ link register save eliminated.
 425              	.LVL32:
 336:Generated_Source\PSoC5/cyfitter_cfg.c **** 	uint8 regValue = CY_GET_XTND_REG8((void CYFAR *)CYREG_PUMP_CR0);
 426              		.loc 1 336 0
ARM GAS  C:\Users\Henry\AppData\Local\Temp\ccoR2DNE.s 			page 15


 427 0000 054B     		ldr	r3, .L28
 428 0002 1B78     		ldrb	r3, [r3]	@ zero_extendqisi2
 429 0004 DBB2     		uxtb	r3, r3
 430              	.LVL33:
 337:Generated_Source\PSoC5/cyfitter_cfg.c **** 	if (enabled != 0u)
 431              		.loc 1 337 0
 432 0006 10B1     		cbz	r0, .L26
 338:Generated_Source\PSoC5/cyfitter_cfg.c **** 	{
 339:Generated_Source\PSoC5/cyfitter_cfg.c **** 		regValue |= 0x22u;
 433              		.loc 1 339 0
 434 0008 43F02203 		orr	r3, r3, #34
 435              	.LVL34:
 436 000c 01E0     		b	.L27
 437              	.L26:
 340:Generated_Source\PSoC5/cyfitter_cfg.c **** 	}
 341:Generated_Source\PSoC5/cyfitter_cfg.c **** 	else
 342:Generated_Source\PSoC5/cyfitter_cfg.c **** 	{
 343:Generated_Source\PSoC5/cyfitter_cfg.c **** 		regValue &= (uint8)~0x22u;
 438              		.loc 1 343 0
 439 000e 03F0DD03 		and	r3, r3, #221
 440              	.LVL35:
 441              	.L27:
 344:Generated_Source\PSoC5/cyfitter_cfg.c **** 	}
 345:Generated_Source\PSoC5/cyfitter_cfg.c **** 	CY_SET_XTND_REG8((void CYFAR *)CYREG_PUMP_CR0, regValue);
 442              		.loc 1 345 0
 443 0012 014A     		ldr	r2, .L28
 444 0014 1370     		strb	r3, [r2]
 445 0016 7047     		bx	lr
 446              	.L29:
 447              		.align	2
 448              	.L28:
 449 0018 76580040 		.word	1073764470
 450              		.cfi_endproc
 451              	.LFE7:
 452              		.size	SetAnalogRoutingPumps, .-SetAnalogRoutingPumps
 453              		.section	.text.cyfitter_cfg,"ax",%progbits
 454              		.align	2
 455              		.global	cyfitter_cfg
 456              		.thumb
 457              		.thumb_func
 458              		.type	cyfitter_cfg, %function
 459              	cyfitter_cfg:
 460              	.LFB8:
 346:Generated_Source\PSoC5/cyfitter_cfg.c **** }
 347:Generated_Source\PSoC5/cyfitter_cfg.c **** 
 348:Generated_Source\PSoC5/cyfitter_cfg.c **** 
 349:Generated_Source\PSoC5/cyfitter_cfg.c **** 
 350:Generated_Source\PSoC5/cyfitter_cfg.c **** 
 351:Generated_Source\PSoC5/cyfitter_cfg.c **** /*******************************************************************************
 352:Generated_Source\PSoC5/cyfitter_cfg.c **** * Function Name: cyfitter_cfg
 353:Generated_Source\PSoC5/cyfitter_cfg.c **** ********************************************************************************
 354:Generated_Source\PSoC5/cyfitter_cfg.c **** * Summary:
 355:Generated_Source\PSoC5/cyfitter_cfg.c **** *  This function is called by the start-up code for the selected device. It
 356:Generated_Source\PSoC5/cyfitter_cfg.c **** *  performs all of the necessary device configuration based on the design
 357:Generated_Source\PSoC5/cyfitter_cfg.c **** *  settings.  This includes settings from the Design Wide Resources (DWR) such
 358:Generated_Source\PSoC5/cyfitter_cfg.c **** *  as Clocks and Pins as well as any component configuration that is necessary.
 359:Generated_Source\PSoC5/cyfitter_cfg.c **** *
ARM GAS  C:\Users\Henry\AppData\Local\Temp\ccoR2DNE.s 			page 16


 360:Generated_Source\PSoC5/cyfitter_cfg.c **** * Parameters:
 361:Generated_Source\PSoC5/cyfitter_cfg.c **** *   void
 362:Generated_Source\PSoC5/cyfitter_cfg.c **** *
 363:Generated_Source\PSoC5/cyfitter_cfg.c **** * Return:
 364:Generated_Source\PSoC5/cyfitter_cfg.c **** *   void
 365:Generated_Source\PSoC5/cyfitter_cfg.c **** *
 366:Generated_Source\PSoC5/cyfitter_cfg.c **** *******************************************************************************/
 367:Generated_Source\PSoC5/cyfitter_cfg.c **** 
 368:Generated_Source\PSoC5/cyfitter_cfg.c **** void cyfitter_cfg(void)
 369:Generated_Source\PSoC5/cyfitter_cfg.c **** {
 461              		.loc 1 369 0
 462              		.cfi_startproc
 463              		@ args = 0, pretend = 0, frame = 0
 464              		@ frame_needed = 0, uses_anonymous_args = 0
 465 0000 38B5     		push	{r3, r4, r5, lr}
 466              		.cfi_def_cfa_offset 16
 467              		.cfi_offset 3, -16
 468              		.cfi_offset 4, -12
 469              		.cfi_offset 5, -8
 470              		.cfi_offset 14, -4
 370:Generated_Source\PSoC5/cyfitter_cfg.c **** #ifdef CYGlobalIntDisable
 371:Generated_Source\PSoC5/cyfitter_cfg.c **** 	/* Disable interrupts by default. Let user enable if/when they want. */
 372:Generated_Source\PSoC5/cyfitter_cfg.c **** 	CYGlobalIntDisable
 471              		.loc 1 372 0
 472              		.syntax unified
 473              	@ 372 "Generated_Source\PSoC5\cyfitter_cfg.c" 1
 474 0002 72B6     		CPSID   i
 475              	@ 0 "" 2
 373:Generated_Source\PSoC5/cyfitter_cfg.c **** #endif
 374:Generated_Source\PSoC5/cyfitter_cfg.c **** 
 375:Generated_Source\PSoC5/cyfitter_cfg.c **** 	/* Enable/Disable Debug functionality based on settings from System DWR */
 376:Generated_Source\PSoC5/cyfitter_cfg.c **** 	CY_SET_XTND_REG8((void CYFAR *)CYREG_MLOGIC_DEBUG, (CY_GET_XTND_REG8((void CYFAR *)CYREG_MLOGIC_DE
 476              		.loc 1 376 0
 477              		.thumb
 478              		.syntax unified
 479 0004 2B4A     		ldr	r2, .L34
 480 0006 1378     		ldrb	r3, [r2]	@ zero_extendqisi2
 481 0008 43F00403 		orr	r3, r3, #4
 482 000c 1370     		strb	r3, [r2]
 483              	.LVL36:
 484              	.LBB3:
 377:Generated_Source\PSoC5/cyfitter_cfg.c **** 
 378:Generated_Source\PSoC5/cyfitter_cfg.c **** 	{
 379:Generated_Source\PSoC5/cyfitter_cfg.c **** 
 380:Generated_Source\PSoC5/cyfitter_cfg.c **** 		CYPACKED typedef struct {
 381:Generated_Source\PSoC5/cyfitter_cfg.c **** 			void CYFAR *address;
 382:Generated_Source\PSoC5/cyfitter_cfg.c **** 			uint16 size;
 383:Generated_Source\PSoC5/cyfitter_cfg.c **** 		} CYPACKED_ATTR cfg_memset_t;
 384:Generated_Source\PSoC5/cyfitter_cfg.c **** 
 385:Generated_Source\PSoC5/cyfitter_cfg.c **** 		static const cfg_memset_t CYCODE cfg_memset_list[] = {
 386:Generated_Source\PSoC5/cyfitter_cfg.c **** 			/* address, size */
 387:Generated_Source\PSoC5/cyfitter_cfg.c **** 			{(void CYFAR *)(CYREG_PRT0_DR), 16u},
 388:Generated_Source\PSoC5/cyfitter_cfg.c **** 			{(void CYFAR *)(CYREG_PRT3_DR), 48u},
 389:Generated_Source\PSoC5/cyfitter_cfg.c **** 			{(void CYFAR *)(CYREG_PRT12_DR), 16u},
 390:Generated_Source\PSoC5/cyfitter_cfg.c **** 			{(void CYFAR *)(CYREG_PRT15_DR), 16u},
 391:Generated_Source\PSoC5/cyfitter_cfg.c **** 			{(void CYFAR *)(CYDEV_UCFG_B0_P0_U0_BASE), 4096u},
 392:Generated_Source\PSoC5/cyfitter_cfg.c **** 			{(void CYFAR *)(CYDEV_UCFG_B1_P2_U0_BASE), 2048u},
ARM GAS  C:\Users\Henry\AppData\Local\Temp\ccoR2DNE.s 			page 17


 393:Generated_Source\PSoC5/cyfitter_cfg.c **** 			{(void CYFAR *)(CYDEV_UCFG_DSI0_BASE), 2560u},
 394:Generated_Source\PSoC5/cyfitter_cfg.c **** 			{(void CYFAR *)(CYDEV_UCFG_DSI12_BASE), 512u},
 395:Generated_Source\PSoC5/cyfitter_cfg.c **** 			{(void CYFAR *)(CYREG_BCTL0_MDCLK_EN), 32u},
 396:Generated_Source\PSoC5/cyfitter_cfg.c **** 		};
 397:Generated_Source\PSoC5/cyfitter_cfg.c **** 
 398:Generated_Source\PSoC5/cyfitter_cfg.c **** 		uint8 CYDATA i;
 399:Generated_Source\PSoC5/cyfitter_cfg.c **** 
 400:Generated_Source\PSoC5/cyfitter_cfg.c **** 		/* Zero out critical memory blocks before beginning configuration */
 401:Generated_Source\PSoC5/cyfitter_cfg.c **** 		for (i = 0u; i < (sizeof(cfg_memset_list)/sizeof(cfg_memset_list[0])); i++)
 485              		.loc 1 401 0
 486 000e 0024     		movs	r4, #0
 487 0010 0CE0     		b	.L31
 488              	.LVL37:
 489              	.L32:
 490              	.LBB4:
 402:Generated_Source\PSoC5/cyfitter_cfg.c **** 		{
 403:Generated_Source\PSoC5/cyfitter_cfg.c **** 			const cfg_memset_t CYCODE * CYDATA ms = &cfg_memset_list[i];
 404:Generated_Source\PSoC5/cyfitter_cfg.c **** 			CYMEMZERO(ms->address, (size_t)(uint32)(ms->size));
 491              		.loc 1 404 0 discriminator 3
 492 0012 294D     		ldr	r5, .L34+4
 493 0014 6300     		lsls	r3, r4, #1
 494 0016 1919     		adds	r1, r3, r4
 495 0018 4A00     		lsls	r2, r1, #1
 496 001a 1146     		mov	r1, r2
 497 001c 2A44     		add	r2, r2, r5
 498 001e 0846     		mov	r0, r1
 499 0020 9188     		ldrh	r1, [r2, #4]
 500 0022 2858     		ldr	r0, [r5, r0]	@ unaligned
 501 0024 FFF7FEFF 		bl	CYMEMZERO
 502              	.LVL38:
 503              	.LBE4:
 401:Generated_Source\PSoC5/cyfitter_cfg.c **** 		{
 504              		.loc 1 401 0 discriminator 3
 505 0028 0134     		adds	r4, r4, #1
 506              	.LVL39:
 507 002a E4B2     		uxtb	r4, r4
 508              	.LVL40:
 509              	.L31:
 401:Generated_Source\PSoC5/cyfitter_cfg.c **** 		{
 510              		.loc 1 401 0 is_stmt 0 discriminator 1
 511 002c 082C     		cmp	r4, #8
 512 002e F0D9     		bls	.L32
 405:Generated_Source\PSoC5/cyfitter_cfg.c **** 		}
 406:Generated_Source\PSoC5/cyfitter_cfg.c **** 
 407:Generated_Source\PSoC5/cyfitter_cfg.c **** 		cfg_write_bytes32(cy_cfg_addr_table, cy_cfg_data_table);
 513              		.loc 1 407 0 is_stmt 1
 514 0030 2249     		ldr	r1, .L34+8
 515 0032 4FF09040 		mov	r0, #1207959552
 516 0036 FFF7FEFF 		bl	cfg_write_bytes32
 517              	.LVL41:
 408:Generated_Source\PSoC5/cyfitter_cfg.c **** 
 409:Generated_Source\PSoC5/cyfitter_cfg.c **** 		/* Enable digital routing */
 410:Generated_Source\PSoC5/cyfitter_cfg.c **** 		CY_SET_XTND_REG8((void CYFAR *)CYREG_BCTL0_BANK_CTL, CY_GET_XTND_REG8((void CYFAR *)CYREG_BCTL0_B
 518              		.loc 1 410 0
 519 003a 214A     		ldr	r2, .L34+12
 520 003c 1378     		ldrb	r3, [r2]	@ zero_extendqisi2
 521 003e 43F00203 		orr	r3, r3, #2
ARM GAS  C:\Users\Henry\AppData\Local\Temp\ccoR2DNE.s 			page 18


 522 0042 1370     		strb	r3, [r2]
 411:Generated_Source\PSoC5/cyfitter_cfg.c **** 		CY_SET_XTND_REG8((void CYFAR *)CYREG_BCTL1_BANK_CTL, CY_GET_XTND_REG8((void CYFAR *)CYREG_BCTL1_B
 523              		.loc 1 411 0
 524 0044 1032     		adds	r2, r2, #16
 525 0046 1378     		ldrb	r3, [r2]	@ zero_extendqisi2
 526 0048 43F00203 		orr	r3, r3, #2
 527 004c 1370     		strb	r3, [r2]
 412:Generated_Source\PSoC5/cyfitter_cfg.c **** 
 413:Generated_Source\PSoC5/cyfitter_cfg.c **** 		/* Enable UDB array */
 414:Generated_Source\PSoC5/cyfitter_cfg.c **** 		CY_SET_XTND_REG8((void CYFAR *)CYREG_PM_ACT_CFG0, CY_GET_XTND_REG8((void CYFAR *)CYREG_PM_ACT_CFG
 528              		.loc 1 414 0
 529 004e 1D4C     		ldr	r4, .L34+16
 530              	.LVL42:
 531 0050 2378     		ldrb	r3, [r4]	@ zero_extendqisi2
 532 0052 43F04003 		orr	r3, r3, #64
 533 0056 2370     		strb	r3, [r4]
 415:Generated_Source\PSoC5/cyfitter_cfg.c **** 		CY_SET_XTND_REG8((void CYFAR *)CYREG_PM_AVAIL_CR2, CY_GET_XTND_REG8((void CYFAR *)CYREG_PM_AVAIL_
 534              		.loc 1 415 0
 535 0058 A2F58632 		sub	r2, r2, #68608
 536 005c 513A     		subs	r2, r2, #81
 537 005e 1378     		ldrb	r3, [r2]	@ zero_extendqisi2
 538 0060 43F01003 		orr	r3, r3, #16
 539 0064 1370     		strb	r3, [r2]
 540              	.LBE3:
 416:Generated_Source\PSoC5/cyfitter_cfg.c **** 	}
 417:Generated_Source\PSoC5/cyfitter_cfg.c **** 
 418:Generated_Source\PSoC5/cyfitter_cfg.c **** 
 419:Generated_Source\PSoC5/cyfitter_cfg.c **** 	/* Perform second pass device configuration. These items must be configured in specific order afte
 420:Generated_Source\PSoC5/cyfitter_cfg.c **** 	CYCONFIGCPY((void CYFAR *)(CYREG_PRT1_DM0), (const void CYFAR *)(BS_IOPINS0_1_VAL), 8u);
 541              		.loc 1 420 0
 542 0066 0822     		movs	r2, #8
 543 0068 1749     		ldr	r1, .L34+20
 544 006a 1848     		ldr	r0, .L34+24
 545 006c FFF7FEFF 		bl	CYCONFIGCPY
 546              	.LVL43:
 421:Generated_Source\PSoC5/cyfitter_cfg.c **** 	CYCONFIGCPY((void CYFAR *)(CYREG_PRT2_DM0), (const void CYFAR *)(BS_IOPINS0_2_VAL), 8u);
 547              		.loc 1 421 0
 548 0070 0822     		movs	r2, #8
 549 0072 1749     		ldr	r1, .L34+28
 550 0074 1748     		ldr	r0, .L34+32
 551 0076 FFF7FEFF 		bl	CYCONFIGCPY
 552              	.LVL44:
 422:Generated_Source\PSoC5/cyfitter_cfg.c **** 	CYCONFIGCPY((void CYFAR *)(CYREG_PRT6_DM0), (const void CYFAR *)(BS_IOPINS0_6_VAL), 8u);
 553              		.loc 1 422 0
 554 007a 0822     		movs	r2, #8
 555 007c 1649     		ldr	r1, .L34+36
 556 007e 1748     		ldr	r0, .L34+40
 557 0080 FFF7FEFF 		bl	CYCONFIGCPY
 558              	.LVL45:
 423:Generated_Source\PSoC5/cyfitter_cfg.c **** 	/* Switch Boost to the precision bandgap reference from its internal reference */
 424:Generated_Source\PSoC5/cyfitter_cfg.c **** 	CY_SET_REG8((void CYXDATA *)CYREG_BOOST_CR2, (CY_GET_REG8((void CYXDATA *)CYREG_BOOST_CR2) | 0x08u
 559              		.loc 1 424 0
 560 0084 164A     		ldr	r2, .L34+44
 561 0086 1378     		ldrb	r3, [r2]	@ zero_extendqisi2
 562 0088 43F00803 		orr	r3, r3, #8
 563 008c 1370     		strb	r3, [r2]
 425:Generated_Source\PSoC5/cyfitter_cfg.c **** 
ARM GAS  C:\Users\Henry\AppData\Local\Temp\ccoR2DNE.s 			page 19


 426:Generated_Source\PSoC5/cyfitter_cfg.c **** 	/* Set Flash Cycles based on max possible frequency in case a glitch occurs during ClockSetup(). *
 427:Generated_Source\PSoC5/cyfitter_cfg.c **** 	CY_SET_XTND_REG8((void CYFAR *)(CYREG_CACHE_CC_CTL), (((CYDEV_INSTRUCT_CACHE_ENABLED) != 0) ? 0x61
 564              		.loc 1 427 0
 565 008e 154D     		ldr	r5, .L34+48
 566 0090 6123     		movs	r3, #97
 567 0092 2B70     		strb	r3, [r5]
 428:Generated_Source\PSoC5/cyfitter_cfg.c **** 	/* Setup clocks based on selections from Clock DWR */
 429:Generated_Source\PSoC5/cyfitter_cfg.c **** 	ClockSetup();
 568              		.loc 1 429 0
 569 0094 FFF7FEFF 		bl	ClockSetup
 570              	.LVL46:
 430:Generated_Source\PSoC5/cyfitter_cfg.c **** 	/* Set Flash Cycles based on newly configured 24.00MHz Bus Clock. */
 431:Generated_Source\PSoC5/cyfitter_cfg.c **** 	CY_SET_XTND_REG8((void CYFAR *)(CYREG_CACHE_CC_CTL), (((CYDEV_INSTRUCT_CACHE_ENABLED) != 0) ? 0x81
 571              		.loc 1 431 0
 572 0098 8123     		movs	r3, #129
 573 009a 2B70     		strb	r3, [r5]
 432:Generated_Source\PSoC5/cyfitter_cfg.c **** 	CY_SET_XTND_REG8((void CYFAR *)(CYREG_PANTHER_WAITPIPE), 0x01u);
 574              		.loc 1 432 0
 575 009c 0122     		movs	r2, #1
 576 009e 124B     		ldr	r3, .L34+52
 577 00a0 1A70     		strb	r2, [r3]
 433:Generated_Source\PSoC5/cyfitter_cfg.c **** 
 434:Generated_Source\PSoC5/cyfitter_cfg.c **** 	/* Perform basic analog initialization to defaults */
 435:Generated_Source\PSoC5/cyfitter_cfg.c **** 	AnalogSetDefault();
 578              		.loc 1 435 0
 579 00a2 FFF7FEFF 		bl	AnalogSetDefault
 580              	.LVL47:
 436:Generated_Source\PSoC5/cyfitter_cfg.c **** 
 437:Generated_Source\PSoC5/cyfitter_cfg.c **** 	/* Configure alternate active mode */
 438:Generated_Source\PSoC5/cyfitter_cfg.c **** 	CYCONFIGCPY((void CYFAR *)CYDEV_PM_STBY_BASE, (const void CYFAR *)CYDEV_PM_ACT_BASE, 14u);
 581              		.loc 1 438 0
 582 00a6 0E22     		movs	r2, #14
 583 00a8 2146     		mov	r1, r4
 584 00aa 1048     		ldr	r0, .L34+56
 585 00ac FFF7FEFF 		bl	CYCONFIGCPY
 586              	.LVL48:
 587 00b0 38BD     		pop	{r3, r4, r5, pc}
 588              	.L35:
 589 00b2 00BF     		.align	2
 590              	.L34:
 591 00b4 E8460040 		.word	1073759976
 592 00b8 00000000 		.word	.LANCHOR0
 593 00bc 44000048 		.word	1207959620
 594 00c0 03500140 		.word	1073827843
 595 00c4 A0430040 		.word	1073759136
 596 00c8 EC000048 		.word	1207959788
 597 00cc 12510040 		.word	1073762578
 598 00d0 F4000048 		.word	1207959796
 599 00d4 22510040 		.word	1073762594
 600 00d8 FC000048 		.word	1207959804
 601 00dc 62510040 		.word	1073762658
 602 00e0 22430040 		.word	1073759010
 603 00e4 00480040 		.word	1073760256
 604 00e8 04000840 		.word	1074266116
 605 00ec B0430040 		.word	1073759152
 606              		.cfi_endproc
 607              	.LFE8:
ARM GAS  C:\Users\Henry\AppData\Local\Temp\ccoR2DNE.s 			page 20


 608              		.size	cyfitter_cfg, .-cyfitter_cfg
 609              		.section	.rodata
 610              		.align	2
 611              		.set	.LANCHOR0,. + 0
 612              		.type	cfg_memset_list.5015, %object
 613              		.size	cfg_memset_list.5015, 54
 614              	cfg_memset_list.5015:
 615 0000 00510040 		.word	1073762560
 616 0004 1000     		.short	16
 617 0006 30510040 		.4byte	1073762608
 618 000a 3000     		.short	48
 619 000c C0510040 		.word	1073762752
 620 0010 1000     		.short	16
 621 0012 F0510040 		.4byte	1073762800
 622 0016 1000     		.short	16
 623 0018 00000140 		.word	1073807360
 624 001c 0010     		.short	4096
 625 001e 00140140 		.4byte	1073812480
 626 0022 0008     		.short	2048
 627 0024 00400140 		.word	1073823744
 628 0028 000A     		.short	2560
 629 002a 004C0140 		.4byte	1073826816
 630 002e 0002     		.short	512
 631 0030 00500140 		.word	1073827840
 632 0034 2000     		.short	32
 633              		.text
 634              	.Letext0:
 635              		.file 2 "c:\\program files (x86)\\cypress\\psoc creator\\4.4\\psoc creator\\import\\gnu\\arm\\5.4.
 636              		.file 3 "Generated_Source\\PSoC5\\cytypes.h"
 637              		.file 4 "Generated_Source\\PSoC5\\CyLib.h"
 638              		.section	.debug_info,"",%progbits
 639              	.Ldebug_info0:
 640 0000 24050000 		.4byte	0x524
 641 0004 0400     		.2byte	0x4
 642 0006 00000000 		.4byte	.Ldebug_abbrev0
 643 000a 04       		.byte	0x4
 644 000b 01       		.uleb128 0x1
 645 000c 9F000000 		.4byte	.LASF49
 646 0010 0C       		.byte	0xc
 647 0011 27020000 		.4byte	.LASF50
 648 0015 98020000 		.4byte	.LASF51
 649 0019 00000000 		.4byte	.Ldebug_ranges0+0
 650 001d 00000000 		.4byte	0
 651 0021 00000000 		.4byte	.Ldebug_line0
 652 0025 02       		.uleb128 0x2
 653 0026 04       		.byte	0x4
 654 0027 05       		.byte	0x5
 655 0028 696E7400 		.ascii	"int\000"
 656 002c 03       		.uleb128 0x3
 657 002d 19000000 		.4byte	.LASF12
 658 0031 02       		.byte	0x2
 659 0032 D8       		.byte	0xd8
 660 0033 37000000 		.4byte	0x37
 661 0037 04       		.uleb128 0x4
 662 0038 04       		.byte	0x4
 663 0039 07       		.byte	0x7
 664 003a CE010000 		.4byte	.LASF0
ARM GAS  C:\Users\Henry\AppData\Local\Temp\ccoR2DNE.s 			page 21


 665 003e 04       		.uleb128 0x4
 666 003f 08       		.byte	0x8
 667 0040 05       		.byte	0x5
 668 0041 19020000 		.4byte	.LASF1
 669 0045 04       		.uleb128 0x4
 670 0046 08       		.byte	0x8
 671 0047 04       		.byte	0x4
 672 0048 CC020000 		.4byte	.LASF2
 673 004c 04       		.uleb128 0x4
 674 004d 01       		.byte	0x1
 675 004e 06       		.byte	0x6
 676 004f EA020000 		.4byte	.LASF3
 677 0053 04       		.uleb128 0x4
 678 0054 01       		.byte	0x1
 679 0055 08       		.byte	0x8
 680 0056 65010000 		.4byte	.LASF4
 681 005a 04       		.uleb128 0x4
 682 005b 02       		.byte	0x2
 683 005c 05       		.byte	0x5
 684 005d 78020000 		.4byte	.LASF5
 685 0061 04       		.uleb128 0x4
 686 0062 02       		.byte	0x2
 687 0063 07       		.byte	0x7
 688 0064 50000000 		.4byte	.LASF6
 689 0068 04       		.uleb128 0x4
 690 0069 04       		.byte	0x4
 691 006a 05       		.byte	0x5
 692 006b 8A020000 		.4byte	.LASF7
 693 006f 04       		.uleb128 0x4
 694 0070 04       		.byte	0x4
 695 0071 07       		.byte	0x7
 696 0072 2D010000 		.4byte	.LASF8
 697 0076 04       		.uleb128 0x4
 698 0077 08       		.byte	0x8
 699 0078 07       		.byte	0x7
 700 0079 E3010000 		.4byte	.LASF9
 701 007d 04       		.uleb128 0x4
 702 007e 04       		.byte	0x4
 703 007f 07       		.byte	0x7
 704 0080 10020000 		.4byte	.LASF10
 705 0084 05       		.uleb128 0x5
 706 0085 04       		.byte	0x4
 707 0086 04       		.uleb128 0x4
 708 0087 01       		.byte	0x1
 709 0088 08       		.byte	0x8
 710 0089 93020000 		.4byte	.LASF11
 711 008d 06       		.uleb128 0x6
 712 008e 3F010000 		.4byte	.LASF13
 713 0092 03       		.byte	0x3
 714 0093 E801     		.2byte	0x1e8
 715 0095 53000000 		.4byte	0x53
 716 0099 06       		.uleb128 0x6
 717 009a AB010000 		.4byte	.LASF14
 718 009e 03       		.byte	0x3
 719 009f E901     		.2byte	0x1e9
 720 00a1 61000000 		.4byte	0x61
 721 00a5 06       		.uleb128 0x6
ARM GAS  C:\Users\Henry\AppData\Local\Temp\ccoR2DNE.s 			page 22


 722 00a6 C7010000 		.4byte	.LASF15
 723 00aa 03       		.byte	0x3
 724 00ab EA01     		.2byte	0x1ea
 725 00ad 6F000000 		.4byte	0x6f
 726 00b1 04       		.uleb128 0x4
 727 00b2 04       		.byte	0x4
 728 00b3 04       		.byte	0x4
 729 00b4 6B000000 		.4byte	.LASF16
 730 00b8 04       		.uleb128 0x4
 731 00b9 08       		.byte	0x8
 732 00ba 04       		.byte	0x4
 733 00bb 7A010000 		.4byte	.LASF17
 734 00bf 06       		.uleb128 0x6
 735 00c0 14000000 		.4byte	.LASF18
 736 00c4 03       		.byte	0x3
 737 00c5 9202     		.2byte	0x292
 738 00c7 CB000000 		.4byte	0xcb
 739 00cb 07       		.uleb128 0x7
 740 00cc 8D000000 		.4byte	0x8d
 741 00d0 06       		.uleb128 0x6
 742 00d1 00000000 		.4byte	.LASF19
 743 00d5 03       		.byte	0x3
 744 00d6 9302     		.2byte	0x293
 745 00d8 DC000000 		.4byte	0xdc
 746 00dc 07       		.uleb128 0x7
 747 00dd 99000000 		.4byte	0x99
 748 00e1 08       		.uleb128 0x8
 749 00e2 02       		.byte	0x2
 750 00e3 01       		.byte	0x1
 751 00e4 98       		.byte	0x98
 752 00e5 02010000 		.4byte	0x102
 753 00e9 09       		.uleb128 0x9
 754 00ea 71020000 		.4byte	.LASF20
 755 00ee 01       		.byte	0x1
 756 00ef 9A       		.byte	0x9a
 757 00f0 8D000000 		.4byte	0x8d
 758 00f4 00       		.byte	0
 759 00f5 09       		.uleb128 0x9
 760 00f6 39000000 		.4byte	.LASF21
 761 00fa 01       		.byte	0x1
 762 00fb 9B       		.byte	0x9b
 763 00fc 8D000000 		.4byte	0x8d
 764 0100 01       		.byte	0x1
 765 0101 00       		.byte	0
 766 0102 03       		.uleb128 0x3
 767 0103 5E020000 		.4byte	.LASF22
 768 0107 01       		.byte	0x1
 769 0108 9C       		.byte	0x9c
 770 0109 E1000000 		.4byte	0xe1
 771 010d 0A       		.uleb128 0xa
 772 010e 71000000 		.4byte	.LASF52
 773 0112 01       		.byte	0x1
 774 0113 7F       		.byte	0x7f
 775 0114 00000000 		.4byte	.LFB3
 776 0118 02000000 		.4byte	.LFE3-.LFB3
 777 011c 01       		.uleb128 0x1
 778 011d 9C       		.byte	0x9c
ARM GAS  C:\Users\Henry\AppData\Local\Temp\ccoR2DNE.s 			page 23


 779 011e 30010000 		.4byte	0x130
 780 0122 0B       		.uleb128 0xb
 781 0123 BD010000 		.4byte	.LASF23
 782 0127 01       		.byte	0x1
 783 0128 7F       		.byte	0x7f
 784 0129 8D000000 		.4byte	0x8d
 785 012d 01       		.uleb128 0x1
 786 012e 50       		.byte	0x50
 787 012f 00       		.byte	0
 788 0130 0C       		.uleb128 0xc
 789 0131 81010000 		.4byte	.LASF28
 790 0135 01       		.byte	0x1
 791 0136 BD       		.byte	0xbd
 792 0137 00000000 		.4byte	.LFB4
 793 013b 34000000 		.4byte	.LFE4-.LFB4
 794 013f 01       		.uleb128 0x1
 795 0140 9C       		.byte	0x9c
 796 0141 A2010000 		.4byte	0x1a2
 797 0145 0B       		.uleb128 0xb
 798 0146 A0010000 		.4byte	.LASF24
 799 014a 01       		.byte	0x1
 800 014b BD       		.byte	0xbd
 801 014c A2010000 		.4byte	0x1a2
 802 0150 01       		.uleb128 0x1
 803 0151 50       		.byte	0x50
 804 0152 0B       		.uleb128 0xb
 805 0153 B2010000 		.4byte	.LASF25
 806 0157 01       		.byte	0x1
 807 0158 BD       		.byte	0xbd
 808 0159 AD010000 		.4byte	0x1ad
 809 015d 01       		.uleb128 0x1
 810 015e 51       		.byte	0x51
 811 015f 0D       		.uleb128 0xd
 812 0160 6900     		.ascii	"i\000"
 813 0162 01       		.byte	0x1
 814 0163 C0       		.byte	0xc0
 815 0164 A5000000 		.4byte	0xa5
 816 0168 00000000 		.4byte	.LLST0
 817 016c 0D       		.uleb128 0xd
 818 016d 6A00     		.ascii	"j\000"
 819 016f 01       		.byte	0x1
 820 0170 C0       		.byte	0xc0
 821 0171 A5000000 		.4byte	0xa5
 822 0175 1F000000 		.4byte	.LLST1
 823 0179 0E       		.uleb128 0xe
 824 017a 08000000 		.4byte	.LBB2
 825 017e 22000000 		.4byte	.LBE2-.LBB2
 826 0182 0F       		.uleb128 0xf
 827 0183 07020000 		.4byte	.LASF26
 828 0187 01       		.byte	0x1
 829 0188 C3       		.byte	0xc3
 830 0189 A5000000 		.4byte	0xa5
 831 018d 3E000000 		.4byte	.LLST2
 832 0191 0F       		.uleb128 0xf
 833 0192 3F000000 		.4byte	.LASF27
 834 0196 01       		.byte	0x1
 835 0197 C4       		.byte	0xc4
ARM GAS  C:\Users\Henry\AppData\Local\Temp\ccoR2DNE.s 			page 24


 836 0198 8D000000 		.4byte	0x8d
 837 019c 51000000 		.4byte	.LLST3
 838 01a0 00       		.byte	0
 839 01a1 00       		.byte	0
 840 01a2 10       		.uleb128 0x10
 841 01a3 04       		.byte	0x4
 842 01a4 A8010000 		.4byte	0x1a8
 843 01a8 11       		.uleb128 0x11
 844 01a9 A5000000 		.4byte	0xa5
 845 01ad 10       		.uleb128 0x10
 846 01ae 04       		.byte	0x4
 847 01af B3010000 		.4byte	0x1b3
 848 01b3 11       		.uleb128 0x11
 849 01b4 02010000 		.4byte	0x102
 850 01b8 0C       		.uleb128 0xc
 851 01b9 45010000 		.4byte	.LASF29
 852 01bd 01       		.byte	0x1
 853 01be 4D       		.byte	0x4d
 854 01bf 00000000 		.4byte	.LFB0
 855 01c3 0C000000 		.4byte	.LFE0-.LFB0
 856 01c7 01       		.uleb128 0x1
 857 01c8 9C       		.byte	0x9c
 858 01c9 05020000 		.4byte	0x205
 859 01cd 12       		.uleb128 0x12
 860 01ce 7300     		.ascii	"s\000"
 861 01d0 01       		.byte	0x1
 862 01d1 4D       		.byte	0x4d
 863 01d2 84000000 		.4byte	0x84
 864 01d6 6F000000 		.4byte	.LLST4
 865 01da 12       		.uleb128 0x12
 866 01db 6E00     		.ascii	"n\000"
 867 01dd 01       		.byte	0x1
 868 01de 4D       		.byte	0x4d
 869 01df 2C000000 		.4byte	0x2c
 870 01e3 90000000 		.4byte	.LLST5
 871 01e7 13       		.uleb128 0x13
 872 01e8 0A000000 		.4byte	.LVL14
 873 01ec FF040000 		.4byte	0x4ff
 874 01f0 14       		.uleb128 0x14
 875 01f1 01       		.uleb128 0x1
 876 01f2 50       		.byte	0x50
 877 01f3 03       		.uleb128 0x3
 878 01f4 F3       		.byte	0xf3
 879 01f5 01       		.uleb128 0x1
 880 01f6 50       		.byte	0x50
 881 01f7 14       		.uleb128 0x14
 882 01f8 01       		.uleb128 0x1
 883 01f9 51       		.byte	0x51
 884 01fa 01       		.uleb128 0x1
 885 01fb 30       		.byte	0x30
 886 01fc 14       		.uleb128 0x14
 887 01fd 01       		.uleb128 0x1
 888 01fe 52       		.byte	0x52
 889 01ff 03       		.uleb128 0x3
 890 0200 F3       		.byte	0xf3
 891 0201 01       		.uleb128 0x1
 892 0202 51       		.byte	0x51
ARM GAS  C:\Users\Henry\AppData\Local\Temp\ccoR2DNE.s 			page 25


 893 0203 00       		.byte	0
 894 0204 00       		.byte	0
 895 0205 15       		.uleb128 0x15
 896 0206 20000000 		.4byte	.LASF30
 897 020a 01       		.byte	0x1
 898 020b 2701     		.2byte	0x127
 899 020d 00000000 		.4byte	.LFB6
 900 0211 78000000 		.4byte	.LFE6-.LFB6
 901 0215 01       		.uleb128 0x1
 902 0216 9C       		.byte	0x9c
 903 0217 5B020000 		.4byte	0x25b
 904 021b 16       		.uleb128 0x16
 905 021c D8020000 		.4byte	.LASF31
 906 0220 01       		.byte	0x1
 907 0221 2901     		.2byte	0x129
 908 0223 8D000000 		.4byte	0x8d
 909 0227 BC000000 		.4byte	.LLST6
 910 022b 17       		.uleb128 0x17
 911 022c 63723400 		.ascii	"cr4\000"
 912 0230 01       		.byte	0x1
 913 0231 2A01     		.2byte	0x12a
 914 0233 8D000000 		.4byte	0x8d
 915 0237 CF000000 		.4byte	.LLST7
 916 023b 17       		.uleb128 0x17
 917 023c 63723500 		.ascii	"cr5\000"
 918 0240 01       		.byte	0x1
 919 0241 2B01     		.2byte	0x12b
 920 0243 8D000000 		.4byte	0x8d
 921 0247 E2000000 		.4byte	.LLST8
 922 024b 13       		.uleb128 0x13
 923 024c 50000000 		.4byte	.LVL19
 924 0250 08050000 		.4byte	0x508
 925 0254 14       		.uleb128 0x14
 926 0255 01       		.uleb128 0x1
 927 0256 50       		.byte	0x50
 928 0257 01       		.uleb128 0x1
 929 0258 3A       		.byte	0x3a
 930 0259 00       		.byte	0
 931 025a 00       		.byte	0
 932 025b 0C       		.uleb128 0xc
 933 025c FF020000 		.4byte	.LASF32
 934 0260 01       		.byte	0x1
 935 0261 54       		.byte	0x54
 936 0262 00000000 		.4byte	.LFB1
 937 0266 08000000 		.4byte	.LFE1-.LFB1
 938 026a 01       		.uleb128 0x1
 939 026b 9C       		.byte	0x9c
 940 026c BB020000 		.4byte	0x2bb
 941 0270 18       		.uleb128 0x18
 942 0271 85000000 		.4byte	.LASF33
 943 0275 01       		.byte	0x1
 944 0276 54       		.byte	0x54
 945 0277 84000000 		.4byte	0x84
 946 027b F5000000 		.4byte	.LLST9
 947 027f 12       		.uleb128 0x12
 948 0280 73726300 		.ascii	"src\000"
 949 0284 01       		.byte	0x1
ARM GAS  C:\Users\Henry\AppData\Local\Temp\ccoR2DNE.s 			page 26


 950 0285 54       		.byte	0x54
 951 0286 BB020000 		.4byte	0x2bb
 952 028a 16010000 		.4byte	.LLST10
 953 028e 12       		.uleb128 0x12
 954 028f 6E00     		.ascii	"n\000"
 955 0291 01       		.byte	0x1
 956 0292 54       		.byte	0x54
 957 0293 2C000000 		.4byte	0x2c
 958 0297 37010000 		.4byte	.LLST11
 959 029b 13       		.uleb128 0x13
 960 029c 06000000 		.4byte	.LVL22
 961 02a0 13050000 		.4byte	0x513
 962 02a4 14       		.uleb128 0x14
 963 02a5 01       		.uleb128 0x1
 964 02a6 50       		.byte	0x50
 965 02a7 03       		.uleb128 0x3
 966 02a8 F3       		.byte	0xf3
 967 02a9 01       		.uleb128 0x1
 968 02aa 50       		.byte	0x50
 969 02ab 14       		.uleb128 0x14
 970 02ac 01       		.uleb128 0x1
 971 02ad 51       		.byte	0x51
 972 02ae 03       		.uleb128 0x3
 973 02af F3       		.byte	0xf3
 974 02b0 01       		.uleb128 0x1
 975 02b1 51       		.byte	0x51
 976 02b2 14       		.uleb128 0x14
 977 02b3 01       		.uleb128 0x1
 978 02b4 52       		.byte	0x52
 979 02b5 03       		.uleb128 0x3
 980 02b6 F3       		.byte	0xf3
 981 02b7 01       		.uleb128 0x1
 982 02b8 52       		.byte	0x52
 983 02b9 00       		.byte	0
 984 02ba 00       		.byte	0
 985 02bb 10       		.uleb128 0x10
 986 02bc 04       		.byte	0x4
 987 02bd C1020000 		.4byte	0x2c1
 988 02c1 19       		.uleb128 0x19
 989 02c2 0C       		.uleb128 0xc
 990 02c3 45000000 		.4byte	.LASF34
 991 02c7 01       		.byte	0x1
 992 02c8 E0       		.byte	0xe0
 993 02c9 00000000 		.4byte	.LFB5
 994 02cd E8000000 		.4byte	.LFE5-.LFB5
 995 02d1 01       		.uleb128 0x1
 996 02d2 9C       		.byte	0x9c
 997 02d3 3F030000 		.4byte	0x33f
 998 02d7 0F       		.uleb128 0xf
 999 02d8 31000000 		.4byte	.LASF35
 1000 02dc 01       		.byte	0x1
 1001 02dd E2       		.byte	0xe2
 1002 02de A5000000 		.4byte	0xa5
 1003 02e2 58010000 		.4byte	.LLST12
 1004 02e6 0F       		.uleb128 0xf
 1005 02e7 63000000 		.4byte	.LASF36
 1006 02eb 01       		.byte	0x1
ARM GAS  C:\Users\Henry\AppData\Local\Temp\ccoR2DNE.s 			page 27


 1007 02ec E3       		.byte	0xe3
 1008 02ed 8D000000 		.4byte	0x8d
 1009 02f1 77010000 		.4byte	.LLST13
 1010 02f5 1A       		.uleb128 0x1a
 1011 02f6 1A000000 		.4byte	.LVL23
 1012 02fa 5B020000 		.4byte	0x25b
 1013 02fe 1A030000 		.4byte	0x31a
 1014 0302 14       		.uleb128 0x14
 1015 0303 01       		.uleb128 0x1
 1016 0304 50       		.byte	0x50
 1017 0305 05       		.uleb128 0x5
 1018 0306 0C       		.byte	0xc
 1019 0307 00410040 		.4byte	0x40004100
 1020 030b 14       		.uleb128 0x14
 1021 030c 01       		.uleb128 0x1
 1022 030d 51       		.byte	0x51
 1023 030e 05       		.uleb128 0x5
 1024 030f 0C       		.byte	0xc
 1025 0310 04010048 		.4byte	0x48000104
 1026 0314 14       		.uleb128 0x14
 1027 0315 01       		.uleb128 0x1
 1028 0316 52       		.byte	0x52
 1029 0317 01       		.uleb128 0x1
 1030 0318 34       		.byte	0x34
 1031 0319 00       		.byte	0
 1032 031a 1A       		.uleb128 0x1a
 1033 031b 64000000 		.4byte	.LVL28
 1034 031f 1C050000 		.4byte	0x51c
 1035 0323 2F030000 		.4byte	0x32f
 1036 0327 14       		.uleb128 0x14
 1037 0328 01       		.uleb128 0x1
 1038 0329 50       		.byte	0x50
 1039 032a 03       		.uleb128 0x3
 1040 032b 0A       		.byte	0xa
 1041 032c E001     		.2byte	0x1e0
 1042 032e 00       		.byte	0
 1043 032f 13       		.uleb128 0x13
 1044 0330 74000000 		.4byte	.LVL30
 1045 0334 0D010000 		.4byte	0x10d
 1046 0338 14       		.uleb128 0x14
 1047 0339 01       		.uleb128 0x1
 1048 033a 50       		.byte	0x50
 1049 033b 01       		.uleb128 0x1
 1050 033c 33       		.byte	0x33
 1051 033d 00       		.byte	0
 1052 033e 00       		.byte	0
 1053 033f 1B       		.uleb128 0x1b
 1054 0340 4F010000 		.4byte	.LASF39
 1055 0344 01       		.byte	0x1
 1056 0345 4E01     		.2byte	0x14e
 1057 0347 00000000 		.4byte	.LFB7
 1058 034b 1C000000 		.4byte	.LFE7-.LFB7
 1059 034f 01       		.uleb128 0x1
 1060 0350 9C       		.byte	0x9c
 1061 0351 72030000 		.4byte	0x372
 1062 0355 1C       		.uleb128 0x1c
 1063 0356 82020000 		.4byte	.LASF37
ARM GAS  C:\Users\Henry\AppData\Local\Temp\ccoR2DNE.s 			page 28


 1064 035a 01       		.byte	0x1
 1065 035b 4E01     		.2byte	0x14e
 1066 035d 8D000000 		.4byte	0x8d
 1067 0361 01       		.uleb128 0x1
 1068 0362 50       		.byte	0x50
 1069 0363 1D       		.uleb128 0x1d
 1070 0364 F6020000 		.4byte	.LASF38
 1071 0368 01       		.byte	0x1
 1072 0369 5001     		.2byte	0x150
 1073 036b 8D000000 		.4byte	0x8d
 1074 036f 01       		.uleb128 0x1
 1075 0370 53       		.byte	0x53
 1076 0371 00       		.byte	0
 1077 0372 1B       		.uleb128 0x1b
 1078 0373 93010000 		.4byte	.LASF40
 1079 0377 01       		.byte	0x1
 1080 0378 7001     		.2byte	0x170
 1081 037a 00000000 		.4byte	.LFB8
 1082 037e F0000000 		.4byte	.LFE8-.LFB8
 1083 0382 01       		.uleb128 0x1
 1084 0383 9C       		.byte	0x9c
 1085 0384 FF040000 		.4byte	0x4ff
 1086 0388 1E       		.uleb128 0x1e
 1087 0389 0E000000 		.4byte	.LBB3
 1088 038d 58000000 		.4byte	.LBE3-.LBB3
 1089 0391 5F040000 		.4byte	0x45f
 1090 0395 1F       		.uleb128 0x1f
 1091 0396 06       		.byte	0x6
 1092 0397 01       		.byte	0x1
 1093 0398 7C01     		.2byte	0x17c
 1094 039a B9030000 		.4byte	0x3b9
 1095 039e 20       		.uleb128 0x20
 1096 039f DB010000 		.4byte	.LASF41
 1097 03a3 01       		.byte	0x1
 1098 03a4 7D01     		.2byte	0x17d
 1099 03a6 84000000 		.4byte	0x84
 1100 03aa 00       		.byte	0
 1101 03ab 20       		.uleb128 0x20
 1102 03ac 9A000000 		.4byte	.LASF42
 1103 03b0 01       		.byte	0x1
 1104 03b1 7E01     		.2byte	0x17e
 1105 03b3 99000000 		.4byte	0x99
 1106 03b7 04       		.byte	0x4
 1107 03b8 00       		.byte	0
 1108 03b9 06       		.uleb128 0x6
 1109 03ba FA010000 		.4byte	.LASF43
 1110 03be 01       		.byte	0x1
 1111 03bf 7F01     		.2byte	0x17f
 1112 03c1 95030000 		.4byte	0x395
 1113 03c5 21       		.uleb128 0x21
 1114 03c6 D5030000 		.4byte	0x3d5
 1115 03ca D5030000 		.4byte	0x3d5
 1116 03ce 22       		.uleb128 0x22
 1117 03cf 7D000000 		.4byte	0x7d
 1118 03d3 08       		.byte	0x8
 1119 03d4 00       		.byte	0
 1120 03d5 11       		.uleb128 0x11
ARM GAS  C:\Users\Henry\AppData\Local\Temp\ccoR2DNE.s 			page 29


 1121 03d6 B9030000 		.4byte	0x3b9
 1122 03da 1D       		.uleb128 0x1d
 1123 03db 8A000000 		.4byte	.LASF44
 1124 03df 01       		.byte	0x1
 1125 03e0 8101     		.2byte	0x181
 1126 03e2 EC030000 		.4byte	0x3ec
 1127 03e6 05       		.uleb128 0x5
 1128 03e7 03       		.byte	0x3
 1129 03e8 00000000 		.4byte	cfg_memset_list.5015
 1130 03ec 11       		.uleb128 0x11
 1131 03ed C5030000 		.4byte	0x3c5
 1132 03f1 17       		.uleb128 0x17
 1133 03f2 6900     		.ascii	"i\000"
 1134 03f4 01       		.byte	0x1
 1135 03f5 8E01     		.2byte	0x18e
 1136 03f7 8D000000 		.4byte	0x8d
 1137 03fb A1010000 		.4byte	.LLST14
 1138 03ff 1E       		.uleb128 0x1e
 1139 0400 12000000 		.4byte	.LBB4
 1140 0404 16000000 		.4byte	.LBE4-.LBB4
 1141 0408 44040000 		.4byte	0x444
 1142 040c 17       		.uleb128 0x17
 1143 040d 6D7300   		.ascii	"ms\000"
 1144 0410 01       		.byte	0x1
 1145 0411 9301     		.2byte	0x193
 1146 0413 1B040000 		.4byte	0x41b
 1147 0417 CB010000 		.4byte	.LLST15
 1148 041b 10       		.uleb128 0x10
 1149 041c 04       		.byte	0x4
 1150 041d D5030000 		.4byte	0x3d5
 1151 0421 13       		.uleb128 0x13
 1152 0422 28000000 		.4byte	.LVL38
 1153 0426 B8010000 		.4byte	0x1b8
 1154 042a 14       		.uleb128 0x14
 1155 042b 01       		.uleb128 0x1
 1156 042c 51       		.byte	0x51
 1157 042d 14       		.uleb128 0x14
 1158 042e 74       		.byte	0x74
 1159 042f 00       		.sleb128 0
 1160 0430 31       		.byte	0x31
 1161 0431 24       		.byte	0x24
 1162 0432 74       		.byte	0x74
 1163 0433 00       		.sleb128 0
 1164 0434 22       		.byte	0x22
 1165 0435 31       		.byte	0x31
 1166 0436 24       		.byte	0x24
 1167 0437 75       		.byte	0x75
 1168 0438 00       		.sleb128 0
 1169 0439 22       		.byte	0x22
 1170 043a 23       		.byte	0x23
 1171 043b 04       		.uleb128 0x4
 1172 043c 94       		.byte	0x94
 1173 043d 02       		.byte	0x2
 1174 043e 0A       		.byte	0xa
 1175 043f FFFF     		.2byte	0xffff
 1176 0441 1A       		.byte	0x1a
 1177 0442 00       		.byte	0
ARM GAS  C:\Users\Henry\AppData\Local\Temp\ccoR2DNE.s 			page 30


 1178 0443 00       		.byte	0
 1179 0444 13       		.uleb128 0x13
 1180 0445 3A000000 		.4byte	.LVL41
 1181 0449 30010000 		.4byte	0x130
 1182 044d 14       		.uleb128 0x14
 1183 044e 01       		.uleb128 0x1
 1184 044f 50       		.byte	0x50
 1185 0450 03       		.uleb128 0x3
 1186 0451 42       		.byte	0x42
 1187 0452 4A       		.byte	0x4a
 1188 0453 24       		.byte	0x24
 1189 0454 14       		.uleb128 0x14
 1190 0455 01       		.uleb128 0x1
 1191 0456 51       		.byte	0x51
 1192 0457 05       		.uleb128 0x5
 1193 0458 0C       		.byte	0xc
 1194 0459 44000048 		.4byte	0x48000044
 1195 045d 00       		.byte	0
 1196 045e 00       		.byte	0
 1197 045f 1A       		.uleb128 0x1a
 1198 0460 70000000 		.4byte	.LVL43
 1199 0464 5B020000 		.4byte	0x25b
 1200 0468 84040000 		.4byte	0x484
 1201 046c 14       		.uleb128 0x14
 1202 046d 01       		.uleb128 0x1
 1203 046e 50       		.byte	0x50
 1204 046f 05       		.uleb128 0x5
 1205 0470 0C       		.byte	0xc
 1206 0471 12510040 		.4byte	0x40005112
 1207 0475 14       		.uleb128 0x14
 1208 0476 01       		.uleb128 0x1
 1209 0477 51       		.byte	0x51
 1210 0478 05       		.uleb128 0x5
 1211 0479 0C       		.byte	0xc
 1212 047a EC000048 		.4byte	0x480000ec
 1213 047e 14       		.uleb128 0x14
 1214 047f 01       		.uleb128 0x1
 1215 0480 52       		.byte	0x52
 1216 0481 01       		.uleb128 0x1
 1217 0482 38       		.byte	0x38
 1218 0483 00       		.byte	0
 1219 0484 1A       		.uleb128 0x1a
 1220 0485 7A000000 		.4byte	.LVL44
 1221 0489 5B020000 		.4byte	0x25b
 1222 048d A9040000 		.4byte	0x4a9
 1223 0491 14       		.uleb128 0x14
 1224 0492 01       		.uleb128 0x1
 1225 0493 50       		.byte	0x50
 1226 0494 05       		.uleb128 0x5
 1227 0495 0C       		.byte	0xc
 1228 0496 22510040 		.4byte	0x40005122
 1229 049a 14       		.uleb128 0x14
 1230 049b 01       		.uleb128 0x1
 1231 049c 51       		.byte	0x51
 1232 049d 05       		.uleb128 0x5
 1233 049e 0C       		.byte	0xc
 1234 049f F4000048 		.4byte	0x480000f4
ARM GAS  C:\Users\Henry\AppData\Local\Temp\ccoR2DNE.s 			page 31


 1235 04a3 14       		.uleb128 0x14
 1236 04a4 01       		.uleb128 0x1
 1237 04a5 52       		.byte	0x52
 1238 04a6 01       		.uleb128 0x1
 1239 04a7 38       		.byte	0x38
 1240 04a8 00       		.byte	0
 1241 04a9 1A       		.uleb128 0x1a
 1242 04aa 84000000 		.4byte	.LVL45
 1243 04ae 5B020000 		.4byte	0x25b
 1244 04b2 CE040000 		.4byte	0x4ce
 1245 04b6 14       		.uleb128 0x14
 1246 04b7 01       		.uleb128 0x1
 1247 04b8 50       		.byte	0x50
 1248 04b9 05       		.uleb128 0x5
 1249 04ba 0C       		.byte	0xc
 1250 04bb 62510040 		.4byte	0x40005162
 1251 04bf 14       		.uleb128 0x14
 1252 04c0 01       		.uleb128 0x1
 1253 04c1 51       		.byte	0x51
 1254 04c2 05       		.uleb128 0x5
 1255 04c3 0C       		.byte	0xc
 1256 04c4 FC000048 		.4byte	0x480000fc
 1257 04c8 14       		.uleb128 0x14
 1258 04c9 01       		.uleb128 0x1
 1259 04ca 52       		.byte	0x52
 1260 04cb 01       		.uleb128 0x1
 1261 04cc 38       		.byte	0x38
 1262 04cd 00       		.byte	0
 1263 04ce 23       		.uleb128 0x23
 1264 04cf 98000000 		.4byte	.LVL46
 1265 04d3 C2020000 		.4byte	0x2c2
 1266 04d7 23       		.uleb128 0x23
 1267 04d8 A6000000 		.4byte	.LVL47
 1268 04dc 05020000 		.4byte	0x205
 1269 04e0 13       		.uleb128 0x13
 1270 04e1 B0000000 		.4byte	.LVL48
 1271 04e5 5B020000 		.4byte	0x25b
 1272 04e9 14       		.uleb128 0x14
 1273 04ea 01       		.uleb128 0x1
 1274 04eb 50       		.byte	0x50
 1275 04ec 05       		.uleb128 0x5
 1276 04ed 0C       		.byte	0xc
 1277 04ee B0430040 		.4byte	0x400043b0
 1278 04f2 14       		.uleb128 0x14
 1279 04f3 01       		.uleb128 0x1
 1280 04f4 51       		.byte	0x51
 1281 04f5 02       		.uleb128 0x2
 1282 04f6 74       		.byte	0x74
 1283 04f7 00       		.sleb128 0
 1284 04f8 14       		.uleb128 0x14
 1285 04f9 01       		.uleb128 0x1
 1286 04fa 52       		.byte	0x52
 1287 04fb 01       		.uleb128 0x1
 1288 04fc 3E       		.byte	0x3e
 1289 04fd 00       		.byte	0
 1290 04fe 00       		.byte	0
 1291 04ff 24       		.uleb128 0x24
ARM GAS  C:\Users\Henry\AppData\Local\Temp\ccoR2DNE.s 			page 32


 1292 0500 73010000 		.4byte	.LASF45
 1293 0504 73010000 		.4byte	.LASF45
 1294 0508 25       		.uleb128 0x25
 1295 0509 4D020000 		.4byte	.LASF47
 1296 050d 4D020000 		.4byte	.LASF47
 1297 0511 04       		.byte	0x4
 1298 0512 77       		.byte	0x77
 1299 0513 24       		.uleb128 0x24
 1300 0514 57020000 		.4byte	.LASF46
 1301 0518 57020000 		.4byte	.LASF46
 1302 051c 25       		.uleb128 0x25
 1303 051d 06000000 		.4byte	.LASF48
 1304 0521 06000000 		.4byte	.LASF48
 1305 0525 04       		.byte	0x4
 1306 0526 79       		.byte	0x79
 1307 0527 00       		.byte	0
 1308              		.section	.debug_abbrev,"",%progbits
 1309              	.Ldebug_abbrev0:
 1310 0000 01       		.uleb128 0x1
 1311 0001 11       		.uleb128 0x11
 1312 0002 01       		.byte	0x1
 1313 0003 25       		.uleb128 0x25
 1314 0004 0E       		.uleb128 0xe
 1315 0005 13       		.uleb128 0x13
 1316 0006 0B       		.uleb128 0xb
 1317 0007 03       		.uleb128 0x3
 1318 0008 0E       		.uleb128 0xe
 1319 0009 1B       		.uleb128 0x1b
 1320 000a 0E       		.uleb128 0xe
 1321 000b 55       		.uleb128 0x55
 1322 000c 17       		.uleb128 0x17
 1323 000d 11       		.uleb128 0x11
 1324 000e 01       		.uleb128 0x1
 1325 000f 10       		.uleb128 0x10
 1326 0010 17       		.uleb128 0x17
 1327 0011 00       		.byte	0
 1328 0012 00       		.byte	0
 1329 0013 02       		.uleb128 0x2
 1330 0014 24       		.uleb128 0x24
 1331 0015 00       		.byte	0
 1332 0016 0B       		.uleb128 0xb
 1333 0017 0B       		.uleb128 0xb
 1334 0018 3E       		.uleb128 0x3e
 1335 0019 0B       		.uleb128 0xb
 1336 001a 03       		.uleb128 0x3
 1337 001b 08       		.uleb128 0x8
 1338 001c 00       		.byte	0
 1339 001d 00       		.byte	0
 1340 001e 03       		.uleb128 0x3
 1341 001f 16       		.uleb128 0x16
 1342 0020 00       		.byte	0
 1343 0021 03       		.uleb128 0x3
 1344 0022 0E       		.uleb128 0xe
 1345 0023 3A       		.uleb128 0x3a
 1346 0024 0B       		.uleb128 0xb
 1347 0025 3B       		.uleb128 0x3b
 1348 0026 0B       		.uleb128 0xb
ARM GAS  C:\Users\Henry\AppData\Local\Temp\ccoR2DNE.s 			page 33


 1349 0027 49       		.uleb128 0x49
 1350 0028 13       		.uleb128 0x13
 1351 0029 00       		.byte	0
 1352 002a 00       		.byte	0
 1353 002b 04       		.uleb128 0x4
 1354 002c 24       		.uleb128 0x24
 1355 002d 00       		.byte	0
 1356 002e 0B       		.uleb128 0xb
 1357 002f 0B       		.uleb128 0xb
 1358 0030 3E       		.uleb128 0x3e
 1359 0031 0B       		.uleb128 0xb
 1360 0032 03       		.uleb128 0x3
 1361 0033 0E       		.uleb128 0xe
 1362 0034 00       		.byte	0
 1363 0035 00       		.byte	0
 1364 0036 05       		.uleb128 0x5
 1365 0037 0F       		.uleb128 0xf
 1366 0038 00       		.byte	0
 1367 0039 0B       		.uleb128 0xb
 1368 003a 0B       		.uleb128 0xb
 1369 003b 00       		.byte	0
 1370 003c 00       		.byte	0
 1371 003d 06       		.uleb128 0x6
 1372 003e 16       		.uleb128 0x16
 1373 003f 00       		.byte	0
 1374 0040 03       		.uleb128 0x3
 1375 0041 0E       		.uleb128 0xe
 1376 0042 3A       		.uleb128 0x3a
 1377 0043 0B       		.uleb128 0xb
 1378 0044 3B       		.uleb128 0x3b
 1379 0045 05       		.uleb128 0x5
 1380 0046 49       		.uleb128 0x49
 1381 0047 13       		.uleb128 0x13
 1382 0048 00       		.byte	0
 1383 0049 00       		.byte	0
 1384 004a 07       		.uleb128 0x7
 1385 004b 35       		.uleb128 0x35
 1386 004c 00       		.byte	0
 1387 004d 49       		.uleb128 0x49
 1388 004e 13       		.uleb128 0x13
 1389 004f 00       		.byte	0
 1390 0050 00       		.byte	0
 1391 0051 08       		.uleb128 0x8
 1392 0052 13       		.uleb128 0x13
 1393 0053 01       		.byte	0x1
 1394 0054 0B       		.uleb128 0xb
 1395 0055 0B       		.uleb128 0xb
 1396 0056 3A       		.uleb128 0x3a
 1397 0057 0B       		.uleb128 0xb
 1398 0058 3B       		.uleb128 0x3b
 1399 0059 0B       		.uleb128 0xb
 1400 005a 01       		.uleb128 0x1
 1401 005b 13       		.uleb128 0x13
 1402 005c 00       		.byte	0
 1403 005d 00       		.byte	0
 1404 005e 09       		.uleb128 0x9
 1405 005f 0D       		.uleb128 0xd
ARM GAS  C:\Users\Henry\AppData\Local\Temp\ccoR2DNE.s 			page 34


 1406 0060 00       		.byte	0
 1407 0061 03       		.uleb128 0x3
 1408 0062 0E       		.uleb128 0xe
 1409 0063 3A       		.uleb128 0x3a
 1410 0064 0B       		.uleb128 0xb
 1411 0065 3B       		.uleb128 0x3b
 1412 0066 0B       		.uleb128 0xb
 1413 0067 49       		.uleb128 0x49
 1414 0068 13       		.uleb128 0x13
 1415 0069 38       		.uleb128 0x38
 1416 006a 0B       		.uleb128 0xb
 1417 006b 00       		.byte	0
 1418 006c 00       		.byte	0
 1419 006d 0A       		.uleb128 0xa
 1420 006e 2E       		.uleb128 0x2e
 1421 006f 01       		.byte	0x1
 1422 0070 03       		.uleb128 0x3
 1423 0071 0E       		.uleb128 0xe
 1424 0072 3A       		.uleb128 0x3a
 1425 0073 0B       		.uleb128 0xb
 1426 0074 3B       		.uleb128 0x3b
 1427 0075 0B       		.uleb128 0xb
 1428 0076 27       		.uleb128 0x27
 1429 0077 19       		.uleb128 0x19
 1430 0078 8701     		.uleb128 0x87
 1431 007a 19       		.uleb128 0x19
 1432 007b 11       		.uleb128 0x11
 1433 007c 01       		.uleb128 0x1
 1434 007d 12       		.uleb128 0x12
 1435 007e 06       		.uleb128 0x6
 1436 007f 40       		.uleb128 0x40
 1437 0080 18       		.uleb128 0x18
 1438 0081 9742     		.uleb128 0x2117
 1439 0083 19       		.uleb128 0x19
 1440 0084 01       		.uleb128 0x1
 1441 0085 13       		.uleb128 0x13
 1442 0086 00       		.byte	0
 1443 0087 00       		.byte	0
 1444 0088 0B       		.uleb128 0xb
 1445 0089 05       		.uleb128 0x5
 1446 008a 00       		.byte	0
 1447 008b 03       		.uleb128 0x3
 1448 008c 0E       		.uleb128 0xe
 1449 008d 3A       		.uleb128 0x3a
 1450 008e 0B       		.uleb128 0xb
 1451 008f 3B       		.uleb128 0x3b
 1452 0090 0B       		.uleb128 0xb
 1453 0091 49       		.uleb128 0x49
 1454 0092 13       		.uleb128 0x13
 1455 0093 02       		.uleb128 0x2
 1456 0094 18       		.uleb128 0x18
 1457 0095 00       		.byte	0
 1458 0096 00       		.byte	0
 1459 0097 0C       		.uleb128 0xc
 1460 0098 2E       		.uleb128 0x2e
 1461 0099 01       		.byte	0x1
 1462 009a 03       		.uleb128 0x3
ARM GAS  C:\Users\Henry\AppData\Local\Temp\ccoR2DNE.s 			page 35


 1463 009b 0E       		.uleb128 0xe
 1464 009c 3A       		.uleb128 0x3a
 1465 009d 0B       		.uleb128 0xb
 1466 009e 3B       		.uleb128 0x3b
 1467 009f 0B       		.uleb128 0xb
 1468 00a0 27       		.uleb128 0x27
 1469 00a1 19       		.uleb128 0x19
 1470 00a2 11       		.uleb128 0x11
 1471 00a3 01       		.uleb128 0x1
 1472 00a4 12       		.uleb128 0x12
 1473 00a5 06       		.uleb128 0x6
 1474 00a6 40       		.uleb128 0x40
 1475 00a7 18       		.uleb128 0x18
 1476 00a8 9742     		.uleb128 0x2117
 1477 00aa 19       		.uleb128 0x19
 1478 00ab 01       		.uleb128 0x1
 1479 00ac 13       		.uleb128 0x13
 1480 00ad 00       		.byte	0
 1481 00ae 00       		.byte	0
 1482 00af 0D       		.uleb128 0xd
 1483 00b0 34       		.uleb128 0x34
 1484 00b1 00       		.byte	0
 1485 00b2 03       		.uleb128 0x3
 1486 00b3 08       		.uleb128 0x8
 1487 00b4 3A       		.uleb128 0x3a
 1488 00b5 0B       		.uleb128 0xb
 1489 00b6 3B       		.uleb128 0x3b
 1490 00b7 0B       		.uleb128 0xb
 1491 00b8 49       		.uleb128 0x49
 1492 00b9 13       		.uleb128 0x13
 1493 00ba 02       		.uleb128 0x2
 1494 00bb 17       		.uleb128 0x17
 1495 00bc 00       		.byte	0
 1496 00bd 00       		.byte	0
 1497 00be 0E       		.uleb128 0xe
 1498 00bf 0B       		.uleb128 0xb
 1499 00c0 01       		.byte	0x1
 1500 00c1 11       		.uleb128 0x11
 1501 00c2 01       		.uleb128 0x1
 1502 00c3 12       		.uleb128 0x12
 1503 00c4 06       		.uleb128 0x6
 1504 00c5 00       		.byte	0
 1505 00c6 00       		.byte	0
 1506 00c7 0F       		.uleb128 0xf
 1507 00c8 34       		.uleb128 0x34
 1508 00c9 00       		.byte	0
 1509 00ca 03       		.uleb128 0x3
 1510 00cb 0E       		.uleb128 0xe
 1511 00cc 3A       		.uleb128 0x3a
 1512 00cd 0B       		.uleb128 0xb
 1513 00ce 3B       		.uleb128 0x3b
 1514 00cf 0B       		.uleb128 0xb
 1515 00d0 49       		.uleb128 0x49
 1516 00d1 13       		.uleb128 0x13
 1517 00d2 02       		.uleb128 0x2
 1518 00d3 17       		.uleb128 0x17
 1519 00d4 00       		.byte	0
ARM GAS  C:\Users\Henry\AppData\Local\Temp\ccoR2DNE.s 			page 36


 1520 00d5 00       		.byte	0
 1521 00d6 10       		.uleb128 0x10
 1522 00d7 0F       		.uleb128 0xf
 1523 00d8 00       		.byte	0
 1524 00d9 0B       		.uleb128 0xb
 1525 00da 0B       		.uleb128 0xb
 1526 00db 49       		.uleb128 0x49
 1527 00dc 13       		.uleb128 0x13
 1528 00dd 00       		.byte	0
 1529 00de 00       		.byte	0
 1530 00df 11       		.uleb128 0x11
 1531 00e0 26       		.uleb128 0x26
 1532 00e1 00       		.byte	0
 1533 00e2 49       		.uleb128 0x49
 1534 00e3 13       		.uleb128 0x13
 1535 00e4 00       		.byte	0
 1536 00e5 00       		.byte	0
 1537 00e6 12       		.uleb128 0x12
 1538 00e7 05       		.uleb128 0x5
 1539 00e8 00       		.byte	0
 1540 00e9 03       		.uleb128 0x3
 1541 00ea 08       		.uleb128 0x8
 1542 00eb 3A       		.uleb128 0x3a
 1543 00ec 0B       		.uleb128 0xb
 1544 00ed 3B       		.uleb128 0x3b
 1545 00ee 0B       		.uleb128 0xb
 1546 00ef 49       		.uleb128 0x49
 1547 00f0 13       		.uleb128 0x13
 1548 00f1 02       		.uleb128 0x2
 1549 00f2 17       		.uleb128 0x17
 1550 00f3 00       		.byte	0
 1551 00f4 00       		.byte	0
 1552 00f5 13       		.uleb128 0x13
 1553 00f6 898201   		.uleb128 0x4109
 1554 00f9 01       		.byte	0x1
 1555 00fa 11       		.uleb128 0x11
 1556 00fb 01       		.uleb128 0x1
 1557 00fc 31       		.uleb128 0x31
 1558 00fd 13       		.uleb128 0x13
 1559 00fe 00       		.byte	0
 1560 00ff 00       		.byte	0
 1561 0100 14       		.uleb128 0x14
 1562 0101 8A8201   		.uleb128 0x410a
 1563 0104 00       		.byte	0
 1564 0105 02       		.uleb128 0x2
 1565 0106 18       		.uleb128 0x18
 1566 0107 9142     		.uleb128 0x2111
 1567 0109 18       		.uleb128 0x18
 1568 010a 00       		.byte	0
 1569 010b 00       		.byte	0
 1570 010c 15       		.uleb128 0x15
 1571 010d 2E       		.uleb128 0x2e
 1572 010e 01       		.byte	0x1
 1573 010f 03       		.uleb128 0x3
 1574 0110 0E       		.uleb128 0xe
 1575 0111 3A       		.uleb128 0x3a
 1576 0112 0B       		.uleb128 0xb
ARM GAS  C:\Users\Henry\AppData\Local\Temp\ccoR2DNE.s 			page 37


 1577 0113 3B       		.uleb128 0x3b
 1578 0114 05       		.uleb128 0x5
 1579 0115 27       		.uleb128 0x27
 1580 0116 19       		.uleb128 0x19
 1581 0117 11       		.uleb128 0x11
 1582 0118 01       		.uleb128 0x1
 1583 0119 12       		.uleb128 0x12
 1584 011a 06       		.uleb128 0x6
 1585 011b 40       		.uleb128 0x40
 1586 011c 18       		.uleb128 0x18
 1587 011d 9742     		.uleb128 0x2117
 1588 011f 19       		.uleb128 0x19
 1589 0120 01       		.uleb128 0x1
 1590 0121 13       		.uleb128 0x13
 1591 0122 00       		.byte	0
 1592 0123 00       		.byte	0
 1593 0124 16       		.uleb128 0x16
 1594 0125 34       		.uleb128 0x34
 1595 0126 00       		.byte	0
 1596 0127 03       		.uleb128 0x3
 1597 0128 0E       		.uleb128 0xe
 1598 0129 3A       		.uleb128 0x3a
 1599 012a 0B       		.uleb128 0xb
 1600 012b 3B       		.uleb128 0x3b
 1601 012c 05       		.uleb128 0x5
 1602 012d 49       		.uleb128 0x49
 1603 012e 13       		.uleb128 0x13
 1604 012f 02       		.uleb128 0x2
 1605 0130 17       		.uleb128 0x17
 1606 0131 00       		.byte	0
 1607 0132 00       		.byte	0
 1608 0133 17       		.uleb128 0x17
 1609 0134 34       		.uleb128 0x34
 1610 0135 00       		.byte	0
 1611 0136 03       		.uleb128 0x3
 1612 0137 08       		.uleb128 0x8
 1613 0138 3A       		.uleb128 0x3a
 1614 0139 0B       		.uleb128 0xb
 1615 013a 3B       		.uleb128 0x3b
 1616 013b 05       		.uleb128 0x5
 1617 013c 49       		.uleb128 0x49
 1618 013d 13       		.uleb128 0x13
 1619 013e 02       		.uleb128 0x2
 1620 013f 17       		.uleb128 0x17
 1621 0140 00       		.byte	0
 1622 0141 00       		.byte	0
 1623 0142 18       		.uleb128 0x18
 1624 0143 05       		.uleb128 0x5
 1625 0144 00       		.byte	0
 1626 0145 03       		.uleb128 0x3
 1627 0146 0E       		.uleb128 0xe
 1628 0147 3A       		.uleb128 0x3a
 1629 0148 0B       		.uleb128 0xb
 1630 0149 3B       		.uleb128 0x3b
 1631 014a 0B       		.uleb128 0xb
 1632 014b 49       		.uleb128 0x49
 1633 014c 13       		.uleb128 0x13
ARM GAS  C:\Users\Henry\AppData\Local\Temp\ccoR2DNE.s 			page 38


 1634 014d 02       		.uleb128 0x2
 1635 014e 17       		.uleb128 0x17
 1636 014f 00       		.byte	0
 1637 0150 00       		.byte	0
 1638 0151 19       		.uleb128 0x19
 1639 0152 26       		.uleb128 0x26
 1640 0153 00       		.byte	0
 1641 0154 00       		.byte	0
 1642 0155 00       		.byte	0
 1643 0156 1A       		.uleb128 0x1a
 1644 0157 898201   		.uleb128 0x4109
 1645 015a 01       		.byte	0x1
 1646 015b 11       		.uleb128 0x11
 1647 015c 01       		.uleb128 0x1
 1648 015d 31       		.uleb128 0x31
 1649 015e 13       		.uleb128 0x13
 1650 015f 01       		.uleb128 0x1
 1651 0160 13       		.uleb128 0x13
 1652 0161 00       		.byte	0
 1653 0162 00       		.byte	0
 1654 0163 1B       		.uleb128 0x1b
 1655 0164 2E       		.uleb128 0x2e
 1656 0165 01       		.byte	0x1
 1657 0166 3F       		.uleb128 0x3f
 1658 0167 19       		.uleb128 0x19
 1659 0168 03       		.uleb128 0x3
 1660 0169 0E       		.uleb128 0xe
 1661 016a 3A       		.uleb128 0x3a
 1662 016b 0B       		.uleb128 0xb
 1663 016c 3B       		.uleb128 0x3b
 1664 016d 05       		.uleb128 0x5
 1665 016e 27       		.uleb128 0x27
 1666 016f 19       		.uleb128 0x19
 1667 0170 11       		.uleb128 0x11
 1668 0171 01       		.uleb128 0x1
 1669 0172 12       		.uleb128 0x12
 1670 0173 06       		.uleb128 0x6
 1671 0174 40       		.uleb128 0x40
 1672 0175 18       		.uleb128 0x18
 1673 0176 9742     		.uleb128 0x2117
 1674 0178 19       		.uleb128 0x19
 1675 0179 01       		.uleb128 0x1
 1676 017a 13       		.uleb128 0x13
 1677 017b 00       		.byte	0
 1678 017c 00       		.byte	0
 1679 017d 1C       		.uleb128 0x1c
 1680 017e 05       		.uleb128 0x5
 1681 017f 00       		.byte	0
 1682 0180 03       		.uleb128 0x3
 1683 0181 0E       		.uleb128 0xe
 1684 0182 3A       		.uleb128 0x3a
 1685 0183 0B       		.uleb128 0xb
 1686 0184 3B       		.uleb128 0x3b
 1687 0185 05       		.uleb128 0x5
 1688 0186 49       		.uleb128 0x49
 1689 0187 13       		.uleb128 0x13
 1690 0188 02       		.uleb128 0x2
ARM GAS  C:\Users\Henry\AppData\Local\Temp\ccoR2DNE.s 			page 39


 1691 0189 18       		.uleb128 0x18
 1692 018a 00       		.byte	0
 1693 018b 00       		.byte	0
 1694 018c 1D       		.uleb128 0x1d
 1695 018d 34       		.uleb128 0x34
 1696 018e 00       		.byte	0
 1697 018f 03       		.uleb128 0x3
 1698 0190 0E       		.uleb128 0xe
 1699 0191 3A       		.uleb128 0x3a
 1700 0192 0B       		.uleb128 0xb
 1701 0193 3B       		.uleb128 0x3b
 1702 0194 05       		.uleb128 0x5
 1703 0195 49       		.uleb128 0x49
 1704 0196 13       		.uleb128 0x13
 1705 0197 02       		.uleb128 0x2
 1706 0198 18       		.uleb128 0x18
 1707 0199 00       		.byte	0
 1708 019a 00       		.byte	0
 1709 019b 1E       		.uleb128 0x1e
 1710 019c 0B       		.uleb128 0xb
 1711 019d 01       		.byte	0x1
 1712 019e 11       		.uleb128 0x11
 1713 019f 01       		.uleb128 0x1
 1714 01a0 12       		.uleb128 0x12
 1715 01a1 06       		.uleb128 0x6
 1716 01a2 01       		.uleb128 0x1
 1717 01a3 13       		.uleb128 0x13
 1718 01a4 00       		.byte	0
 1719 01a5 00       		.byte	0
 1720 01a6 1F       		.uleb128 0x1f
 1721 01a7 13       		.uleb128 0x13
 1722 01a8 01       		.byte	0x1
 1723 01a9 0B       		.uleb128 0xb
 1724 01aa 0B       		.uleb128 0xb
 1725 01ab 3A       		.uleb128 0x3a
 1726 01ac 0B       		.uleb128 0xb
 1727 01ad 3B       		.uleb128 0x3b
 1728 01ae 05       		.uleb128 0x5
 1729 01af 01       		.uleb128 0x1
 1730 01b0 13       		.uleb128 0x13
 1731 01b1 00       		.byte	0
 1732 01b2 00       		.byte	0
 1733 01b3 20       		.uleb128 0x20
 1734 01b4 0D       		.uleb128 0xd
 1735 01b5 00       		.byte	0
 1736 01b6 03       		.uleb128 0x3
 1737 01b7 0E       		.uleb128 0xe
 1738 01b8 3A       		.uleb128 0x3a
 1739 01b9 0B       		.uleb128 0xb
 1740 01ba 3B       		.uleb128 0x3b
 1741 01bb 05       		.uleb128 0x5
 1742 01bc 49       		.uleb128 0x49
 1743 01bd 13       		.uleb128 0x13
 1744 01be 38       		.uleb128 0x38
 1745 01bf 0B       		.uleb128 0xb
 1746 01c0 00       		.byte	0
 1747 01c1 00       		.byte	0
ARM GAS  C:\Users\Henry\AppData\Local\Temp\ccoR2DNE.s 			page 40


 1748 01c2 21       		.uleb128 0x21
 1749 01c3 01       		.uleb128 0x1
 1750 01c4 01       		.byte	0x1
 1751 01c5 49       		.uleb128 0x49
 1752 01c6 13       		.uleb128 0x13
 1753 01c7 01       		.uleb128 0x1
 1754 01c8 13       		.uleb128 0x13
 1755 01c9 00       		.byte	0
 1756 01ca 00       		.byte	0
 1757 01cb 22       		.uleb128 0x22
 1758 01cc 21       		.uleb128 0x21
 1759 01cd 00       		.byte	0
 1760 01ce 49       		.uleb128 0x49
 1761 01cf 13       		.uleb128 0x13
 1762 01d0 2F       		.uleb128 0x2f
 1763 01d1 0B       		.uleb128 0xb
 1764 01d2 00       		.byte	0
 1765 01d3 00       		.byte	0
 1766 01d4 23       		.uleb128 0x23
 1767 01d5 898201   		.uleb128 0x4109
 1768 01d8 00       		.byte	0
 1769 01d9 11       		.uleb128 0x11
 1770 01da 01       		.uleb128 0x1
 1771 01db 31       		.uleb128 0x31
 1772 01dc 13       		.uleb128 0x13
 1773 01dd 00       		.byte	0
 1774 01de 00       		.byte	0
 1775 01df 24       		.uleb128 0x24
 1776 01e0 2E       		.uleb128 0x2e
 1777 01e1 00       		.byte	0
 1778 01e2 3F       		.uleb128 0x3f
 1779 01e3 19       		.uleb128 0x19
 1780 01e4 3C       		.uleb128 0x3c
 1781 01e5 19       		.uleb128 0x19
 1782 01e6 6E       		.uleb128 0x6e
 1783 01e7 0E       		.uleb128 0xe
 1784 01e8 03       		.uleb128 0x3
 1785 01e9 0E       		.uleb128 0xe
 1786 01ea 00       		.byte	0
 1787 01eb 00       		.byte	0
 1788 01ec 25       		.uleb128 0x25
 1789 01ed 2E       		.uleb128 0x2e
 1790 01ee 00       		.byte	0
 1791 01ef 3F       		.uleb128 0x3f
 1792 01f0 19       		.uleb128 0x19
 1793 01f1 3C       		.uleb128 0x3c
 1794 01f2 19       		.uleb128 0x19
 1795 01f3 6E       		.uleb128 0x6e
 1796 01f4 0E       		.uleb128 0xe
 1797 01f5 03       		.uleb128 0x3
 1798 01f6 0E       		.uleb128 0xe
 1799 01f7 3A       		.uleb128 0x3a
 1800 01f8 0B       		.uleb128 0xb
 1801 01f9 3B       		.uleb128 0x3b
 1802 01fa 0B       		.uleb128 0xb
 1803 01fb 00       		.byte	0
 1804 01fc 00       		.byte	0
ARM GAS  C:\Users\Henry\AppData\Local\Temp\ccoR2DNE.s 			page 41


 1805 01fd 00       		.byte	0
 1806              		.section	.debug_loc,"",%progbits
 1807              	.Ldebug_loc0:
 1808              	.LLST0:
 1809 0000 02000000 		.4byte	.LVL2
 1810 0004 08000000 		.4byte	.LVL3
 1811 0008 0200     		.2byte	0x2
 1812 000a 30       		.byte	0x30
 1813 000b 9F       		.byte	0x9f
 1814 000c 08000000 		.4byte	.LVL3
 1815 0010 32000000 		.4byte	.LVL11
 1816 0014 0100     		.2byte	0x1
 1817 0016 57       		.byte	0x57
 1818 0017 00000000 		.4byte	0
 1819 001b 00000000 		.4byte	0
 1820              	.LLST1:
 1821 001f 02000000 		.4byte	.LVL2
 1822 0023 08000000 		.4byte	.LVL3
 1823 0027 0200     		.2byte	0x2
 1824 0029 30       		.byte	0x30
 1825 002a 9F       		.byte	0x9f
 1826 002b 08000000 		.4byte	.LVL3
 1827 002f 34000000 		.4byte	.LFE4
 1828 0033 0100     		.2byte	0x1
 1829 0035 52       		.byte	0x52
 1830 0036 00000000 		.4byte	0
 1831 003a 00000000 		.4byte	0
 1832              	.LLST2:
 1833 003e 0C000000 		.4byte	.LVL4
 1834 0042 2C000000 		.4byte	.LVL10
 1835 0046 0100     		.2byte	0x1
 1836 0048 56       		.byte	0x56
 1837 0049 00000000 		.4byte	0
 1838 004d 00000000 		.4byte	0
 1839              	.LLST3:
 1840 0051 0E000000 		.4byte	.LVL5
 1841 0055 24000000 		.4byte	.LVL8
 1842 0059 0100     		.2byte	0x1
 1843 005b 53       		.byte	0x53
 1844 005c 26000000 		.4byte	.LVL9
 1845 0060 2C000000 		.4byte	.LVL10
 1846 0064 0100     		.2byte	0x1
 1847 0066 53       		.byte	0x53
 1848 0067 00000000 		.4byte	0
 1849 006b 00000000 		.4byte	0
 1850              	.LLST4:
 1851 006f 00000000 		.4byte	.LVL12
 1852 0073 09000000 		.4byte	.LVL14-1
 1853 0077 0100     		.2byte	0x1
 1854 0079 50       		.byte	0x50
 1855 007a 09000000 		.4byte	.LVL14-1
 1856 007e 0C000000 		.4byte	.LFE0
 1857 0082 0400     		.2byte	0x4
 1858 0084 F3       		.byte	0xf3
 1859 0085 01       		.uleb128 0x1
 1860 0086 50       		.byte	0x50
 1861 0087 9F       		.byte	0x9f
ARM GAS  C:\Users\Henry\AppData\Local\Temp\ccoR2DNE.s 			page 42


 1862 0088 00000000 		.4byte	0
 1863 008c 00000000 		.4byte	0
 1864              	.LLST5:
 1865 0090 00000000 		.4byte	.LVL12
 1866 0094 06000000 		.4byte	.LVL13
 1867 0098 0100     		.2byte	0x1
 1868 009a 51       		.byte	0x51
 1869 009b 06000000 		.4byte	.LVL13
 1870 009f 09000000 		.4byte	.LVL14-1
 1871 00a3 0100     		.2byte	0x1
 1872 00a5 52       		.byte	0x52
 1873 00a6 09000000 		.4byte	.LVL14-1
 1874 00aa 0C000000 		.4byte	.LFE0
 1875 00ae 0400     		.2byte	0x4
 1876 00b0 F3       		.byte	0xf3
 1877 00b1 01       		.uleb128 0x1
 1878 00b2 51       		.byte	0x51
 1879 00b3 9F       		.byte	0x9f
 1880 00b4 00000000 		.4byte	0
 1881 00b8 00000000 		.4byte	0
 1882              	.LLST6:
 1883 00bc 08000000 		.4byte	.LVL15
 1884 00c0 1E000000 		.4byte	.LVL18
 1885 00c4 0100     		.2byte	0x1
 1886 00c6 53       		.byte	0x53
 1887 00c7 00000000 		.4byte	0
 1888 00cb 00000000 		.4byte	0
 1889              	.LLST7:
 1890 00cf 0E000000 		.4byte	.LVL16
 1891 00d3 5C000000 		.4byte	.LVL20
 1892 00d7 0100     		.2byte	0x1
 1893 00d9 54       		.byte	0x54
 1894 00da 00000000 		.4byte	0
 1895 00de 00000000 		.4byte	0
 1896              	.LLST8:
 1897 00e2 14000000 		.4byte	.LVL17
 1898 00e6 5C000000 		.4byte	.LVL20
 1899 00ea 0100     		.2byte	0x1
 1900 00ec 55       		.byte	0x55
 1901 00ed 00000000 		.4byte	0
 1902 00f1 00000000 		.4byte	0
 1903              	.LLST9:
 1904 00f5 00000000 		.4byte	.LVL21
 1905 00f9 05000000 		.4byte	.LVL22-1
 1906 00fd 0100     		.2byte	0x1
 1907 00ff 50       		.byte	0x50
 1908 0100 05000000 		.4byte	.LVL22-1
 1909 0104 08000000 		.4byte	.LFE1
 1910 0108 0400     		.2byte	0x4
 1911 010a F3       		.byte	0xf3
 1912 010b 01       		.uleb128 0x1
 1913 010c 50       		.byte	0x50
 1914 010d 9F       		.byte	0x9f
 1915 010e 00000000 		.4byte	0
 1916 0112 00000000 		.4byte	0
 1917              	.LLST10:
 1918 0116 00000000 		.4byte	.LVL21
ARM GAS  C:\Users\Henry\AppData\Local\Temp\ccoR2DNE.s 			page 43


 1919 011a 05000000 		.4byte	.LVL22-1
 1920 011e 0100     		.2byte	0x1
 1921 0120 51       		.byte	0x51
 1922 0121 05000000 		.4byte	.LVL22-1
 1923 0125 08000000 		.4byte	.LFE1
 1924 0129 0400     		.2byte	0x4
 1925 012b F3       		.byte	0xf3
 1926 012c 01       		.uleb128 0x1
 1927 012d 51       		.byte	0x51
 1928 012e 9F       		.byte	0x9f
 1929 012f 00000000 		.4byte	0
 1930 0133 00000000 		.4byte	0
 1931              	.LLST11:
 1932 0137 00000000 		.4byte	.LVL21
 1933 013b 05000000 		.4byte	.LVL22-1
 1934 013f 0100     		.2byte	0x1
 1935 0141 52       		.byte	0x52
 1936 0142 05000000 		.4byte	.LVL22-1
 1937 0146 08000000 		.4byte	.LFE1
 1938 014a 0400     		.2byte	0x4
 1939 014c F3       		.byte	0xf3
 1940 014d 01       		.uleb128 0x1
 1941 014e 52       		.byte	0x52
 1942 014f 9F       		.byte	0x9f
 1943 0150 00000000 		.4byte	0
 1944 0154 00000000 		.4byte	0
 1945              	.LLST12:
 1946 0158 46000000 		.4byte	.LVL24
 1947 015c 4C000000 		.4byte	.LVL25
 1948 0160 0200     		.2byte	0x2
 1949 0162 49       		.byte	0x49
 1950 0163 9F       		.byte	0x9f
 1951 0164 4C000000 		.4byte	.LVL25
 1952 0168 BA000000 		.4byte	.LVL31
 1953 016c 0100     		.2byte	0x1
 1954 016e 55       		.byte	0x55
 1955 016f 00000000 		.4byte	0
 1956 0173 00000000 		.4byte	0
 1957              	.LLST13:
 1958 0177 46000000 		.4byte	.LVL24
 1959 017b 4C000000 		.4byte	.LVL25
 1960 017f 0200     		.2byte	0x2
 1961 0181 30       		.byte	0x30
 1962 0182 9F       		.byte	0x9f
 1963 0183 4C000000 		.4byte	.LVL25
 1964 0187 58000000 		.4byte	.LVL26
 1965 018b 0100     		.2byte	0x1
 1966 018d 54       		.byte	0x54
 1967 018e 5C000000 		.4byte	.LVL27
 1968 0192 BA000000 		.4byte	.LVL31
 1969 0196 0100     		.2byte	0x1
 1970 0198 54       		.byte	0x54
 1971 0199 00000000 		.4byte	0
 1972 019d 00000000 		.4byte	0
 1973              	.LLST14:
 1974 01a1 0E000000 		.4byte	.LVL36
 1975 01a5 12000000 		.4byte	.LVL37
ARM GAS  C:\Users\Henry\AppData\Local\Temp\ccoR2DNE.s 			page 44


 1976 01a9 0200     		.2byte	0x2
 1977 01ab 30       		.byte	0x30
 1978 01ac 9F       		.byte	0x9f
 1979 01ad 12000000 		.4byte	.LVL37
 1980 01b1 2A000000 		.4byte	.LVL39
 1981 01b5 0100     		.2byte	0x1
 1982 01b7 54       		.byte	0x54
 1983 01b8 2C000000 		.4byte	.LVL40
 1984 01bc 50000000 		.4byte	.LVL42
 1985 01c0 0100     		.2byte	0x1
 1986 01c2 54       		.byte	0x54
 1987 01c3 00000000 		.4byte	0
 1988 01c7 00000000 		.4byte	0
 1989              	.LLST15:
 1990 01cb 12000000 		.4byte	.LVL37
 1991 01cf 2A000000 		.4byte	.LVL39
 1992 01d3 0B00     		.2byte	0xb
 1993 01d5 74       		.byte	0x74
 1994 01d6 00       		.sleb128 0
 1995 01d7 36       		.byte	0x36
 1996 01d8 1E       		.byte	0x1e
 1997 01d9 03       		.byte	0x3
 1998 01da 00000000 		.4byte	cfg_memset_list.5015
 1999 01de 22       		.byte	0x22
 2000 01df 9F       		.byte	0x9f
 2001 01e0 2A000000 		.4byte	.LVL39
 2002 01e4 2C000000 		.4byte	.LVL40
 2003 01e8 0B00     		.2byte	0xb
 2004 01ea 74       		.byte	0x74
 2005 01eb 7F       		.sleb128 -1
 2006 01ec 36       		.byte	0x36
 2007 01ed 1E       		.byte	0x1e
 2008 01ee 03       		.byte	0x3
 2009 01ef 00000000 		.4byte	cfg_memset_list.5015
 2010 01f3 22       		.byte	0x22
 2011 01f4 9F       		.byte	0x9f
 2012 01f5 00000000 		.4byte	0
 2013 01f9 00000000 		.4byte	0
 2014              		.section	.debug_aranges,"",%progbits
 2015 0000 54000000 		.4byte	0x54
 2016 0004 0200     		.2byte	0x2
 2017 0006 00000000 		.4byte	.Ldebug_info0
 2018 000a 04       		.byte	0x4
 2019 000b 00       		.byte	0
 2020 000c 0000     		.2byte	0
 2021 000e 0000     		.2byte	0
 2022 0010 00000000 		.4byte	.LFB3
 2023 0014 02000000 		.4byte	.LFE3-.LFB3
 2024 0018 00000000 		.4byte	.LFB4
 2025 001c 34000000 		.4byte	.LFE4-.LFB4
 2026 0020 00000000 		.4byte	.LFB0
 2027 0024 0C000000 		.4byte	.LFE0-.LFB0
 2028 0028 00000000 		.4byte	.LFB6
 2029 002c 78000000 		.4byte	.LFE6-.LFB6
 2030 0030 00000000 		.4byte	.LFB1
 2031 0034 08000000 		.4byte	.LFE1-.LFB1
 2032 0038 00000000 		.4byte	.LFB5
ARM GAS  C:\Users\Henry\AppData\Local\Temp\ccoR2DNE.s 			page 45


 2033 003c E8000000 		.4byte	.LFE5-.LFB5
 2034 0040 00000000 		.4byte	.LFB7
 2035 0044 1C000000 		.4byte	.LFE7-.LFB7
 2036 0048 00000000 		.4byte	.LFB8
 2037 004c F0000000 		.4byte	.LFE8-.LFB8
 2038 0050 00000000 		.4byte	0
 2039 0054 00000000 		.4byte	0
 2040              		.section	.debug_ranges,"",%progbits
 2041              	.Ldebug_ranges0:
 2042 0000 00000000 		.4byte	.LFB3
 2043 0004 02000000 		.4byte	.LFE3
 2044 0008 00000000 		.4byte	.LFB4
 2045 000c 34000000 		.4byte	.LFE4
 2046 0010 00000000 		.4byte	.LFB0
 2047 0014 0C000000 		.4byte	.LFE0
 2048 0018 00000000 		.4byte	.LFB6
 2049 001c 78000000 		.4byte	.LFE6
 2050 0020 00000000 		.4byte	.LFB1
 2051 0024 08000000 		.4byte	.LFE1
 2052 0028 00000000 		.4byte	.LFB5
 2053 002c E8000000 		.4byte	.LFE5
 2054 0030 00000000 		.4byte	.LFB7
 2055 0034 1C000000 		.4byte	.LFE7
 2056 0038 00000000 		.4byte	.LFB8
 2057 003c F0000000 		.4byte	.LFE8
 2058 0040 00000000 		.4byte	0
 2059 0044 00000000 		.4byte	0
 2060              		.section	.debug_line,"",%progbits
 2061              	.Ldebug_line0:
 2062 0000 E4010000 		.section	.debug_str,"MS",%progbits,1
 2062      0200D600 
 2062      00000201 
 2062      FB0E0D00 
 2062      01010101 
 2063              	.LASF19:
 2064 0000 72656731 		.ascii	"reg16\000"
 2064      3600
 2065              	.LASF48:
 2066 0006 43794465 		.ascii	"CyDelayCycles\000"
 2066      6C617943 
 2066      79636C65 
 2066      7300
 2067              	.LASF18:
 2068 0014 72656738 		.ascii	"reg8\000"
 2068      00
 2069              	.LASF12:
 2070 0019 73697A65 		.ascii	"size_t\000"
 2070      5F7400
 2071              	.LASF30:
 2072 0020 416E616C 		.ascii	"AnalogSetDefault\000"
 2072      6F675365 
 2072      74446566 
 2072      61756C74 
 2072      00
 2073              	.LASF35:
 2074 0031 74696D65 		.ascii	"timeout\000"
 2074      6F757400 
ARM GAS  C:\Users\Henry\AppData\Local\Temp\ccoR2DNE.s 			page 46


 2075              	.LASF21:
 2076 0039 76616C75 		.ascii	"value\000"
 2076      6500
 2077              	.LASF27:
 2078 003f 636F756E 		.ascii	"count\000"
 2078      7400
 2079              	.LASF34:
 2080 0045 436C6F63 		.ascii	"ClockSetup\000"
 2080      6B536574 
 2080      757000
 2081              	.LASF6:
 2082 0050 73686F72 		.ascii	"short unsigned int\000"
 2082      7420756E 
 2082      7369676E 
 2082      65642069 
 2082      6E7400
 2083              	.LASF36:
 2084 0063 706C6C4C 		.ascii	"pllLock\000"
 2084      6F636B00 
 2085              	.LASF16:
 2086 006b 666C6F61 		.ascii	"float\000"
 2086      7400
 2087              	.LASF52:
 2088 0071 4379436C 		.ascii	"CyClockStartupError\000"
 2088      6F636B53 
 2088      74617274 
 2088      75704572 
 2088      726F7200 
 2089              	.LASF33:
 2090 0085 64657374 		.ascii	"dest\000"
 2090      00
 2091              	.LASF44:
 2092 008a 6366675F 		.ascii	"cfg_memset_list\000"
 2092      6D656D73 
 2092      65745F6C 
 2092      69737400 
 2093              	.LASF42:
 2094 009a 73697A65 		.ascii	"size\000"
 2094      00
 2095              	.LASF49:
 2096 009f 474E5520 		.ascii	"GNU C11 5.4.1 20160609 (release) [ARM/embedded-5-br"
 2096      43313120 
 2096      352E342E 
 2096      31203230 
 2096      31363036 
 2097 00d2 616E6368 		.ascii	"anch revision 237715] -mcpu=cortex-m3 -mthumb -g -O"
 2097      20726576 
 2097      6973696F 
 2097      6E203233 
 2097      37373135 
 2098 0105 67202D66 		.ascii	"g -ffunction-sections -ffat-lto-objects\000"
 2098      66756E63 
 2098      74696F6E 
 2098      2D736563 
 2098      74696F6E 
 2099              	.LASF8:
 2100 012d 6C6F6E67 		.ascii	"long unsigned int\000"
ARM GAS  C:\Users\Henry\AppData\Local\Temp\ccoR2DNE.s 			page 47


 2100      20756E73 
 2100      69676E65 
 2100      6420696E 
 2100      7400
 2101              	.LASF13:
 2102 013f 75696E74 		.ascii	"uint8\000"
 2102      3800
 2103              	.LASF29:
 2104 0145 43594D45 		.ascii	"CYMEMZERO\000"
 2104      4D5A4552 
 2104      4F00
 2105              	.LASF39:
 2106 014f 53657441 		.ascii	"SetAnalogRoutingPumps\000"
 2106      6E616C6F 
 2106      67526F75 
 2106      74696E67 
 2106      50756D70 
 2107              	.LASF4:
 2108 0165 756E7369 		.ascii	"unsigned char\000"
 2108      676E6564 
 2108      20636861 
 2108      7200
 2109              	.LASF45:
 2110 0173 6D656D73 		.ascii	"memset\000"
 2110      657400
 2111              	.LASF17:
 2112 017a 646F7562 		.ascii	"double\000"
 2112      6C6500
 2113              	.LASF28:
 2114 0181 6366675F 		.ascii	"cfg_write_bytes32\000"
 2114      77726974 
 2114      655F6279 
 2114      74657333 
 2114      3200
 2115              	.LASF40:
 2116 0193 63796669 		.ascii	"cyfitter_cfg\000"
 2116      74746572 
 2116      5F636667 
 2116      00
 2117              	.LASF24:
 2118 01a0 61646472 		.ascii	"addr_table\000"
 2118      5F746162 
 2118      6C6500
 2119              	.LASF14:
 2120 01ab 75696E74 		.ascii	"uint16\000"
 2120      313600
 2121              	.LASF25:
 2122 01b2 64617461 		.ascii	"data_table\000"
 2122      5F746162 
 2122      6C6500
 2123              	.LASF23:
 2124 01bd 6572726F 		.ascii	"errorCode\000"
 2124      72436F64 
 2124      6500
 2125              	.LASF15:
 2126 01c7 75696E74 		.ascii	"uint32\000"
 2126      333200
ARM GAS  C:\Users\Henry\AppData\Local\Temp\ccoR2DNE.s 			page 48


 2127              	.LASF0:
 2128 01ce 756E7369 		.ascii	"unsigned int\000"
 2128      676E6564 
 2128      20696E74 
 2128      00
 2129              	.LASF41:
 2130 01db 61646472 		.ascii	"address\000"
 2130      65737300 
 2131              	.LASF9:
 2132 01e3 6C6F6E67 		.ascii	"long long unsigned int\000"
 2132      206C6F6E 
 2132      6720756E 
 2132      7369676E 
 2132      65642069 
 2133              	.LASF43:
 2134 01fa 6366675F 		.ascii	"cfg_memset_t\000"
 2134      6D656D73 
 2134      65745F74 
 2134      00
 2135              	.LASF26:
 2136 0207 62617365 		.ascii	"baseAddr\000"
 2136      41646472 
 2136      00
 2137              	.LASF10:
 2138 0210 73697A65 		.ascii	"sizetype\000"
 2138      74797065 
 2138      00
 2139              	.LASF1:
 2140 0219 6C6F6E67 		.ascii	"long long int\000"
 2140      206C6F6E 
 2140      6720696E 
 2140      7400
 2141              	.LASF50:
 2142 0227 47656E65 		.ascii	"Generated_Source\\PSoC5\\cyfitter_cfg.c\000"
 2142      72617465 
 2142      645F536F 
 2142      75726365 
 2142      5C50536F 
 2143              	.LASF47:
 2144 024d 43794465 		.ascii	"CyDelayUs\000"
 2144      6C617955 
 2144      7300
 2145              	.LASF46:
 2146 0257 6D656D63 		.ascii	"memcpy\000"
 2146      707900
 2147              	.LASF22:
 2148 025e 63795F63 		.ascii	"cy_cfg_addrvalue_t\000"
 2148      66675F61 
 2148      64647276 
 2148      616C7565 
 2148      5F7400
 2149              	.LASF20:
 2150 0271 6F666673 		.ascii	"offset\000"
 2150      657400
 2151              	.LASF5:
 2152 0278 73686F72 		.ascii	"short int\000"
 2152      7420696E 
ARM GAS  C:\Users\Henry\AppData\Local\Temp\ccoR2DNE.s 			page 49


 2152      7400
 2153              	.LASF37:
 2154 0282 656E6162 		.ascii	"enabled\000"
 2154      6C656400 
 2155              	.LASF7:
 2156 028a 6C6F6E67 		.ascii	"long int\000"
 2156      20696E74 
 2156      00
 2157              	.LASF11:
 2158 0293 63686172 		.ascii	"char\000"
 2158      00
 2159              	.LASF51:
 2160 0298 433A5C55 		.ascii	"C:\\Users\\Henry\\Documents\\PSoC Creator\\Ej1\\Ej4"
 2160      73657273 
 2160      5C48656E 
 2160      72795C44 
 2160      6F63756D 
 2161 02c5 2E637964 		.ascii	".cydsn\000"
 2161      736E00
 2162              	.LASF2:
 2163 02cc 6C6F6E67 		.ascii	"long double\000"
 2163      20646F75 
 2163      626C6500 
 2164              	.LASF31:
 2165 02d8 62675F78 		.ascii	"bg_xover_inl_trim\000"
 2165      6F766572 
 2165      5F696E6C 
 2165      5F747269 
 2165      6D00
 2166              	.LASF3:
 2167 02ea 7369676E 		.ascii	"signed char\000"
 2167      65642063 
 2167      68617200 
 2168              	.LASF38:
 2169 02f6 72656756 		.ascii	"regValue\000"
 2169      616C7565 
 2169      00
 2170              	.LASF32:
 2171 02ff 4359434F 		.ascii	"CYCONFIGCPY\000"
 2171      4E464947 
 2171      43505900 
 2172              		.ident	"GCC: (GNU Tools for ARM Embedded Processors) 5.4.1 20160609 (release) [ARM/embedded-5-bran
